key,kind,url,status,video_path,meta_path,duration,like_count,comment_count,view_count,caption_len,error,fetched_at
cdn_06f37cf73d3f,cdn,"https://scontent-cgk2-1.cdninstagram.com/o1/v/t2/f2/m86/AQOMYQcCHV4QdbOmBS5HRlSW2lQ1CFvd8woHXJRgkxqbmVE9OoY94Q9uRXyl9_83IidjDBhlMLdAa28OKim1540RDyG5MRleZZkUMHI.mp4?_nc_cat=104&_nc_sid=5e9851&_nc_ht=scontent-cgk2-1.cdninstagram.com&_nc_ohc=oUGLArCu60kQ7kNvwGRh0-z&efg=eyJ2ZW5jb2RlX3RhZyI6Inhwdl9wcm9ncmVzc2l2ZS5JTlNUQUdSQU0uQ0xJUFMuQzMuNzIwLmRhc2hfYmFzZWxpbmVfMV92MSIsInhwdl9hc3NldF9pZCI6NjU2NzM5OTgwMTAxOTkwLCJ2aV91c2VjYXNlX2lkIjoxMDA5OSwiZHVyYXRpb25fcyI6MTQsInVybGdlbl9zb3VyY2UiOiJ3d3cifQ%3D%3D&ccb=17-1&vs=efa66f112f8fc0a6&_nc_vs=HBksFQIYUmlnX3hwdl9yZWVsc19wZXJtYW5lbnRfc3JfcHJvZC85RjQ4MkNFRUNENUI0MDA5RkQ1MjFGRjZFRTg0ODFCQ192aWRlb19kYXNoaW5pdC5tcDQVAALIARIAFQIYOnBhc3N0aHJvdWdoX2V2ZXJzdG9yZS9HQkJHVng5YU5DRUdFd0JaQUpFaUR4TldRc3BqYnFfRUFBQUYVAgLIARIAKAAYABsCiAd1c2Vfb2lsATEScHJvZ3Jlc3NpdmVfcmVjaXBlATEVAAAmzKXKk6bTqgIVAigCQzMsF0As7peNT987GBJkYXNoX2Jhc2VsaW5lXzFfdjERAHX-B2XmnQEA&_nc_gid=yIY0ergPnOKuwJYHshc1MQ&_nc_zt=28&oh=00_AfV3yQfi4XzODc2wuWhBn7C3cxJj661L2GewUicKLUPGmQ&oe=689B6C0D, https://scontent-cgk2-1.cdninstagram.com/o1/v/t2/f2/m86/AQOMYQcCHV4QdbOmBS5HRlSW2lQ1CFvd8woHXJRgkxqbmVE9OoY94Q9uRXyl9_83IidjDBhlMLdAa28OKim1540RDyG5MRleZZkUMHI.mp4?_nc_cat=104&_nc_sid=5e9851&_nc_ht=scontent-cgk2-1.cdninstagram.com&_nc_ohc=oUGLArCu60kQ7kNvwGRh0-z&efg=eyJ2ZW5jb2RlX3RhZyI6Inhwdl9wcm9ncmVzc2l2ZS5JTlNUQUdSQU0uQ0xJUFMuQzMuNzIwLmRhc2hfYmFzZWxpbmVfMV92MSIsInhwdl9hc3NldF9pZCI6NjU2NzM5OTgwMTAxOTkwLCJ2aV91c2VjYXNlX2lkIjoxMDA5OSwiZHVyYXRpb25fcyI6MTQsInVybGdlbl9zb3VyY2UiOiJ3d3cifQ%3D%3D&ccb=17-1&vs=efa66f112f8fc0a6&_nc_vs=HBksFQIYUmlnX3hwdl9yZWVsc19wZXJtYW5lbnRfc3JfcHJvZC85RjQ4MkNFRUNENUI0MDA5RkQ1MjFGRjZFRTg0ODFCQ192aWRlb19kYXNoaW5pdC5tcDQVAALIARIAFQIYOnBhc3N0aHJvdWdoX2V2ZXJzdG9yZS9HQkJHVng5YU5DRUdFd0JaQUpFaUR4TldRc3BqYnFfRUFBQUYVAgLIARIAKAAYABsCiAd1c2Vfb2lsATEScHJvZ3Jlc3NpdmVfcmVjaXBlATEVAAAmzKXKk6bTqgIVAigCQzMsF0As7peNT987GBJkYXNoX2Jhc2VsaW5lXzFfdjERAHX-B2XmnQEA&_nc_gid=yIY0ergPnOKuwJYHshc1MQ&_nc_zt=28&oh=00_AfV3yQfi4XzODc2wuWhBn7C3cxJj661L2GewUicKLUPGmQ&oe=689B6C0D, https://scontent-cgk2-1.cdninstagram.com/o1/v/t2/f2/m86/AQOMYQcCHV4QdbOmBS5HRlSW2lQ1CFvd8woHXJRgkxqbmVE9OoY94Q9uRXyl9_83IidjDBhlMLdAa28OKim1540RDyG5MRleZZkUMHI.mp4?_nc_cat=104&_nc_sid=5e9851&_nc_ht=scontent-cgk2-1.cdninstagram.com&_nc_ohc=oUGLArCu60kQ7kNvwGRh0-z&efg=eyJ2ZW5jb2RlX3RhZyI6Inhwdl9wcm9ncmVzc2l2ZS5JTlNUQUdSQU0uQ0xJUFMuQzMuNzIwLmRhc2hfYmFzZWxpbmVfMV92MSIsInhwdl9hc3NldF9pZCI6NjU2NzM5OTgwMTAxOTkwLCJ2aV91c2VjYXNlX2lkIjoxMDA5OSwiZHVyYXRpb25fcyI6MTQsInVybGdlbl9zb3VyY2UiOiJ3d3cifQ%3D%3D&ccb=17-1&vs=efa66f112f8fc0a6&_nc_vs=HBksFQIYUmlnX3hwdl9yZWVsc19wZXJtYW5lbnRfc3JfcHJvZC85RjQ4MkNFRUNENUI0MDA5RkQ1MjFGRjZFRTg0ODFCQ192aWRlb19kYXNoaW5pdC5tcDQVAALIARIAFQIYOnBhc3N0aHJvdWdoX2V2ZXJzdG9yZS9HQkJHVng5YU5DRUdFd0JaQUpFaUR4TldRc3BqYnFfRUFBQUYVAgLIARIAKAAYABsCiAd1c2Vfb2lsATEScHJvZ3Jlc3NpdmVfcmVjaXBlATEVAAAmzKXKk6bTqgIVAigCQzMsF0As7peNT987GBJkYXNoX2Jhc2VsaW5lXzFfdjERAHX-B2XmnQEA&_nc_gid=yIY0ergPnOKuwJYHshc1MQ&_nc_zt=28&oh=00_AfV3yQfi4XzODc2wuWhBn7C3cxJj661L2GewUicKLUPGmQ&oe=689B6C0D",failed,,,,,,,,HTTPError: 403 Client Error: Forbidden for url: https://scontent-cgk2-1.cdninstagram.com/o1/v/t2/f2/m86/AQOMYQcCHV4QdbOmBS5HRlSW2lQ1CFvd8woHXJRgkxqbmVE9OoY94Q9uRXyl9_83IidjDBhlMLdAa28OKim1540RDyG5MRleZZkUMHI.mp4?_nc_cat=104&_nc_sid=5e9851&_nc_ht=scontent-cgk2-1.cdninstagram.com&_nc_ohc=oUGLArCu60kQ7,2026-08-07 21:57:47
cdn_07170cd1a5e3,cdn,"https://scontent-cgk1-2.cdninstagram.com/o1/v/t2/f2/m86/AQMBjl6KQnXxfaBSe7kd8V2n9o5QO1MoEEriwbGWHJ4YUBoW1FI7EVtUbFf9DV07_xkpaUDKmHCUGu9-_UGEuO7GawYpGeIiXVff8Zo.mp4?_nc_cat=107&_nc_sid=5e9851&_nc_ht=scontent-cgk1-2.cdninstagram.com&_nc_ohc=6dwaP9_lt8YQ7kNvwE7OyNF&efg=eyJ2ZW5jb2RlX3RhZyI6Inhwdl9wcm9ncmVzc2l2ZS5JTlNUQUdSQU0uQ0xJUFMuQzMuNzIwLmRhc2hfYmFzZWxpbmVfMV92MSIsInhwdl9hc3NldF9pZCI6MzY5NTgxMjI5NzM4ODkxNCwidmlfdXNlY2FzZV9pZCI6MTAwOTksImR1cmF0aW9uX3MiOjUwLCJ1cmxnZW5fc291cmNlIjoid3d3In0%3D&ccb=17-1&vs=4473bde702486932&_nc_vs=HBksFQIYUmlnX3hwdl9yZWVsc19wZXJtYW5lbnRfc3JfcHJvZC8zNDRCNkRCODI0QTRDNDNBRTlBNDU0NUVEODkwRDhBOF92aWRlb19kYXNoaW5pdC5tcDQVAALIARIAFQIYOnBhc3N0aHJvdWdoX2V2ZXJzdG9yZS9HQ2pPZGhfeHRybEczRVVFQUNZZ0tjcXhscXdDYnFfRUFBQUYVAgLIARIAKAAYABsCiAd1c2Vfb2lsATEScHJvZ3Jlc3NpdmVfcmVjaXBlATEVAAAm5M2jssvUkA0VAigCQzMsF0BJBR64UeuFGBJkYXNoX2Jhc2VsaW5lXzFfdjERAHX-B2XmnQEA&_nc_zt=28&oh=00_AfVs0g2uHxQu1bAwSt9nkr92DBFiQl5sypR_9WUkrKz3fA&oe=689B9A90, https://scontent-cgk1-2.cdninstagram.com/o1/v/t2/f2/m86/AQMBjl6KQnXxfaBSe7kd8V2n9o5QO1MoEEriwbGWHJ4YUBoW1FI7EVtUbFf9DV07_xkpaUDKmHCUGu9-_UGEuO7GawYpGeIiXVff8Zo.mp4?_nc_cat=107&_nc_sid=5e9851&_nc_ht=scontent-cgk1-2.cdninstagram.com&_nc_ohc=6dwaP9_lt8YQ7kNvwE7OyNF&efg=eyJ2ZW5jb2RlX3RhZyI6Inhwdl9wcm9ncmVzc2l2ZS5JTlNUQUdSQU0uQ0xJUFMuQzMuNzIwLmRhc2hfYmFzZWxpbmVfMV92MSIsInhwdl9hc3NldF9pZCI6MzY5NTgxMjI5NzM4ODkxNCwidmlfdXNlY2FzZV9pZCI6MTAwOTksImR1cmF0aW9uX3MiOjUwLCJ1cmxnZW5fc291cmNlIjoid3d3In0%3D&ccb=17-1&vs=4473bde702486932&_nc_vs=HBksFQIYUmlnX3hwdl9yZWVsc19wZXJtYW5lbnRfc3JfcHJvZC8zNDRCNkRCODI0QTRDNDNBRTlBNDU0NUVEODkwRDhBOF92aWRlb19kYXNoaW5pdC5tcDQVAALIARIAFQIYOnBhc3N0aHJvdWdoX2V2ZXJzdG9yZS9HQ2pPZGhfeHRybEczRVVFQUNZZ0tjcXhscXdDYnFfRUFBQUYVAgLIARIAKAAYABsCiAd1c2Vfb2lsATEScHJvZ3Jlc3NpdmVfcmVjaXBlATEVAAAm5M2jssvUkA0VAigCQzMsF0BJBR64UeuFGBJkYXNoX2Jhc2VsaW5lXzFfdjERAHX-B2XmnQEA&_nc_zt=28&oh=00_AfVs0g2uHxQu1bAwSt9nkr92DBFiQl5sypR_9WUkrKz3fA&oe=689B9A90, https://scontent-cgk1-2.cdninstagram.com/o1/v/t2/f2/m86/AQMBjl6KQnXxfaBSe7kd8V2n9o5QO1MoEEriwbGWHJ4YUBoW1FI7EVtUbFf9DV07_xkpaUDKmHCUGu9-_UGEuO7GawYpGeIiXVff8Zo.mp4?_nc_cat=107&_nc_sid=5e9851&_nc_ht=scontent-cgk1-2.cdninstagram.com&_nc_ohc=6dwaP9_lt8YQ7kNvwE7OyNF&efg=eyJ2ZW5jb2RlX3RhZyI6Inhwdl9wcm9ncmVzc2l2ZS5JTlNUQUdSQU0uQ0xJUFMuQzMuNzIwLmRhc2hfYmFzZWxpbmVfMV92MSIsInhwdl9hc3NldF9pZCI6MzY5NTgxMjI5NzM4ODkxNCwidmlfdXNlY2FzZV9pZCI6MTAwOTksImR1cmF0aW9uX3MiOjUwLCJ1cmxnZW5fc291cmNlIjoid3d3In0%3D&ccb=17-1&vs=4473bde702486932&_nc_vs=HBksFQIYUmlnX3hwdl9yZWVsc19wZXJtYW5lbnRfc3JfcHJvZC8zNDRCNkRCODI0QTRDNDNBRTlBNDU0NUVEODkwRDhBOF92aWRlb19kYXNoaW5pdC5tcDQVAALIARIAFQIYOnBhc3N0aHJvdWdoX2V2ZXJzdG9yZS9HQ2pPZGhfeHRybEczRVVFQUNZZ0tjcXhscXdDYnFfRUFBQUYVAgLIARIAKAAYABsCiAd1c2Vfb2lsATEScHJvZ3Jlc3NpdmVfcmVjaXBlATEVAAAm5M2jssvUkA0VAigCQzMsF0BJBR64UeuFGBJkYXNoX2Jhc2VsaW5lXzFfdjERAHX-B2XmnQEA&_nc_zt=28&oh=00_AfVs0g2uHxQu1bAwSt9nkr92DBFiQl5sypR_9WUkrKz3fA&oe=689B9A90",failed,,,,,,,,HTTPError: 403 Client Error: Forbidden for url: https://scontent-cgk1-2.cdninstagram.com/o1/v/t2/f2/m86/AQMBjl6KQnXxfaBSe7kd8V2n9o5QO1MoEEriwbGWHJ4YUBoW1FI7EVtUbFf9DV07_xkpaUDKmHCUGu9-_UGEuO7GawYpGeIiXVff8Zo.mp4?_nc_cat=107&_nc_sid=5e9851&_nc_ht=scontent-cgk1-2.cdninstagram.com&_nc_ohc=6dwaP9_lt8YQ7,2026-08-07 21:57:35
cdn_0c6cdbc5e21b,cdn,"https://scontent-cgk1-2.cdninstagram.com/o1/v/t2/f2/m86/AQP-m4-ds6sUz1Ii2XnJOYMTr3ci56kk2bmvfsHXtfBI9MdUvccVUQzjq7fXI7wr24gsgkL1swAcCNT-m6wRQ-lSJw1fPystHaLvh54.mp4?_nc_cat=101&_nc_sid=5e9851&_nc_ht=scontent-cgk1-2.cdninstagram.com&_nc_ohc=lOEeM5PgrU0Q7kNvwE9RopT&efg=eyJ2ZW5jb2RlX3RhZyI6Inhwdl9wcm9ncmVzc2l2ZS5JTlNUQUdSQU0uQ0xJUFMuQzMuNzIwLmRhc2hfYmFzZWxpbmVfMV92MSIsInhwdl9hc3NldF9pZCI6MTM5NjEzNTQ5MTQ3NzIzMSwidmlfdXNlY2FzZV9pZCI6MTAwOTksImR1cmF0aW9uX3MiOjMzLCJ1cmxnZW5fc291cmNlIjoid3d3In0%3D&ccb=17-1&vs=a6b67908216ebbf2&_nc_vs=HBksFQIYUmlnX3hwdl9yZWVsc19wZXJtYW5lbnRfc3JfcHJvZC85OTQ3QTE2QUZEN0YxRkZFRkEyMDRBOTk0OEFBRERCNl92aWRlb19kYXNoaW5pdC5tcDQVAALIARIAFQIYOnBhc3N0aHJvdWdoX2V2ZXJzdG9yZS9HSWRQVngtelpmNEMydW9KQUZueGpRZ1BKWG90YnFfRUFBQUYVAgLIARIAKAAYABsCiAd1c2Vfb2lsATEScHJvZ3Jlc3NpdmVfcmVjaXBlATEVAAAm3vu4gOTx-gQVAigCQzMsF0BA-6XjU_fPGBJkYXNoX2Jhc2VsaW5lXzFfdjERAHX-B2XmnQEA&_nc_gid=yIY0ergPnOKuwJYHshc1MQ&_nc_zt=28&oh=00_AfV8dHEvHLwQcY9n8BjhB5uRT3USM9XkbszNuWaBtvZTPQ&oe=689B895A, https://scontent-cgk1-2.cdninstagram.com/o1/v/t2/f2/m86/AQP-m4-ds6sUz1Ii2XnJOYMTr3ci56kk2bmvfsHXtfBI9MdUvccVUQzjq7fXI7wr24gsgkL1swAcCNT-m6wRQ-lSJw1fPystHaLvh54.mp4?_nc_cat=101&_nc_sid=5e9851&_nc_ht=scontent-cgk1-2.cdninstagram.com&_nc_ohc=lOEeM5PgrU0Q7kNvwE9RopT&efg=eyJ2ZW5jb2RlX3RhZyI6Inhwdl9wcm9ncmVzc2l2ZS5JTlNUQUdSQU0uQ0xJUFMuQzMuNzIwLmRhc2hfYmFzZWxpbmVfMV92MSIsInhwdl9hc3NldF9pZCI6MTM5NjEzNTQ5MTQ3NzIzMSwidmlfdXNlY2FzZV9pZCI6MTAwOTksImR1cmF0aW9uX3MiOjMzLCJ1cmxnZW5fc291cmNlIjoid3d3In0%3D&ccb=17-1&vs=a6b67908216ebbf2&_nc_vs=HBksFQIYUmlnX3hwdl9yZWVsc19wZXJtYW5lbnRfc3JfcHJvZC85OTQ3QTE2QUZEN0YxRkZFRkEyMDRBOTk0OEFBRERCNl92aWRlb19kYXNoaW5pdC5tcDQVAALIARIAFQIYOnBhc3N0aHJvdWdoX2V2ZXJzdG9yZS9HSWRQVngtelpmNEMydW9KQUZueGpRZ1BKWG90YnFfRUFBQUYVAgLIARIAKAAYABsCiAd1c2Vfb2lsATEScHJvZ3Jlc3NpdmVfcmVjaXBlATEVAAAm3vu4gOTx-gQVAigCQzMsF0BA-6XjU_fPGBJkYXNoX2Jhc2VsaW5lXzFfdjERAHX-B2XmnQEA&_nc_gid=yIY0ergPnOKuwJYHshc1MQ&_nc_zt=28&oh=00_AfV8dHEvHLwQcY9n8BjhB5uRT3USM9XkbszNuWaBtvZTPQ&oe=689B895A, https://scontent-cgk1-2.cdninstagram.com/o1/v/t2/f2/m86/AQP-m4-ds6sUz1Ii2XnJOYMTr3ci56kk2bmvfsHXtfBI9MdUvccVUQzjq7fXI7wr24gsgkL1swAcCNT-m6wRQ-lSJw1fPystHaLvh54.mp4?_nc_cat=101&_nc_sid=5e9851&_nc_ht=scontent-cgk1-2.cdninstagram.com&_nc_ohc=lOEeM5PgrU0Q7kNvwE9RopT&efg=eyJ2ZW5jb2RlX3RhZyI6Inhwdl9wcm9ncmVzc2l2ZS5JTlNUQUdSQU0uQ0xJUFMuQzMuNzIwLmRhc2hfYmFzZWxpbmVfMV92MSIsInhwdl9hc3NldF9pZCI6MTM5NjEzNTQ5MTQ3NzIzMSwidmlfdXNlY2FzZV9pZCI6MTAwOTksImR1cmF0aW9uX3MiOjMzLCJ1cmxnZW5fc291cmNlIjoid3d3In0%3D&ccb=17-1&vs=a6b67908216ebbf2&_nc_vs=HBksFQIYUmlnX3hwdl9yZWVsc19wZXJtYW5lbnRfc3JfcHJvZC85OTQ3QTE2QUZEN0YxRkZFRkEyMDRBOTk0OEFBRERCNl92aWRlb19kYXNoaW5pdC5tcDQVAALIARIAFQIYOnBhc3N0aHJvdWdoX2V2ZXJzdG9yZS9HSWRQVngtelpmNEMydW9KQUZueGpRZ1BKWG90YnFfRUFBQUYVAgLIARIAKAAYABsCiAd1c2Vfb2lsATEScHJvZ3Jlc3NpdmVfcmVjaXBlATEVAAAm3vu4gOTx-gQVAigCQzMsF0BA-6XjU_fPGBJkYXNoX2Jhc2VsaW5lXzFfdjERAHX-B2XmnQEA&_nc_gid=yIY0ergPnOKuwJYHshc1MQ&_nc_zt=28&oh=00_AfV8dHEvHLwQcY9n8BjhB5uRT3USM9XkbszNuWaBtvZTPQ&oe=689B895A",failed,,,,,,,,HTTPError: 403 Client Error: Forbidden for url: https://scontent-cgk1-2.cdninstagram.com/o1/v/t2/f2/m86/AQP-m4-ds6sUz1Ii2XnJOYMTr3ci56kk2bmvfsHXtfBI9MdUvccVUQzjq7fXI7wr24gsgkL1swAcCNT-m6wRQ-lSJw1fPystHaLvh54.mp4?_nc_cat=101&_nc_sid=5e9851&_nc_ht=scontent-cgk1-2.cdninstagram.com&_nc_ohc=lOEeM5PgrU0Q7,2026-08-07 21:57:43
cdn_1b6e9dfc95bd,cdn,"https://instagram.fcgk8-2.fna.fbcdn.net/o1/v/t2/f2/m86/AQOZgWckfmX-OGO3X_LRpX3Vu9j1GHX9KRxYBiFgz7J4IAuxPByeaU8jaCJUQS2BffeimN5rzy4h-tTHruLcItf1qizO0Y5b72Mo2Rg.mp4?_nc_cat=107&_nc_oc=AdmGzRHT0VdcIVRdMWe-5UXlZQHU1ZAXbqkwUCCeXqAyLcIgKkMXeiBtj9PN200tRo1P70eF8nx7MSeVqgm2w6f_&_nc_sid=5e9851&_nc_ht=instagram.fcgk8-2.fna.fbcdn.net&_nc_ohc=WSBoGlqUMzQQ7kNvwGKD5bv&efg=eyJ2ZW5jb2RlX3RhZyI6Inhwdl9wcm9ncmVzc2l2ZS5JTlNUQUdSQU0uQ0xJUFMuQzMuNzIwLmRhc2hfYmFzZWxpbmVfMV92MSIsInhwdl9hc3NldF9pZCI6MTA3NDQ0NTU1NzU1MjUxNywidmlfdXNlY2FzZV9pZCI6MTAwOTksImR1cmF0aW9uX3MiOjQ5LCJ1cmxnZW5fc291cmNlIjoid3d3In0%3D&ccb=17-1&vs=4597cf38922f901c&_nc_vs=HBksFQIYUmlnX3hwdl9yZWVsc19wZXJtYW5lbnRfc3JfcHJvZC84QTQ3RDk0OUM5NDkwQkUzMkVEQ0RCQkMxQTdERjM5RF92aWRlb19kYXNoaW5pdC5tcDQVAALIARIAFQIYOnBhc3N0aHJvdWdoX2V2ZXJzdG9yZS9HR1FrQVItRjhydE5ELU1EQUctLV9teXBseFp5YnFfRUFBQUYVAgLIARIAKAAYABsCiAd1c2Vfb2lsATEScHJvZ3Jlc3NpdmVfcmVjaXBlATEVAAAmitbOnPvM6AMVAigCQzMsF0BI-6XjU_fPGBJkYXNoX2Jhc2VsaW5lXzFfdjERAHX-B2XmnQEA&_nc_zt=28&oh=00_AfVvgAyrtceWrIsubrFM59jgBISmsNaQ3zbBT82y7RIJUA&oe=689B3150, https://instagram.fcgk8-2.fna.fbcdn.net/o1/v/t2/f2/m86/AQOZgWckfmX-OGO3X_LRpX3Vu9j1GHX9KRxYBiFgz7J4IAuxPByeaU8jaCJUQS2BffeimN5rzy4h-tTHruLcItf1qizO0Y5b72Mo2Rg.mp4?_nc_cat=107&_nc_oc=AdmGzRHT0VdcIVRdMWe-5UXlZQHU1ZAXbqkwUCCeXqAyLcIgKkMXeiBtj9PN200tRo1P70eF8nx7MSeVqgm2w6f_&_nc_sid=5e9851&_nc_ht=instagram.fcgk8-2.fna.fbcdn.net&_nc_ohc=WSBoGlqUMzQQ7kNvwGKD5bv&efg=eyJ2ZW5jb2RlX3RhZyI6Inhwdl9wcm9ncmVzc2l2ZS5JTlNUQUdSQU0uQ0xJUFMuQzMuNzIwLmRhc2hfYmFzZWxpbmVfMV92MSIsInhwdl9hc3NldF9pZCI6MTA3NDQ0NTU1NzU1MjUxNywidmlfdXNlY2FzZV9pZCI6MTAwOTksImR1cmF0aW9uX3MiOjQ5LCJ1cmxnZW5fc291cmNlIjoid3d3In0%3D&ccb=17-1&vs=4597cf38922f901c&_nc_vs=HBksFQIYUmlnX3hwdl9yZWVsc19wZXJtYW5lbnRfc3JfcHJvZC84QTQ3RDk0OUM5NDkwQkUzMkVEQ0RCQkMxQTdERjM5RF92aWRlb19kYXNoaW5pdC5tcDQVAALIARIAFQIYOnBhc3N0aHJvdWdoX2V2ZXJzdG9yZS9HR1FrQVItRjhydE5ELU1EQUctLV9teXBseFp5YnFfRUFBQUYVAgLIARIAKAAYABsCiAd1c2Vfb2lsATEScHJvZ3Jlc3NpdmVfcmVjaXBlATEVAAAmitbOnPvM6AMVAigCQzMsF0BI-6XjU_fPGBJkYXNoX2Jhc2VsaW5lXzFfdjERAHX-B2XmnQEA&_nc_zt=28&oh=00_AfVvgAyrtceWrIsubrFM59jgBISmsNaQ3zbBT82y7RIJUA&oe=689B3150, https://instagram.fcgk8-2.fna.fbcdn.net/o1/v/t2/f2/m86/AQOZgWckfmX-OGO3X_LRpX3Vu9j1GHX9KRxYBiFgz7J4IAuxPByeaU8jaCJUQS2BffeimN5rzy4h-tTHruLcItf1qizO0Y5b72Mo2Rg.mp4?_nc_cat=107&_nc_oc=AdmGzRHT0VdcIVRdMWe-5UXlZQHU1ZAXbqkwUCCeXqAyLcIgKkMXeiBtj9PN200tRo1P70eF8nx7MSeVqgm2w6f_&_nc_sid=5e9851&_nc_ht=instagram.fcgk8-2.fna.fbcdn.net&_nc_ohc=WSBoGlqUMzQQ7kNvwGKD5bv&efg=eyJ2ZW5jb2RlX3RhZyI6Inhwdl9wcm9ncmVzc2l2ZS5JTlNUQUdSQU0uQ0xJUFMuQzMuNzIwLmRhc2hfYmFzZWxpbmVfMV92MSIsInhwdl9hc3NldF9pZCI6MTA3NDQ0NTU1NzU1MjUxNywidmlfdXNlY2FzZV9pZCI6MTAwOTksImR1cmF0aW9uX3MiOjQ5LCJ1cmxnZW5fc291cmNlIjoid3d3In0%3D&ccb=17-1&vs=4597cf38922f901c&_nc_vs=HBksFQIYUmlnX3hwdl9yZWVsc19wZXJtYW5lbnRfc3JfcHJvZC84QTQ3RDk0OUM5NDkwQkUzMkVEQ0RCQkMxQTdERjM5RF92aWRlb19kYXNoaW5pdC5tcDQVAALIARIAFQIYOnBhc3N0aHJvdWdoX2V2ZXJzdG9yZS9HR1FrQVItRjhydE5ELU1EQUctLV9teXBseFp5YnFfRUFBQUYVAgLIARIAKAAYABsCiAd1c2Vfb2lsATEScHJvZ3Jlc3NpdmVfcmVjaXBlATEVAAAmitbOnPvM6AMVAigCQzMsF0BI-6XjU_fPGBJkYXNoX2Jhc2VsaW5lXzFfdjERAHX-B2XmnQEA&_nc_zt=28&oh=00_AfVvgAyrtceWrIsubrFM59jgBISmsNaQ3zbBT82y7RIJUA&oe=689B3150",failed,,,,,,,,HTTPError: 403 Client Error: Forbidden for url: https://video.xx.fbcdn.net/o1/v/t2/f2/m86/AQOZgWckfmX-OGO3X_LRpX3Vu9j1GHX9KRxYBiFgz7J4IAuxPByeaU8jaCJUQS2BffeimN5rzy4h-tTHruLcItf1qizO0Y5b72Mo2Rg.mp4?_nc_cat=107&_nc_oc=AdmGzRHT0VdcIVRdMWe-5UXlZQHU1ZAXbqkwUCCeXqAyLcIgKkMXeiBtj9PN200tRo1P70eF8nx7MSeVqgm,2026-08-07 21:55:15
cdn_2476ff945c50,cdn,"https://scontent-cgk2-1.cdninstagram.com/o1/v/t2/f2/m86/AQNhI8KXVY3aOjmylPu5-5yFQi3JSRB8zZppZdPWPXgk2Lcpl4WMYPV2I0XFVc0Sie78IJ66njQtesUzw1AxB9EDExNoIlZkXIVbg9M.mp4?_nc_cat=102&_nc_sid=5e9851&_nc_ht=scontent-cgk2-1.cdninstagram.com&_nc_ohc=6jiWtJP0bo4Q7kNvwG9g4gf&efg=eyJ2ZW5jb2RlX3RhZyI6Inhwdl9wcm9ncmVzc2l2ZS5JTlNUQUdSQU0uQ0xJUFMuQzMuNzIwLmRhc2hfYmFzZWxpbmVfMV92MSIsInhwdl9hc3NldF9pZCI6Nzc2OTI0NTY4MTQwNjAzLCJ2aV91c2VjYXNlX2lkIjoxMDA5OSwiZHVyYXRpb25fcyI6NDksInVybGdlbl9zb3VyY2UiOiJ3d3cifQ%3D%3D&ccb=17-1&vs=e329526d1351f4f1&_nc_vs=HBksFQIYUmlnX3hwdl9yZWVsc19wZXJtYW5lbnRfc3JfcHJvZC9CMjRDQUUxODM5NTlEMTk4ODExOTRFMzkxMjMxMDc4OF92aWRlb19kYXNoaW5pdC5tcDQVAALIARIAFQIYOnBhc3N0aHJvdWdoX2V2ZXJzdG9yZS9HQzFSSFI5RWJ3ZS1oTm9DQUJ3UkRwdlBWZ05mYnFfRUFBQUYVAgLIARIAKAAYABsCiAd1c2Vfb2lsATEScHJvZ3Jlc3NpdmVfcmVjaXBlATEVAAAm9uy1jvum4QIVAigCQzMsF0BI-6XjU_fPGBJkYXNoX2Jhc2VsaW5lXzFfdjERAHX-B2XmnQEA&_nc_zt=28&oh=00_AfVdsKj8XElMNIfrsdLZS9UU6xE7UNQYng3a6Fiv5Jhq8A&oe=689B7DBB, https://scontent-cgk2-1.cdninstagram.com/o1/v/t2/f2/m86/AQNhI8KXVY3aOjmylPu5-5yFQi3JSRB8zZppZdPWPXgk2Lcpl4WMYPV2I0XFVc0Sie78IJ66njQtesUzw1AxB9EDExNoIlZkXIVbg9M.mp4?_nc_cat=102&_nc_sid=5e9851&_nc_ht=scontent-cgk2-1.cdninstagram.com&_nc_ohc=6jiWtJP0bo4Q7kNvwG9g4gf&efg=eyJ2ZW5jb2RlX3RhZyI6Inhwdl9wcm9ncmVzc2l2ZS5JTlNUQUdSQU0uQ0xJUFMuQzMuNzIwLmRhc2hfYmFzZWxpbmVfMV92MSIsInhwdl9hc3NldF9pZCI6Nzc2OTI0NTY4MTQwNjAzLCJ2aV91c2VjYXNlX2lkIjoxMDA5OSwiZHVyYXRpb25fcyI6NDksInVybGdlbl9zb3VyY2UiOiJ3d3cifQ%3D%3D&ccb=17-1&vs=e329526d1351f4f1&_nc_vs=HBksFQIYUmlnX3hwdl9yZWVsc19wZXJtYW5lbnRfc3JfcHJvZC9CMjRDQUUxODM5NTlEMTk4ODExOTRFMzkxMjMxMDc4OF92aWRlb19kYXNoaW5pdC5tcDQVAALIARIAFQIYOnBhc3N0aHJvdWdoX2V2ZXJzdG9yZS9HQzFSSFI5RWJ3ZS1oTm9DQUJ3UkRwdlBWZ05mYnFfRUFBQUYVAgLIARIAKAAYABsCiAd1c2Vfb2lsATEScHJvZ3Jlc3NpdmVfcmVjaXBlATEVAAAm9uy1jvum4QIVAigCQzMsF0BI-6XjU_fPGBJkYXNoX2Jhc2VsaW5lXzFfdjERAHX-B2XmnQEA&_nc_zt=28&oh=00_AfVdsKj8XElMNIfrsdLZS9UU6xE7UNQYng3a6Fiv5Jhq8A&oe=689B7DBB, https://scontent-cgk2-1.cdninstagram.com/o1/v/t2/f2/m86/AQNhI8KXVY3aOjmylPu5-5yFQi3JSRB8zZppZdPWPXgk2Lcpl4WMYPV2I0XFVc0Sie78IJ66njQtesUzw1AxB9EDExNoIlZkXIVbg9M.mp4?_nc_cat=102&_nc_sid=5e9851&_nc_ht=scontent-cgk2-1.cdninstagram.com&_nc_ohc=6jiWtJP0bo4Q7kNvwG9g4gf&efg=eyJ2ZW5jb2RlX3RhZyI6Inhwdl9wcm9ncmVzc2l2ZS5JTlNUQUdSQU0uQ0xJUFMuQzMuNzIwLmRhc2hfYmFzZWxpbmVfMV92MSIsInhwdl9hc3NldF9pZCI6Nzc2OTI0NTY4MTQwNjAzLCJ2aV91c2VjYXNlX2lkIjoxMDA5OSwiZHVyYXRpb25fcyI6NDksInVybGdlbl9zb3VyY2UiOiJ3d3cifQ%3D%3D&ccb=17-1&vs=e329526d1351f4f1&_nc_vs=HBksFQIYUmlnX3hwdl9yZWVsc19wZXJtYW5lbnRfc3JfcHJvZC9CMjRDQUUxODM5NTlEMTk4ODExOTRFMzkxMjMxMDc4OF92aWRlb19kYXNoaW5pdC5tcDQVAALIARIAFQIYOnBhc3N0aHJvdWdoX2V2ZXJzdG9yZS9HQzFSSFI5RWJ3ZS1oTm9DQUJ3UkRwdlBWZ05mYnFfRUFBQUYVAgLIARIAKAAYABsCiAd1c2Vfb2lsATEScHJvZ3Jlc3NpdmVfcmVjaXBlATEVAAAm9uy1jvum4QIVAigCQzMsF0BI-6XjU_fPGBJkYXNoX2Jhc2VsaW5lXzFfdjERAHX-B2XmnQEA&_nc_zt=28&oh=00_AfVdsKj8XElMNIfrsdLZS9UU6xE7UNQYng3a6Fiv5Jhq8A&oe=689B7DBB",failed,,,,,,,,HTTPError: 403 Client Error: Forbidden for url: https://scontent-cgk2-1.cdninstagram.com/o1/v/t2/f2/m86/AQNhI8KXVY3aOjmylPu5-5yFQi3JSRB8zZppZdPWPXgk2Lcpl4WMYPV2I0XFVc0Sie78IJ66njQtesUzw1AxB9EDExNoIlZkXIVbg9M.mp4?_nc_cat=102&_nc_sid=5e9851&_nc_ht=scontent-cgk2-1.cdninstagram.com&_nc_ohc=6jiWtJP0bo4Q7,2026-08-07 21:56:38
cdn_33b83e75c044,cdn,"https://scontent-cgk2-2.cdninstagram.com/o1/v/t2/f2/m86/AQP8VhVKfBFuPBb-cSz5JkvwEhg7lN_SGeMMsCkJG51Y1zbE2nhHVUyJOxshisSSOtDmRLZUfJMa_xsNGkk2TxefeRL5MJgtLf56ni4.mp4?_nc_cat=100&_nc_sid=5e9851&_nc_ht=scontent-cgk2-2.cdninstagram.com&_nc_ohc=omw6CRV3AUoQ7kNvwGiRZXo&efg=eyJ2ZW5jb2RlX3RhZyI6Inhwdl9wcm9ncmVzc2l2ZS5JTlNUQUdSQU0uQ0xJUFMuQzMuNzIwLmRhc2hfYmFzZWxpbmVfMV92MSIsInhwdl9hc3NldF9pZCI6MTk4NTYzNzE2ODkwODYxNSwidmlfdXNlY2FzZV9pZCI6MTAwOTksImR1cmF0aW9uX3MiOjczLCJ1cmxnZW5fc291cmNlIjoid3d3In0%3D&ccb=17-1&vs=7455e4e03a036349&_nc_vs=HBksFQIYUmlnX3hwdl9yZWVsc19wZXJtYW5lbnRfc3JfcHJvZC80NTRGOTY2RTE0MjNGQTcyRDUzMTI3REJDQjM0NEJCRV92aWRlb19kYXNoaW5pdC5tcDQVAALIARIAFQIYOnBhc3N0aHJvdWdoX2V2ZXJzdG9yZS9HQ2dOMmg3c2ZjX3J4eUlGQU9icFEtaXE3V1ZGYnFfRUFBQUYVAgLIARIAKAAYABsCiAd1c2Vfb2lsATEScHJvZ3Jlc3NpdmVfcmVjaXBlATEVAAAmjqXY4aX7hgcVAigCQzMsF0BSRmZmZmZmGBJkYXNoX2Jhc2VsaW5lXzFfdjERAHX-B2XmnQEA&_nc_gid=qYsP2FaRh_-cHwqcm4QxDA&_nc_zt=28&oh=00_AfVxmW17NCvN6yQM0qNMQwA10ijEyTv5XG8-w-gSJecUFA&oe=689B8839, https://scontent-cgk2-2.cdninstagram.com/o1/v/t2/f2/m86/AQP8VhVKfBFuPBb-cSz5JkvwEhg7lN_SGeMMsCkJG51Y1zbE2nhHVUyJOxshisSSOtDmRLZUfJMa_xsNGkk2TxefeRL5MJgtLf56ni4.mp4?_nc_cat=100&_nc_sid=5e9851&_nc_ht=scontent-cgk2-2.cdninstagram.com&_nc_ohc=omw6CRV3AUoQ7kNvwGiRZXo&efg=eyJ2ZW5jb2RlX3RhZyI6Inhwdl9wcm9ncmVzc2l2ZS5JTlNUQUdSQU0uQ0xJUFMuQzMuNzIwLmRhc2hfYmFzZWxpbmVfMV92MSIsInhwdl9hc3NldF9pZCI6MTk4NTYzNzE2ODkwODYxNSwidmlfdXNlY2FzZV9pZCI6MTAwOTksImR1cmF0aW9uX3MiOjczLCJ1cmxnZW5fc291cmNlIjoid3d3In0%3D&ccb=17-1&vs=7455e4e03a036349&_nc_vs=HBksFQIYUmlnX3hwdl9yZWVsc19wZXJtYW5lbnRfc3JfcHJvZC80NTRGOTY2RTE0MjNGQTcyRDUzMTI3REJDQjM0NEJCRV92aWRlb19kYXNoaW5pdC5tcDQVAALIARIAFQIYOnBhc3N0aHJvdWdoX2V2ZXJzdG9yZS9HQ2dOMmg3c2ZjX3J4eUlGQU9icFEtaXE3V1ZGYnFfRUFBQUYVAgLIARIAKAAYABsCiAd1c2Vfb2lsATEScHJvZ3Jlc3NpdmVfcmVjaXBlATEVAAAmjqXY4aX7hgcVAigCQzMsF0BSRmZmZmZmGBJkYXNoX2Jhc2VsaW5lXzFfdjERAHX-B2XmnQEA&_nc_gid=qYsP2FaRh_-cHwqcm4QxDA&_nc_zt=28&oh=00_AfVxmW17NCvN6yQM0qNMQwA10ijEyTv5XG8-w-gSJecUFA&oe=689B8839, https://scontent-cgk2-2.cdninstagram.com/o1/v/t2/f2/m86/AQP8VhVKfBFuPBb-cSz5JkvwEhg7lN_SGeMMsCkJG51Y1zbE2nhHVUyJOxshisSSOtDmRLZUfJMa_xsNGkk2TxefeRL5MJgtLf56ni4.mp4?_nc_cat=100&_nc_sid=5e9851&_nc_ht=scontent-cgk2-2.cdninstagram.com&_nc_ohc=omw6CRV3AUoQ7kNvwGiRZXo&efg=eyJ2ZW5jb2RlX3RhZyI6Inhwdl9wcm9ncmVzc2l2ZS5JTlNUQUdSQU0uQ0xJUFMuQzMuNzIwLmRhc2hfYmFzZWxpbmVfMV92MSIsInhwdl9hc3NldF9pZCI6MTk4NTYzNzE2ODkwODYxNSwidmlfdXNlY2FzZV9pZCI6MTAwOTksImR1cmF0aW9uX3MiOjczLCJ1cmxnZW5fc291cmNlIjoid3d3In0%3D&ccb=17-1&vs=7455e4e03a036349&_nc_vs=HBksFQIYUmlnX3hwdl9yZWVsc19wZXJtYW5lbnRfc3JfcHJvZC80NTRGOTY2RTE0MjNGQTcyRDUzMTI3REJDQjM0NEJCRV92aWRlb19kYXNoaW5pdC5tcDQVAALIARIAFQIYOnBhc3N0aHJvdWdoX2V2ZXJzdG9yZS9HQ2dOMmg3c2ZjX3J4eUlGQU9icFEtaXE3V1ZGYnFfRUFBQUYVAgLIARIAKAAYABsCiAd1c2Vfb2lsATEScHJvZ3Jlc3NpdmVfcmVjaXBlATEVAAAmjqXY4aX7hgcVAigCQzMsF0BSRmZmZmZmGBJkYXNoX2Jhc2VsaW5lXzFfdjERAHX-B2XmnQEA&_nc_gid=qYsP2FaRh_-cHwqcm4QxDA&_nc_zt=28&oh=00_AfVxmW17NCvN6yQM0qNMQwA10ijEyTv5XG8-w-gSJecUFA&oe=689B8839",failed,,,,,,,,HTTPError: 403 Client Error: Forbidden for url: https://scontent-cgk2-2.cdninstagram.com/o1/v/t2/f2/m86/AQP8VhVKfBFuPBb-cSz5JkvwEhg7lN_SGeMMsCkJG51Y1zbE2nhHVUyJOxshisSSOtDmRLZUfJMa_xsNGkk2TxefeRL5MJgtLf56ni4.mp4?_nc_cat=100&_nc_sid=5e9851&_nc_ht=scontent-cgk2-2.cdninstagram.com&_nc_ohc=omw6CRV3AUoQ7,2026-08-07 21:54:16
cdn_3568f40993ab,cdn,"https://instagram.fcgk8-2.fna.fbcdn.net/o1/v/t2/f2/m86/AQMSsB8Yjd1s7CxLMCdlzBE1Q4WAjpQRnTh4M7ifXye8BWbsdiesYfta-05GIhcKQYgAy81VrImkgEGG4AD78GEclnlFJmSI66KS9b8.mp4?_nc_cat=107&_nc_oc=Adk1H0fkcEpY-OaAqAqverPst_n3ZHYs-fCPmr-9sPqhNZwoWEQfIs_eIbDmk-0xdXupjG4rW-zt4rbCzhN5Xccd&_nc_sid=5e9851&_nc_ht=instagram.fcgk8-2.fna.fbcdn.net&_nc_ohc=DhQrNkoGA0MQ7kNvwFdMHl9&efg=eyJ2ZW5jb2RlX3RhZyI6Inhwdl9wcm9ncmVzc2l2ZS5JTlNUQUdSQU0uQ0xJUFMuQzMuNzIwLmRhc2hfYmFzZWxpbmVfMV92MSIsInhwdl9hc3NldF9pZCI6MTI2NTg1NTkwODM3Mjc2MCwidmlfdXNlY2FzZV9pZCI6MTAwOTksImR1cmF0aW9uX3MiOjM4LCJ1cmxnZW5fc291cmNlIjoid3d3In0%3D&ccb=17-1&vs=d52ab3928538ef73&_nc_vs=HBksFQIYUmlnX3hwdl9yZWVsc19wZXJtYW5lbnRfc3JfcHJvZC9GMTRDODdENTVGOTA5MEI3RkVCNUNFRTE3NUQ4NDRCOV92aWRlb19kYXNoaW5pdC5tcDQVAALIARIAFQIYOnBhc3N0aHJvdWdoX2V2ZXJzdG9yZS9HRUtLRFItRWNidjhuYXdFQUY4RGNXbThvS3g3YnFfRUFBQUYVAgLIARIAKAAYABsCiAd1c2Vfb2lsATEScHJvZ3Jlc3NpdmVfcmVjaXBlATEVAAAmsISLvMHSvwQVAigCQzMsF0BDe6XjU_fPGBJkYXNoX2Jhc2VsaW5lXzFfdjERAHX-B2XmnQEA&_nc_zt=28&oh=00_AfXcnvGrMFm7DWk5uPWXeQ6kHmngsnVGYAaFmgb6WYMsdw&oe=689B4DFC, https://instagram.fcgk8-2.fna.fbcdn.net/o1/v/t2/f2/m86/AQMSsB8Yjd1s7CxLMCdlzBE1Q4WAjpQRnTh4M7ifXye8BWbsdiesYfta-05GIhcKQYgAy81VrImkgEGG4AD78GEclnlFJmSI66KS9b8.mp4?_nc_cat=107&_nc_oc=Adk1H0fkcEpY-OaAqAqverPst_n3ZHYs-fCPmr-9sPqhNZwoWEQfIs_eIbDmk-0xdXupjG4rW-zt4rbCzhN5Xccd&_nc_sid=5e9851&_nc_ht=instagram.fcgk8-2.fna.fbcdn.net&_nc_ohc=DhQrNkoGA0MQ7kNvwFdMHl9&efg=eyJ2ZW5jb2RlX3RhZyI6Inhwdl9wcm9ncmVzc2l2ZS5JTlNUQUdSQU0uQ0xJUFMuQzMuNzIwLmRhc2hfYmFzZWxpbmVfMV92MSIsInhwdl9hc3NldF9pZCI6MTI2NTg1NTkwODM3Mjc2MCwidmlfdXNlY2FzZV9pZCI6MTAwOTksImR1cmF0aW9uX3MiOjM4LCJ1cmxnZW5fc291cmNlIjoid3d3In0%3D&ccb=17-1&vs=d52ab3928538ef73&_nc_vs=HBksFQIYUmlnX3hwdl9yZWVsc19wZXJtYW5lbnRfc3JfcHJvZC9GMTRDODdENTVGOTA5MEI3RkVCNUNFRTE3NUQ4NDRCOV92aWRlb19kYXNoaW5pdC5tcDQVAALIARIAFQIYOnBhc3N0aHJvdWdoX2V2ZXJzdG9yZS9HRUtLRFItRWNidjhuYXdFQUY4RGNXbThvS3g3YnFfRUFBQUYVAgLIARIAKAAYABsCiAd1c2Vfb2lsATEScHJvZ3Jlc3NpdmVfcmVjaXBlATEVAAAmsISLvMHSvwQVAigCQzMsF0BDe6XjU_fPGBJkYXNoX2Jhc2VsaW5lXzFfdjERAHX-B2XmnQEA&_nc_zt=28&oh=00_AfXcnvGrMFm7DWk5uPWXeQ6kHmngsnVGYAaFmgb6WYMsdw&oe=689B4DFC, https://instagram.fcgk8-2.fna.fbcdn.net/o1/v/t2/f2/m86/AQMSsB8Yjd1s7CxLMCdlzBE1Q4WAjpQRnTh4M7ifXye8BWbsdiesYfta-05GIhcKQYgAy81VrImkgEGG4AD78GEclnlFJmSI66KS9b8.mp4?_nc_cat=107&_nc_oc=Adk1H0fkcEpY-OaAqAqverPst_n3ZHYs-fCPmr-9sPqhNZwoWEQfIs_eIbDmk-0xdXupjG4rW-zt4rbCzhN5Xccd&_nc_sid=5e9851&_nc_ht=instagram.fcgk8-2.fna.fbcdn.net&_nc_ohc=DhQrNkoGA0MQ7kNvwFdMHl9&efg=eyJ2ZW5jb2RlX3RhZyI6Inhwdl9wcm9ncmVzc2l2ZS5JTlNUQUdSQU0uQ0xJUFMuQzMuNzIwLmRhc2hfYmFzZWxpbmVfMV92MSIsInhwdl9hc3NldF9pZCI6MTI2NTg1NTkwODM3Mjc2MCwidmlfdXNlY2FzZV9pZCI6MTAwOTksImR1cmF0aW9uX3MiOjM4LCJ1cmxnZW5fc291cmNlIjoid3d3In0%3D&ccb=17-1&vs=d52ab3928538ef73&_nc_vs=HBksFQIYUmlnX3hwdl9yZWVsc19wZXJtYW5lbnRfc3JfcHJvZC9GMTRDODdENTVGOTA5MEI3RkVCNUNFRTE3NUQ4NDRCOV92aWRlb19kYXNoaW5pdC5tcDQVAALIARIAFQIYOnBhc3N0aHJvdWdoX2V2ZXJzdG9yZS9HRUtLRFItRWNidjhuYXdFQUY4RGNXbThvS3g3YnFfRUFBQUYVAgLIARIAKAAYABsCiAd1c2Vfb2lsATEScHJvZ3Jlc3NpdmVfcmVjaXBlATEVAAAmsISLvMHSvwQVAigCQzMsF0BDe6XjU_fPGBJkYXNoX2Jhc2VsaW5lXzFfdjERAHX-B2XmnQEA&_nc_zt=28&oh=00_AfXcnvGrMFm7DWk5uPWXeQ6kHmngsnVGYAaFmgb6WYMsdw&oe=689B4DFC",failed,,,,,,,,HTTPError: 403 Client Error: Forbidden for url: https://video.xx.fbcdn.net/o1/v/t2/f2/m86/AQMSsB8Yjd1s7CxLMCdlzBE1Q4WAjpQRnTh4M7ifXye8BWbsdiesYfta-05GIhcKQYgAy81VrImkgEGG4AD78GEclnlFJmSI66KS9b8.mp4?_nc_cat=107&_nc_oc=Adk1H0fkcEpY-OaAqAqverPst_n3ZHYs-fCPmr-9sPqhNZwoWEQfIs_eIbDmk-0xdXupjG4rW-zt4rbCzhN,2026-08-07 22:28:17
cdn_369e63c21e62,cdn,"https://scontent-cgk2-2.cdninstagram.com/o1/v/t2/f2/m86/AQM_FcodXjda6GnVIbW4HO_tXfIaEnClRMdgRR2hJH5BmSsGSBv32sHrgaXDXfEtfZc1o3Ux7wf7i9ycJmUE26jh5tkD4iPhpmkA4aU.mp4?_nc_cat=110&_nc_sid=5e9851&_nc_ht=scontent-cgk2-2.cdninstagram.com&_nc_ohc=P11gTbKKyioQ7kNvwGuyDtL&efg=eyJ2ZW5jb2RlX3RhZyI6Inhwdl9wcm9ncmVzc2l2ZS5JTlNUQUdSQU0uQ0xJUFMuQzMuNzIwLmRhc2hfYmFzZWxpbmVfMV92MSIsInhwdl9hc3NldF9pZCI6MTE1OTg1OTkwOTUyNDY0NSwidmlfdXNlY2FzZV9pZCI6MTAwOTksImR1cmF0aW9uX3MiOjM1LCJ1cmxnZW5fc291cmNlIjoid3d3In0%3D&ccb=17-1&vs=d09962b543d6852e&_nc_vs=HBksFQIYUmlnX3hwdl9yZWVsc19wZXJtYW5lbnRfc3JfcHJvZC85MzQxMDM2QUI0NzdGMDc1NjJFNjQ2RjY1MkJGRkY5OV92aWRlb19kYXNoaW5pdC5tcDQVAALIARIAFQIYOnBhc3N0aHJvdWdoX2V2ZXJzdG9yZS9HT0dLZEI5cTFsTC14Z1VFQUljeVRfZnJ4VnB5YnFfRUFBQUYVAgLIARIAKAAYABsCiAd1c2Vfb2lsATEScHJvZ3Jlc3NpdmVfcmVjaXBlATEVAAAmyvKr3t24jwQVAigCQzMsF0BB8zMzMzMzGBJkYXNoX2Jhc2VsaW5lXzFfdjERAHX-B2XmnQEA&_nc_gid=IaoIHTMgwnJhXVNSujhnVw&_nc_zt=28&oh=00_AfV-dYQn4ODjgBPvz9fQ6U7_Me-Q71BDuGaL5-kcPDwB2g&oe=689B740B, https://scontent-cgk2-2.cdninstagram.com/o1/v/t2/f2/m86/AQM_FcodXjda6GnVIbW4HO_tXfIaEnClRMdgRR2hJH5BmSsGSBv32sHrgaXDXfEtfZc1o3Ux7wf7i9ycJmUE26jh5tkD4iPhpmkA4aU.mp4?_nc_cat=110&_nc_sid=5e9851&_nc_ht=scontent-cgk2-2.cdninstagram.com&_nc_ohc=P11gTbKKyioQ7kNvwGuyDtL&efg=eyJ2ZW5jb2RlX3RhZyI6Inhwdl9wcm9ncmVzc2l2ZS5JTlNUQUdSQU0uQ0xJUFMuQzMuNzIwLmRhc2hfYmFzZWxpbmVfMV92MSIsInhwdl9hc3NldF9pZCI6MTE1OTg1OTkwOTUyNDY0NSwidmlfdXNlY2FzZV9pZCI6MTAwOTksImR1cmF0aW9uX3MiOjM1LCJ1cmxnZW5fc291cmNlIjoid3d3In0%3D&ccb=17-1&vs=d09962b543d6852e&_nc_vs=HBksFQIYUmlnX3hwdl9yZWVsc19wZXJtYW5lbnRfc3JfcHJvZC85MzQxMDM2QUI0NzdGMDc1NjJFNjQ2RjY1MkJGRkY5OV92aWRlb19kYXNoaW5pdC5tcDQVAALIARIAFQIYOnBhc3N0aHJvdWdoX2V2ZXJzdG9yZS9HT0dLZEI5cTFsTC14Z1VFQUljeVRfZnJ4VnB5YnFfRUFBQUYVAgLIARIAKAAYABsCiAd1c2Vfb2lsATEScHJvZ3Jlc3NpdmVfcmVjaXBlATEVAAAmyvKr3t24jwQVAigCQzMsF0BB8zMzMzMzGBJkYXNoX2Jhc2VsaW5lXzFfdjERAHX-B2XmnQEA&_nc_gid=IaoIHTMgwnJhXVNSujhnVw&_nc_zt=28&oh=00_AfV-dYQn4ODjgBPvz9fQ6U7_Me-Q71BDuGaL5-kcPDwB2g&oe=689B740B, https://scontent-cgk2-2.cdninstagram.com/o1/v/t2/f2/m86/AQM_FcodXjda6GnVIbW4HO_tXfIaEnClRMdgRR2hJH5BmSsGSBv32sHrgaXDXfEtfZc1o3Ux7wf7i9ycJmUE26jh5tkD4iPhpmkA4aU.mp4?_nc_cat=110&_nc_sid=5e9851&_nc_ht=scontent-cgk2-2.cdninstagram.com&_nc_ohc=P11gTbKKyioQ7kNvwGuyDtL&efg=eyJ2ZW5jb2RlX3RhZyI6Inhwdl9wcm9ncmVzc2l2ZS5JTlNUQUdSQU0uQ0xJUFMuQzMuNzIwLmRhc2hfYmFzZWxpbmVfMV92MSIsInhwdl9hc3NldF9pZCI6MTE1OTg1OTkwOTUyNDY0NSwidmlfdXNlY2FzZV9pZCI6MTAwOTksImR1cmF0aW9uX3MiOjM1LCJ1cmxnZW5fc291cmNlIjoid3d3In0%3D&ccb=17-1&vs=d09962b543d6852e&_nc_vs=HBksFQIYUmlnX3hwdl9yZWVsc19wZXJtYW5lbnRfc3JfcHJvZC85MzQxMDM2QUI0NzdGMDc1NjJFNjQ2RjY1MkJGRkY5OV92aWRlb19kYXNoaW5pdC5tcDQVAALIARIAFQIYOnBhc3N0aHJvdWdoX2V2ZXJzdG9yZS9HT0dLZEI5cTFsTC14Z1VFQUljeVRfZnJ4VnB5YnFfRUFBQUYVAgLIARIAKAAYABsCiAd1c2Vfb2lsATEScHJvZ3Jlc3NpdmVfcmVjaXBlATEVAAAmyvKr3t24jwQVAigCQzMsF0BB8zMzMzMzGBJkYXNoX2Jhc2VsaW5lXzFfdjERAHX-B2XmnQEA&_nc_gid=IaoIHTMgwnJhXVNSujhnVw&_nc_zt=28&oh=00_AfV-dYQn4ODjgBPvz9fQ6U7_Me-Q71BDuGaL5-kcPDwB2g&oe=689B740B",failed,,,,,,,,HTTPError: 403 Client Error: Forbidden for url: https://scontent-cgk2-2.cdninstagram.com/o1/v/t2/f2/m86/AQM_FcodXjda6GnVIbW4HO_tXfIaEnClRMdgRR2hJH5BmSsGSBv32sHrgaXDXfEtfZc1o3Ux7wf7i9ycJmUE26jh5tkD4iPhpmkA4aU.mp4?_nc_cat=110&_nc_sid=5e9851&_nc_ht=scontent-cgk2-2.cdninstagram.com&_nc_ohc=P11gTbKKyioQ7,2026-08-07 21:57:30
cdn_3f091e90f8b1,cdn,"https://scontent-cgk2-1.cdninstagram.com/o1/v/t2/f2/m86/AQPYnSGoFjuMdsjQNQBN-KPMwY0jLAnqYkNsP8f742yXa0TpgITMz5053fziOwgxG_VhxIHEQ7mpaDYzxAtdF9MOYDteRNZhXevG8ZE.mp4?_nc_cat=104&_nc_sid=5e9851&_nc_ht=scontent-cgk2-1.cdninstagram.com&_nc_ohc=iokpCMvVPdAQ7kNvwGh0pTe&efg=eyJ2ZW5jb2RlX3RhZyI6Inhwdl9wcm9ncmVzc2l2ZS5JTlNUQUdSQU0uQ0xJUFMuQzMuNzIwLmRhc2hfYmFzZWxpbmVfMV92MSIsInhwdl9hc3NldF9pZCI6NzQzNjQ0Mjg4MDI4NjMxLCJ2aV91c2VjYXNlX2lkIjoxMDA5OSwiZHVyYXRpb25fcyI6ODcsInVybGdlbl9zb3VyY2UiOiJ3d3cifQ%3D%3D&ccb=17-1&vs=91cc9ad00c4a209e&_nc_vs=HBksFQIYUmlnX3hwdl9yZWVsc19wZXJtYW5lbnRfc3JfcHJvZC9GRTQ4QjAzN0U5MDExNkRGNzY4QjUzQUQ5NEMzMDU5NF92aWRlb19kYXNoaW5pdC5tcDQVAALIARIAFQIYOnBhc3N0aHJvdWdoX2V2ZXJzdG9yZS9HQWVlSXg0ZUs1YmdDeU1GQUFpWWxqMzlDcmwwYnFfRUFBQUYVAgLIARIAKAAYABsCiAd1c2Vfb2lsATEScHJvZ3Jlc3NpdmVfcmVjaXBlATEVAAAmrr-E2uWV0gIVAigCQzMsF0BVxmZmZmZmGBJkYXNoX2Jhc2VsaW5lXzFfdjERAHX-B2XmnQEA&_nc_gid=uGYR9tdSTLtNR-5m1txQvw&_nc_zt=28&oh=00_AfWQtOSkaS_-93qIgXT56zl5Vk7Dl3DdDK2BdgHXVoKRUg&oe=689B8055, https://scontent-cgk2-1.cdninstagram.com/o1/v/t2/f2/m86/AQPYnSGoFjuMdsjQNQBN-KPMwY0jLAnqYkNsP8f742yXa0TpgITMz5053fziOwgxG_VhxIHEQ7mpaDYzxAtdF9MOYDteRNZhXevG8ZE.mp4?_nc_cat=104&_nc_sid=5e9851&_nc_ht=scontent-cgk2-1.cdninstagram.com&_nc_ohc=iokpCMvVPdAQ7kNvwGh0pTe&efg=eyJ2ZW5jb2RlX3RhZyI6Inhwdl9wcm9ncmVzc2l2ZS5JTlNUQUdSQU0uQ0xJUFMuQzMuNzIwLmRhc2hfYmFzZWxpbmVfMV92MSIsInhwdl9hc3NldF9pZCI6NzQzNjQ0Mjg4MDI4NjMxLCJ2aV91c2VjYXNlX2lkIjoxMDA5OSwiZHVyYXRpb25fcyI6ODcsInVybGdlbl9zb3VyY2UiOiJ3d3cifQ%3D%3D&ccb=17-1&vs=91cc9ad00c4a209e&_nc_vs=HBksFQIYUmlnX3hwdl9yZWVsc19wZXJtYW5lbnRfc3JfcHJvZC9GRTQ4QjAzN0U5MDExNkRGNzY4QjUzQUQ5NEMzMDU5NF92aWRlb19kYXNoaW5pdC5tcDQVAALIARIAFQIYOnBhc3N0aHJvdWdoX2V2ZXJzdG9yZS9HQWVlSXg0ZUs1YmdDeU1GQUFpWWxqMzlDcmwwYnFfRUFBQUYVAgLIARIAKAAYABsCiAd1c2Vfb2lsATEScHJvZ3Jlc3NpdmVfcmVjaXBlATEVAAAmrr-E2uWV0gIVAigCQzMsF0BVxmZmZmZmGBJkYXNoX2Jhc2VsaW5lXzFfdjERAHX-B2XmnQEA&_nc_gid=uGYR9tdSTLtNR-5m1txQvw&_nc_zt=28&oh=00_AfWQtOSkaS_-93qIgXT56zl5Vk7Dl3DdDK2BdgHXVoKRUg&oe=689B8055, https://scontent-cgk2-1.cdninstagram.com/o1/v/t2/f2/m86/AQPYnSGoFjuMdsjQNQBN-KPMwY0jLAnqYkNsP8f742yXa0TpgITMz5053fziOwgxG_VhxIHEQ7mpaDYzxAtdF9MOYDteRNZhXevG8ZE.mp4?_nc_cat=104&_nc_sid=5e9851&_nc_ht=scontent-cgk2-1.cdninstagram.com&_nc_ohc=iokpCMvVPdAQ7kNvwGh0pTe&efg=eyJ2ZW5jb2RlX3RhZyI6Inhwdl9wcm9ncmVzc2l2ZS5JTlNUQUdSQU0uQ0xJUFMuQzMuNzIwLmRhc2hfYmFzZWxpbmVfMV92MSIsInhwdl9hc3NldF9pZCI6NzQzNjQ0Mjg4MDI4NjMxLCJ2aV91c2VjYXNlX2lkIjoxMDA5OSwiZHVyYXRpb25fcyI6ODcsInVybGdlbl9zb3VyY2UiOiJ3d3cifQ%3D%3D&ccb=17-1&vs=91cc9ad00c4a209e&_nc_vs=HBksFQIYUmlnX3hwdl9yZWVsc19wZXJtYW5lbnRfc3JfcHJvZC9GRTQ4QjAzN0U5MDExNkRGNzY4QjUzQUQ5NEMzMDU5NF92aWRlb19kYXNoaW5pdC5tcDQVAALIARIAFQIYOnBhc3N0aHJvdWdoX2V2ZXJzdG9yZS9HQWVlSXg0ZUs1YmdDeU1GQUFpWWxqMzlDcmwwYnFfRUFBQUYVAgLIARIAKAAYABsCiAd1c2Vfb2lsATEScHJvZ3Jlc3NpdmVfcmVjaXBlATEVAAAmrr-E2uWV0gIVAigCQzMsF0BVxmZmZmZmGBJkYXNoX2Jhc2VsaW5lXzFfdjERAHX-B2XmnQEA&_nc_gid=uGYR9tdSTLtNR-5m1txQvw&_nc_zt=28&oh=00_AfWQtOSkaS_-93qIgXT56zl5Vk7Dl3DdDK2BdgHXVoKRUg&oe=689B8055",failed,,,,,,,,HTTPError: 403 Client Error: Forbidden for url: https://scontent-cgk2-1.cdninstagram.com/o1/v/t2/f2/m86/AQPYnSGoFjuMdsjQNQBN-KPMwY0jLAnqYkNsP8f742yXa0TpgITMz5053fziOwgxG_VhxIHEQ7mpaDYzxAtdF9MOYDteRNZhXevG8ZE.mp4?_nc_cat=104&_nc_sid=5e9851&_nc_ht=scontent-cgk2-1.cdninstagram.com&_nc_ohc=iokpCMvVPdAQ7,2026-08-07 21:54:08
cdn_3fdba09f7c3e,cdn,"https://instagram.fcgk38-1.fna.fbcdn.net/o1/v/t2/f2/m86/AQOmEkBINMLerU8OSYmJ6Ih1h08vQv_Z-267MnsQxGBMQaUWwj3Ugn1P89oDZfAVNadGZELYVRuk-6icr4f11N5_U1ibtPmGSi0j7R4.mp4?_nc_cat=108&_nc_oc=Admheqc9tYbeC7x7lodLWmXqtg98UFlgaV4GhNNLUcysyRP_A_punAfmrRPaoY8lbxEhUNd-eIAdQGGOeZyJK6zb&_nc_sid=5e9851&_nc_ht=instagram.fcgk38-1.fna.fbcdn.net&_nc_ohc=IW0flqgZ-8cQ7kNvwEeylGL&efg=eyJ2ZW5jb2RlX3RhZyI6Inhwdl9wcm9ncmVzc2l2ZS5JTlNUQUdSQU0uQ0xJUFMuQzMuNzIwLmRhc2hfYmFzZWxpbmVfMV92MSIsInhwdl9hc3NldF9pZCI6MTg4NjgyMTY1ODUyNTgxMSwidmlfdXNlY2FzZV9pZCI6MTAwOTksImR1cmF0aW9uX3MiOjcwLCJ1cmxnZW5fc291cmNlIjoid3d3In0%3D&ccb=17-1&vs=39c00162f1dbb29b&_nc_vs=HBksFQIYUmlnX3hwdl9yZWVsc19wZXJtYW5lbnRfc3JfcHJvZC8xRTQ0QjU3Q0UwQzNGNUZGNzc3MUZGQkEzNjk5NkQ5Ql92aWRlb19kYXNoaW5pdC5tcDQVAALIARIAFQIYOnBhc3N0aHJvdWdoX2V2ZXJzdG9yZS9HSzNiNng0dklCNmNPczhEQUV6MkV2QXk3UHB1YnFfRUFBQUYVAgLIARIAKAAYABsCiAd1c2Vfb2lsATEScHJvZ3Jlc3NpdmVfcmVjaXBlATEVAAAm5oGw67yD2gYVAigCQzMsF0BRt2yLQ5WBGBJkYXNoX2Jhc2VsaW5lXzFfdjERAHX-B2XmnQEA&_nc_zt=28&oh=00_AfVcgs9OAJZJ-jELaFadWZCA-k8N1i0AuVaHmplwN99hzw&oe=689B2D2D, https://instagram.fcgk38-1.fna.fbcdn.net/o1/v/t2/f2/m86/AQOmEkBINMLerU8OSYmJ6Ih1h08vQv_Z-267MnsQxGBMQaUWwj3Ugn1P89oDZfAVNadGZELYVRuk-6icr4f11N5_U1ibtPmGSi0j7R4.mp4?_nc_cat=108&_nc_oc=Admheqc9tYbeC7x7lodLWmXqtg98UFlgaV4GhNNLUcysyRP_A_punAfmrRPaoY8lbxEhUNd-eIAdQGGOeZyJK6zb&_nc_sid=5e9851&_nc_ht=instagram.fcgk38-1.fna.fbcdn.net&_nc_ohc=IW0flqgZ-8cQ7kNvwEeylGL&efg=eyJ2ZW5jb2RlX3RhZyI6Inhwdl9wcm9ncmVzc2l2ZS5JTlNUQUdSQU0uQ0xJUFMuQzMuNzIwLmRhc2hfYmFzZWxpbmVfMV92MSIsInhwdl9hc3NldF9pZCI6MTg4NjgyMTY1ODUyNTgxMSwidmlfdXNlY2FzZV9pZCI6MTAwOTksImR1cmF0aW9uX3MiOjcwLCJ1cmxnZW5fc291cmNlIjoid3d3In0%3D&ccb=17-1&vs=39c00162f1dbb29b&_nc_vs=HBksFQIYUmlnX3hwdl9yZWVsc19wZXJtYW5lbnRfc3JfcHJvZC8xRTQ0QjU3Q0UwQzNGNUZGNzc3MUZGQkEzNjk5NkQ5Ql92aWRlb19kYXNoaW5pdC5tcDQVAALIARIAFQIYOnBhc3N0aHJvdWdoX2V2ZXJzdG9yZS9HSzNiNng0dklCNmNPczhEQUV6MkV2QXk3UHB1YnFfRUFBQUYVAgLIARIAKAAYABsCiAd1c2Vfb2lsATEScHJvZ3Jlc3NpdmVfcmVjaXBlATEVAAAm5oGw67yD2gYVAigCQzMsF0BRt2yLQ5WBGBJkYXNoX2Jhc2VsaW5lXzFfdjERAHX-B2XmnQEA&_nc_zt=28&oh=00_AfVcgs9OAJZJ-jELaFadWZCA-k8N1i0AuVaHmplwN99hzw&oe=689B2D2D, https://instagram.fcgk38-1.fna.fbcdn.net/o1/v/t2/f2/m86/AQOmEkBINMLerU8OSYmJ6Ih1h08vQv_Z-267MnsQxGBMQaUWwj3Ugn1P89oDZfAVNadGZELYVRuk-6icr4f11N5_U1ibtPmGSi0j7R4.mp4?_nc_cat=108&_nc_oc=Admheqc9tYbeC7x7lodLWmXqtg98UFlgaV4GhNNLUcysyRP_A_punAfmrRPaoY8lbxEhUNd-eIAdQGGOeZyJK6zb&_nc_sid=5e9851&_nc_ht=instagram.fcgk38-1.fna.fbcdn.net&_nc_ohc=IW0flqgZ-8cQ7kNvwEeylGL&efg=eyJ2ZW5jb2RlX3RhZyI6Inhwdl9wcm9ncmVzc2l2ZS5JTlNUQUdSQU0uQ0xJUFMuQzMuNzIwLmRhc2hfYmFzZWxpbmVfMV92MSIsInhwdl9hc3NldF9pZCI6MTg4NjgyMTY1ODUyNTgxMSwidmlfdXNlY2FzZV9pZCI6MTAwOTksImR1cmF0aW9uX3MiOjcwLCJ1cmxnZW5fc291cmNlIjoid3d3In0%3D&ccb=17-1&vs=39c00162f1dbb29b&_nc_vs=HBksFQIYUmlnX3hwdl9yZWVsc19wZXJtYW5lbnRfc3JfcHJvZC8xRTQ0QjU3Q0UwQzNGNUZGNzc3MUZGQkEzNjk5NkQ5Ql92aWRlb19kYXNoaW5pdC5tcDQVAALIARIAFQIYOnBhc3N0aHJvdWdoX2V2ZXJzdG9yZS9HSzNiNng0dklCNmNPczhEQUV6MkV2QXk3UHB1YnFfRUFBQUYVAgLIARIAKAAYABsCiAd1c2Vfb2lsATEScHJvZ3Jlc3NpdmVfcmVjaXBlATEVAAAm5oGw67yD2gYVAigCQzMsF0BRt2yLQ5WBGBJkYXNoX2Jhc2VsaW5lXzFfdjERAHX-B2XmnQEA&_nc_zt=28&oh=00_AfVcgs9OAJZJ-jELaFadWZCA-k8N1i0AuVaHmplwN99hzw&oe=689B2D2D",failed,,,,,,,,HTTPError: 403 Client Error: Forbidden for url: https://video.xx.fbcdn.net/o1/v/t2/f2/m86/AQOmEkBINMLerU8OSYmJ6Ih1h08vQv_Z-267MnsQxGBMQaUWwj3Ugn1P89oDZfAVNadGZELYVRuk-6icr4f11N5_U1ibtPmGSi0j7R4.mp4?_nc_cat=108&_nc_oc=Admheqc9tYbeC7x7lodLWmXqtg98UFlgaV4GhNNLUcysyRP_A_punAfmrRPaoY8lbxEhUNd-eIAdQGGOeZy,2026-08-07 21:57:38
cdn_4def30a7c858,cdn,"https://scontent-cgk1-2.cdninstagram.com/o1/v/t2/f2/m86/AQMJ0bMj_Bc3ANsXS2N1gsHocXpIj1C8K9zIABmv9uzUWO6YbUUftbRTxZK55oEVxMoCGmVPSkWISvMkzYRTjCRx2JdyysMlpDe0VyQ.mp4?_nc_cat=107&_nc_sid=5e9851&_nc_ht=scontent-cgk1-2.cdninstagram.com&_nc_ohc=3w1eyUkeDsUQ7kNvwFkOf9j&efg=eyJ2ZW5jb2RlX3RhZyI6Inhwdl9wcm9ncmVzc2l2ZS5JTlNUQUdSQU0uQ0xJUFMuQzMuNzIwLmRhc2hfYmFzZWxpbmVfMV92MSIsInhwdl9hc3NldF9pZCI6MTA5Mjk3NTIwMjE2MTc2OCwidmlfdXNlY2FzZV9pZCI6MTAwOTksImR1cmF0aW9uX3MiOjM1LCJ1cmxnZW5fc291cmNlIjoid3d3In0%3D&ccb=17-1&vs=f53d5f703b2a9f3e&_nc_vs=HBksFQIYUmlnX3hwdl9yZWVsc19wZXJtYW5lbnRfc3JfcHJvZC8wNjRFNjEwQzdCRkQwMkMzNTMzRTNGRUJDQTQ0QUE4NV92aWRlb19kYXNoaW5pdC5tcDQVAALIARIAFQIYOnBhc3N0aHJvdWdoX2V2ZXJzdG9yZS9HSGRLUmhfTlNNMzNXS1FDQU1DTzc2THdEVlJrYnFfRUFBQUYVAgLIARIAKAAYABsCiAd1c2Vfb2lsATEScHJvZ3Jlc3NpdmVfcmVjaXBlATEVAAAm0NHi6sOD8QMVAigCQzMsF0BB5mZmZmZmGBJkYXNoX2Jhc2VsaW5lXzFfdjERAHX-B2XmnQEA&_nc_gid=IaoIHTMgwnJhXVNSujhnVw&_nc_zt=28&oh=00_AfU9ETMu6MqnzbrVUxhyIzs_05Mc6SV_g5J20J8mHCspTg&oe=689B8574, https://scontent-cgk1-2.cdninstagram.com/o1/v/t2/f2/m86/AQMJ0bMj_Bc3ANsXS2N1gsHocXpIj1C8K9zIABmv9uzUWO6YbUUftbRTxZK55oEVxMoCGmVPSkWISvMkzYRTjCRx2JdyysMlpDe0VyQ.mp4?_nc_cat=107&_nc_sid=5e9851&_nc_ht=scontent-cgk1-2.cdninstagram.com&_nc_ohc=3w1eyUkeDsUQ7kNvwFkOf9j&efg=eyJ2ZW5jb2RlX3RhZyI6Inhwdl9wcm9ncmVzc2l2ZS5JTlNUQUdSQU0uQ0xJUFMuQzMuNzIwLmRhc2hfYmFzZWxpbmVfMV92MSIsInhwdl9hc3NldF9pZCI6MTA5Mjk3NTIwMjE2MTc2OCwidmlfdXNlY2FzZV9pZCI6MTAwOTksImR1cmF0aW9uX3MiOjM1LCJ1cmxnZW5fc291cmNlIjoid3d3In0%3D&ccb=17-1&vs=f53d5f703b2a9f3e&_nc_vs=HBksFQIYUmlnX3hwdl9yZWVsc19wZXJtYW5lbnRfc3JfcHJvZC8wNjRFNjEwQzdCRkQwMkMzNTMzRTNGRUJDQTQ0QUE4NV92aWRlb19kYXNoaW5pdC5tcDQVAALIARIAFQIYOnBhc3N0aHJvdWdoX2V2ZXJzdG9yZS9HSGRLUmhfTlNNMzNXS1FDQU1DTzc2THdEVlJrYnFfRUFBQUYVAgLIARIAKAAYABsCiAd1c2Vfb2lsATEScHJvZ3Jlc3NpdmVfcmVjaXBlATEVAAAm0NHi6sOD8QMVAigCQzMsF0BB5mZmZmZmGBJkYXNoX2Jhc2VsaW5lXzFfdjERAHX-B2XmnQEA&_nc_gid=IaoIHTMgwnJhXVNSujhnVw&_nc_zt=28&oh=00_AfU9ETMu6MqnzbrVUxhyIzs_05Mc6SV_g5J20J8mHCspTg&oe=689B8574, https://scontent-cgk1-2.cdninstagram.com/o1/v/t2/f2/m86/AQMJ0bMj_Bc3ANsXS2N1gsHocXpIj1C8K9zIABmv9uzUWO6YbUUftbRTxZK55oEVxMoCGmVPSkWISvMkzYRTjCRx2JdyysMlpDe0VyQ.mp4?_nc_cat=107&_nc_sid=5e9851&_nc_ht=scontent-cgk1-2.cdninstagram.com&_nc_ohc=3w1eyUkeDsUQ7kNvwFkOf9j&efg=eyJ2ZW5jb2RlX3RhZyI6Inhwdl9wcm9ncmVzc2l2ZS5JTlNUQUdSQU0uQ0xJUFMuQzMuNzIwLmRhc2hfYmFzZWxpbmVfMV92MSIsInhwdl9hc3NldF9pZCI6MTA5Mjk3NTIwMjE2MTc2OCwidmlfdXNlY2FzZV9pZCI6MTAwOTksImR1cmF0aW9uX3MiOjM1LCJ1cmxnZW5fc291cmNlIjoid3d3In0%3D&ccb=17-1&vs=f53d5f703b2a9f3e&_nc_vs=HBksFQIYUmlnX3hwdl9yZWVsc19wZXJtYW5lbnRfc3JfcHJvZC8wNjRFNjEwQzdCRkQwMkMzNTMzRTNGRUJDQTQ0QUE4NV92aWRlb19kYXNoaW5pdC5tcDQVAALIARIAFQIYOnBhc3N0aHJvdWdoX2V2ZXJzdG9yZS9HSGRLUmhfTlNNMzNXS1FDQU1DTzc2THdEVlJrYnFfRUFBQUYVAgLIARIAKAAYABsCiAd1c2Vfb2lsATEScHJvZ3Jlc3NpdmVfcmVjaXBlATEVAAAm0NHi6sOD8QMVAigCQzMsF0BB5mZmZmZmGBJkYXNoX2Jhc2VsaW5lXzFfdjERAHX-B2XmnQEA&_nc_gid=IaoIHTMgwnJhXVNSujhnVw&_nc_zt=28&oh=00_AfU9ETMu6MqnzbrVUxhyIzs_05Mc6SV_g5J20J8mHCspTg&oe=689B8574",failed,,,,,,,,HTTPError: 403 Client Error: Forbidden for url: https://scontent-cgk1-2.cdninstagram.com/o1/v/t2/f2/m86/AQMJ0bMj_Bc3ANsXS2N1gsHocXpIj1C8K9zIABmv9uzUWO6YbUUftbRTxZK55oEVxMoCGmVPSkWISvMkzYRTjCRx2JdyysMlpDe0VyQ.mp4?_nc_cat=107&_nc_sid=5e9851&_nc_ht=scontent-cgk1-2.cdninstagram.com&_nc_ohc=3w1eyUkeDsUQ7,2026-08-07 21:57:20
cdn_4ef3c7c9977d,cdn,"https://scontent-cgk1-2.cdninstagram.com/o1/v/t2/f2/m86/AQPymzMm3OM-7aeapoqFJJJSTFpzP42MtxSAP3mCqJABLDOSYqs-0L1wE6wzNO-rfDyIbgwRRfcqzSkp-8pUvp6F_xaSb7sFLT2J-Zg.mp4?_nc_cat=101&_nc_sid=5e9851&_nc_ht=scontent-cgk1-2.cdninstagram.com&_nc_ohc=jh8mgXkZcL4Q7kNvwFOBAs4&efg=eyJ2ZW5jb2RlX3RhZyI6Inhwdl9wcm9ncmVzc2l2ZS5JTlNUQUdSQU0uQ0xJUFMuQzMuNzIwLmRhc2hfYmFzZWxpbmVfMV92MSIsInhwdl9hc3NldF9pZCI6NzIxNzM2NDA3NDA5NDE0LCJ2aV91c2VjYXNlX2lkIjoxMDA5OSwiZHVyYXRpb25fcyI6MzUsInVybGdlbl9zb3VyY2UiOiJ3d3cifQ%3D%3D&ccb=17-1&vs=f5d368dbcbe9af79&_nc_vs=HBksFQIYUmlnX3hwdl9yZWVsc19wZXJtYW5lbnRfc3JfcHJvZC9GRjREMkIyQUZBMDQ5M0FGRjBBMzdERUQzRTE4NjI4RF92aWRlb19kYXNoaW5pdC5tcDQVAALIARIAFQIYOnBhc3N0aHJvdWdoX2V2ZXJzdG9yZS9HS2hGeGg3NFUxU2RnR0FPQU5BSVZuNWxmX0Z2YnFfRUFBQUYVAgLIARIAKAAYABsCiAd1c2Vfb2lsATEScHJvZ3Jlc3NpdmVfcmVjaXBlATEVAAAmjIz7osuayAIVAigCQzMsF0BBjMzMzMzNGBJkYXNoX2Jhc2VsaW5lXzFfdjERAHX-B2XmnQEA&_nc_gid=qYsP2FaRh_-cHwqcm4QxDA&_nc_zt=28&oh=00_AfVrn_BBEyV-fvO-zG2-sf4RGpvAYSrtk6OhEYWjcncrrw&oe=689B7546, https://scontent-cgk1-2.cdninstagram.com/o1/v/t2/f2/m86/AQPymzMm3OM-7aeapoqFJJJSTFpzP42MtxSAP3mCqJABLDOSYqs-0L1wE6wzNO-rfDyIbgwRRfcqzSkp-8pUvp6F_xaSb7sFLT2J-Zg.mp4?_nc_cat=101&_nc_sid=5e9851&_nc_ht=scontent-cgk1-2.cdninstagram.com&_nc_ohc=jh8mgXkZcL4Q7kNvwFOBAs4&efg=eyJ2ZW5jb2RlX3RhZyI6Inhwdl9wcm9ncmVzc2l2ZS5JTlNUQUdSQU0uQ0xJUFMuQzMuNzIwLmRhc2hfYmFzZWxpbmVfMV92MSIsInhwdl9hc3NldF9pZCI6NzIxNzM2NDA3NDA5NDE0LCJ2aV91c2VjYXNlX2lkIjoxMDA5OSwiZHVyYXRpb25fcyI6MzUsInVybGdlbl9zb3VyY2UiOiJ3d3cifQ%3D%3D&ccb=17-1&vs=f5d368dbcbe9af79&_nc_vs=HBksFQIYUmlnX3hwdl9yZWVsc19wZXJtYW5lbnRfc3JfcHJvZC9GRjREMkIyQUZBMDQ5M0FGRjBBMzdERUQzRTE4NjI4RF92aWRlb19kYXNoaW5pdC5tcDQVAALIARIAFQIYOnBhc3N0aHJvdWdoX2V2ZXJzdG9yZS9HS2hGeGg3NFUxU2RnR0FPQU5BSVZuNWxmX0Z2YnFfRUFBQUYVAgLIARIAKAAYABsCiAd1c2Vfb2lsATEScHJvZ3Jlc3NpdmVfcmVjaXBlATEVAAAmjIz7osuayAIVAigCQzMsF0BBjMzMzMzNGBJkYXNoX2Jhc2VsaW5lXzFfdjERAHX-B2XmnQEA&_nc_gid=qYsP2FaRh_-cHwqcm4QxDA&_nc_zt=28&oh=00_AfVrn_BBEyV-fvO-zG2-sf4RGpvAYSrtk6OhEYWjcncrrw&oe=689B7546, https://scontent-cgk1-2.cdninstagram.com/o1/v/t2/f2/m86/AQPymzMm3OM-7aeapoqFJJJSTFpzP42MtxSAP3mCqJABLDOSYqs-0L1wE6wzNO-rfDyIbgwRRfcqzSkp-8pUvp6F_xaSb7sFLT2J-Zg.mp4?_nc_cat=101&_nc_sid=5e9851&_nc_ht=scontent-cgk1-2.cdninstagram.com&_nc_ohc=jh8mgXkZcL4Q7kNvwFOBAs4&efg=eyJ2ZW5jb2RlX3RhZyI6Inhwdl9wcm9ncmVzc2l2ZS5JTlNUQUdSQU0uQ0xJUFMuQzMuNzIwLmRhc2hfYmFzZWxpbmVfMV92MSIsInhwdl9hc3NldF9pZCI6NzIxNzM2NDA3NDA5NDE0LCJ2aV91c2VjYXNlX2lkIjoxMDA5OSwiZHVyYXRpb25fcyI6MzUsInVybGdlbl9zb3VyY2UiOiJ3d3cifQ%3D%3D&ccb=17-1&vs=f5d368dbcbe9af79&_nc_vs=HBksFQIYUmlnX3hwdl9yZWVsc19wZXJtYW5lbnRfc3JfcHJvZC9GRjREMkIyQUZBMDQ5M0FGRjBBMzdERUQzRTE4NjI4RF92aWRlb19kYXNoaW5pdC5tcDQVAALIARIAFQIYOnBhc3N0aHJvdWdoX2V2ZXJzdG9yZS9HS2hGeGg3NFUxU2RnR0FPQU5BSVZuNWxmX0Z2YnFfRUFBQUYVAgLIARIAKAAYABsCiAd1c2Vfb2lsATEScHJvZ3Jlc3NpdmVfcmVjaXBlATEVAAAmjIz7osuayAIVAigCQzMsF0BBjMzMzMzNGBJkYXNoX2Jhc2VsaW5lXzFfdjERAHX-B2XmnQEA&_nc_gid=qYsP2FaRh_-cHwqcm4QxDA&_nc_zt=28&oh=00_AfVrn_BBEyV-fvO-zG2-sf4RGpvAYSrtk6OhEYWjcncrrw&oe=689B7546",failed,,,,,,,,HTTPError: 403 Client Error: Forbidden for url: https://scontent-cgk1-2.cdninstagram.com/o1/v/t2/f2/m86/AQPymzMm3OM-7aeapoqFJJJSTFpzP42MtxSAP3mCqJABLDOSYqs-0L1wE6wzNO-rfDyIbgwRRfcqzSkp-8pUvp6F_xaSb7sFLT2J-Zg.mp4?_nc_cat=101&_nc_sid=5e9851&_nc_ht=scontent-cgk1-2.cdninstagram.com&_nc_ohc=jh8mgXkZcL4Q7,2026-08-07 21:54:39
cdn_51e9fed4b98b,cdn,"https://scontent-cgk2-1.cdninstagram.com/o1/v/t2/f2/m86/AQP85DO6M-2PwEny71wgzk7aa7nAm_NWrtpvC8Lw0tVhPlc-jtwI2rYBDbLLfge38rRgKXaGGgCKLPP-_p73rEWtalqN5BcsOov0jRI.mp4?_nc_cat=106&_nc_sid=5e9851&_nc_ht=scontent-cgk2-1.cdninstagram.com&_nc_ohc=Fiu9pvigtA4Q7kNvwFhcHH-&efg=eyJ2ZW5jb2RlX3RhZyI6Inhwdl9wcm9ncmVzc2l2ZS5JTlNUQUdSQU0uQ0xJUFMuQzMuNzIwLmRhc2hfYmFzZWxpbmVfMV92MSIsInhwdl9hc3NldF9pZCI6MjE2NTk4ODY0MTQ2OTg2NSwidmlfdXNlY2FzZV9pZCI6MTAwOTksImR1cmF0aW9uX3MiOjM0LCJ1cmxnZW5fc291cmNlIjoid3d3In0%3D&ccb=17-1&vs=8e8dd26e29416dac&_nc_vs=HBksFQIYUmlnX3hwdl9yZWVsc19wZXJtYW5lbnRfc3JfcHJvZC80NDQwMjRCQ0I3RkZCMjZERUVGNDM1N0YxOURFOTA4M192aWRlb19kYXNoaW5pdC5tcDQVAALIARIAFQIYOnBhc3N0aHJvdWdoX2V2ZXJzdG9yZS9HSFVhQngtalB0c1JjV2tqQUFLMWtQSkYyaFJoYnFfRUFBQUYVAgLIARIAKAAYABsCiAd1c2Vfb2lsATEScHJvZ3Jlc3NpdmVfcmVjaXBlATEVAAAm0tb_-JD92AcVAigCQzMsF0BBMzMzMzMzGBJkYXNoX2Jhc2VsaW5lXzFfdjERAHX-B2XmnQEA&_nc_zt=28&oh=00_AfVOR68Em2oO5q-L7dLiOltIZu1YMM04L45C-FczP4I1vQ&oe=689B805F, https://scontent-cgk2-1.cdninstagram.com/o1/v/t2/f2/m86/AQP85DO6M-2PwEny71wgzk7aa7nAm_NWrtpvC8Lw0tVhPlc-jtwI2rYBDbLLfge38rRgKXaGGgCKLPP-_p73rEWtalqN5BcsOov0jRI.mp4?_nc_cat=106&_nc_sid=5e9851&_nc_ht=scontent-cgk2-1.cdninstagram.com&_nc_ohc=Fiu9pvigtA4Q7kNvwFhcHH-&efg=eyJ2ZW5jb2RlX3RhZyI6Inhwdl9wcm9ncmVzc2l2ZS5JTlNUQUdSQU0uQ0xJUFMuQzMuNzIwLmRhc2hfYmFzZWxpbmVfMV92MSIsInhwdl9hc3NldF9pZCI6MjE2NTk4ODY0MTQ2OTg2NSwidmlfdXNlY2FzZV9pZCI6MTAwOTksImR1cmF0aW9uX3MiOjM0LCJ1cmxnZW5fc291cmNlIjoid3d3In0%3D&ccb=17-1&vs=8e8dd26e29416dac&_nc_vs=HBksFQIYUmlnX3hwdl9yZWVsc19wZXJtYW5lbnRfc3JfcHJvZC80NDQwMjRCQ0I3RkZCMjZERUVGNDM1N0YxOURFOTA4M192aWRlb19kYXNoaW5pdC5tcDQVAALIARIAFQIYOnBhc3N0aHJvdWdoX2V2ZXJzdG9yZS9HSFVhQngtalB0c1JjV2tqQUFLMWtQSkYyaFJoYnFfRUFBQUYVAgLIARIAKAAYABsCiAd1c2Vfb2lsATEScHJvZ3Jlc3NpdmVfcmVjaXBlATEVAAAm0tb_-JD92AcVAigCQzMsF0BBMzMzMzMzGBJkYXNoX2Jhc2VsaW5lXzFfdjERAHX-B2XmnQEA&_nc_zt=28&oh=00_AfVOR68Em2oO5q-L7dLiOltIZu1YMM04L45C-FczP4I1vQ&oe=689B805F, https://scontent-cgk2-1.cdninstagram.com/o1/v/t2/f2/m86/AQP85DO6M-2PwEny71wgzk7aa7nAm_NWrtpvC8Lw0tVhPlc-jtwI2rYBDbLLfge38rRgKXaGGgCKLPP-_p73rEWtalqN5BcsOov0jRI.mp4?_nc_cat=106&_nc_sid=5e9851&_nc_ht=scontent-cgk2-1.cdninstagram.com&_nc_ohc=Fiu9pvigtA4Q7kNvwFhcHH-&efg=eyJ2ZW5jb2RlX3RhZyI6Inhwdl9wcm9ncmVzc2l2ZS5JTlNUQUdSQU0uQ0xJUFMuQzMuNzIwLmRhc2hfYmFzZWxpbmVfMV92MSIsInhwdl9hc3NldF9pZCI6MjE2NTk4ODY0MTQ2OTg2NSwidmlfdXNlY2FzZV9pZCI6MTAwOTksImR1cmF0aW9uX3MiOjM0LCJ1cmxnZW5fc291cmNlIjoid3d3In0%3D&ccb=17-1&vs=8e8dd26e29416dac&_nc_vs=HBksFQIYUmlnX3hwdl9yZWVsc19wZXJtYW5lbnRfc3JfcHJvZC80NDQwMjRCQ0I3RkZCMjZERUVGNDM1N0YxOURFOTA4M192aWRlb19kYXNoaW5pdC5tcDQVAALIARIAFQIYOnBhc3N0aHJvdWdoX2V2ZXJzdG9yZS9HSFVhQngtalB0c1JjV2tqQUFLMWtQSkYyaFJoYnFfRUFBQUYVAgLIARIAKAAYABsCiAd1c2Vfb2lsATEScHJvZ3Jlc3NpdmVfcmVjaXBlATEVAAAm0tb_-JD92AcVAigCQzMsF0BBMzMzMzMzGBJkYXNoX2Jhc2VsaW5lXzFfdjERAHX-B2XmnQEA&_nc_zt=28&oh=00_AfVOR68Em2oO5q-L7dLiOltIZu1YMM04L45C-FczP4I1vQ&oe=689B805F",failed,,,,,,,,HTTPError: 403 Client Error: Forbidden for url: https://scontent-cgk2-1.cdninstagram.com/o1/v/t2/f2/m86/AQP85DO6M-2PwEny71wgzk7aa7nAm_NWrtpvC8Lw0tVhPlc-jtwI2rYBDbLLfge38rRgKXaGGgCKLPP-_p73rEWtalqN5BcsOov0jRI.mp4?_nc_cat=106&_nc_sid=5e9851&_nc_ht=scontent-cgk2-1.cdninstagram.com&_nc_ohc=Fiu9pvigtA4Q7,2026-08-07 21:56:34
cdn_5f4354d72bdb,cdn,"https://scontent-cgk1-2.cdninstagram.com/o1/v/t16/f2/m69/AQOGlxqZEj-BcvOrkADxr_WEemy4uIH--PHq6X0obCpF2HyHK7Hx-rOi3lgVAITeN2imDGUddwoTP2ATivEPX7jc.mp4?stp=dst-mp4&efg=eyJxZV9ncm91cHMiOiJbXCJpZ193ZWJfZGVsaXZlcnlfdnRzX290ZlwiXSIsInZlbmNvZGVfdGFnIjoidnRzX3ZvZF91cmxnZW4uY2xpcHMuYzIuNzIwLmJhc2VsaW5lIn0&_nc_cat=101&vs=1139473477534124_3687618034&_nc_vs=HBksFQIYOnBhc3N0aHJvdWdoX2V2ZXJzdG9yZS9HSUNXbUFEZGFDMVAzbndDQU52ZTdzMGNxRHd2YnFDQkFBQUYVAALIARIAFQIYOnBhc3N0aHJvdWdoX2V2ZXJzdG9yZS9HQXhaVng4bkpEdTV6NzRDQUpjVDlySlF5cFp5YnFDQkFBQUYVAgLIARIAKAAYABsAFQAAJp6azKzkntU%2FFQIoAkMzLBdAjbg5WBBiThgSZGFzaF9iYXNlbGluZV8xX3YxEQB1%2Fgdl7J0BAA%3D%3D&ccb=9-4&oh=00_AfW7IyY6zIB9dxysyBIwZZEDMyZT9q97_JkxVB6J3a--Rw&oe=689B92A6&_nc_sid=8f1549, https://scontent-cgk2-1.cdninstagram.com/o1/v/t16/f2/m69/AQMjTCgfYcJmlYaGV2gxlIbyt1Z2aOHeWa3qgsqZI0MvKPuZ5OyD9Jq3tXD7IThVtV6W9ypnArzmaTdcpROcYDKb.mp4?stp=dst-mp4&efg=eyJxZV9ncm91cHMiOiJbXCJpZ193ZWJfZGVsaXZlcnlfdnRzX290ZlwiXSIsInZlbmNvZGVfdGFnIjoidnRzX3ZvZF91cmxnZW4uY2xpcHMuYzIuNTA0LmJhc2VsaW5lIn0&_nc_cat=104&vs=1094778708766239_1794134338&_nc_vs=HBksFQIYOnBhc3N0aHJvdWdoX2V2ZXJzdG9yZS9HSUNXbUFETVRDQ1RJNzBEQUFzcmU2eFZFUEVsYnFDQkFBQUYVAALIARIAFQIYOnBhc3N0aHJvdWdoX2V2ZXJzdG9yZS9HQXhaVng4bkpEdTV6NzRDQUpjVDlySlF5cFp5YnFDQkFBQUYVAgLIARIAKAAYABsAFQAAJp6azKzkntU%2FFQIoAkMzLBdAjbg5WBBiThgSZGFzaF9iYXNlbGluZV8yX3YxEQB1%2Fgdl7J0BAA%3D%3D&ccb=9-4&oh=00_AfXWhLoSNbOuCnRgpW5QNgUn31gXuO6izVO5YRJZfg1o1Q&oe=689B80A3&_nc_sid=8f1549, https://scontent-cgk2-1.cdninstagram.com/o1/v/t16/f2/m69/AQMjTCgfYcJmlYaGV2gxlIbyt1Z2aOHeWa3qgsqZI0MvKPuZ5OyD9Jq3tXD7IThVtV6W9ypnArzmaTdcpROcYDKb.mp4?stp=dst-mp4&efg=eyJxZV9ncm91cHMiOiJbXCJpZ193ZWJfZGVsaXZlcnlfdnRzX290ZlwiXSIsInZlbmNvZGVfdGFnIjoidnRzX3ZvZF91cmxnZW4uY2xpcHMuYzIuNTA0LmJhc2VsaW5lIn0&_nc_cat=104&vs=1094778708766239_1794134338&_nc_vs=HBksFQIYOnBhc3N0aHJvdWdoX2V2ZXJzdG9yZS9HSUNXbUFETVRDQ1RJNzBEQUFzcmU2eFZFUEVsYnFDQkFBQUYVAALIARIAFQIYOnBhc3N0aHJvdWdoX2V2ZXJzdG9yZS9HQXhaVng4bkpEdTV6NzRDQUpjVDlySlF5cFp5YnFDQkFBQUYVAgLIARIAKAAYABsAFQAAJp6azKzkntU%2FFQIoAkMzLBdAjbg5WBBiThgSZGFzaF9iYXNlbGluZV8yX3YxEQB1%2Fgdl7J0BAA%3D%3D&ccb=9-4&oh=00_AfXWhLoSNbOuCnRgpW5QNgUn31gXuO6izVO5YRJZfg1o1Q&oe=689B80A3&_nc_sid=8f1549",failed,,,,,,,,HTTPError: 403 Client Error: Forbidden for url: https://scontent-cgk1-2.cdninstagram.com/o1/v/t16/f2/m69/AQOGlxqZEj-BcvOrkADxr_WEemy4uIH--PHq6X0obCpF2HyHK7Hx-rOi3lgVAITeN2imDGUddwoTP2ATivEPX7jc.mp4?stp=dst-mp4&efg=eyJxZV9ncm91cHMiOiJbXCJpZ193ZWJfZGVsaXZlcnlfdnRzX290ZlwiXSIsInZlbmNvZGVfdGFnIjoidnRzX3,2026-08-07 21:57:50
cdn_60bbece8ccf8,cdn,"https://scontent-cgk2-1.cdninstagram.com/o1/v/t2/f2/m86/AQOZXul2FwMQZ1sV3fqnmmjMOg0BtZARLarKu4O2BVjg_n4YjJZZhsSJzVHBU1GAIfOIH7VJl-cl8OECgIARHF3eh04inmxpumcE8_Q.mp4?_nc_cat=104&_nc_sid=5e9851&_nc_ht=scontent-cgk2-1.cdninstagram.com&_nc_ohc=rrCa5FAq9xgQ7kNvwE29FIH&efg=eyJ2ZW5jb2RlX3RhZyI6Inhwdl9wcm9ncmVzc2l2ZS5JTlNUQUdSQU0uQ0xJUFMuQzMuNzIwLmRhc2hfYmFzZWxpbmVfMV92MSIsInhwdl9hc3NldF9pZCI6MTIzNzIzMTIwMTA1MTIzMSwidmlfdXNlY2FzZV9pZCI6MTAwOTksImR1cmF0aW9uX3MiOjkxLCJ1cmxnZW5fc291cmNlIjoid3d3In0%3D&ccb=17-1&vs=139b04864a13969e&_nc_vs=HBksFQIYUmlnX3hwdl9yZWVsc19wZXJtYW5lbnRfc3JfcHJvZC81RjQ5N0JENDYxQjQ3RTg1NkQ2OUZDNDhDRDNGOTA5Rl92aWRlb19kYXNoaW5pdC5tcDQVAALIARIAFQIYOnBhc3N0aHJvdWdoX2V2ZXJzdG9yZS9HRERRSEItVlhSRnFPSElFQUd2WFF2TGhYRHRZYnFfRUFBQUYVAgLIARIAKAAYABsCiAd1c2Vfb2lsATEScHJvZ3Jlc3NpdmVfcmVjaXBlATEVAAAmvonz46rQsgQVAigCQzMsF0BW-7ZFocrBGBJkYXNoX2Jhc2VsaW5lXzFfdjERAHX-B2XmnQEA&_nc_zt=28&oh=00_AfWF-NN3K-PIEhlhlIiGAuOtroH_cSYlZ2ciKk4V8CKAdA&oe=689B882D, https://scontent-cgk2-1.cdninstagram.com/o1/v/t2/f2/m86/AQOZXul2FwMQZ1sV3fqnmmjMOg0BtZARLarKu4O2BVjg_n4YjJZZhsSJzVHBU1GAIfOIH7VJl-cl8OECgIARHF3eh04inmxpumcE8_Q.mp4?_nc_cat=104&_nc_sid=5e9851&_nc_ht=scontent-cgk2-1.cdninstagram.com&_nc_ohc=rrCa5FAq9xgQ7kNvwE29FIH&efg=eyJ2ZW5jb2RlX3RhZyI6Inhwdl9wcm9ncmVzc2l2ZS5JTlNUQUdSQU0uQ0xJUFMuQzMuNzIwLmRhc2hfYmFzZWxpbmVfMV92MSIsInhwdl9hc3NldF9pZCI6MTIzNzIzMTIwMTA1MTIzMSwidmlfdXNlY2FzZV9pZCI6MTAwOTksImR1cmF0aW9uX3MiOjkxLCJ1cmxnZW5fc291cmNlIjoid3d3In0%3D&ccb=17-1&vs=139b04864a13969e&_nc_vs=HBksFQIYUmlnX3hwdl9yZWVsc19wZXJtYW5lbnRfc3JfcHJvZC81RjQ5N0JENDYxQjQ3RTg1NkQ2OUZDNDhDRDNGOTA5Rl92aWRlb19kYXNoaW5pdC5tcDQVAALIARIAFQIYOnBhc3N0aHJvdWdoX2V2ZXJzdG9yZS9HRERRSEItVlhSRnFPSElFQUd2WFF2TGhYRHRZYnFfRUFBQUYVAgLIARIAKAAYABsCiAd1c2Vfb2lsATEScHJvZ3Jlc3NpdmVfcmVjaXBlATEVAAAmvonz46rQsgQVAigCQzMsF0BW-7ZFocrBGBJkYXNoX2Jhc2VsaW5lXzFfdjERAHX-B2XmnQEA&_nc_zt=28&oh=00_AfWF-NN3K-PIEhlhlIiGAuOtroH_cSYlZ2ciKk4V8CKAdA&oe=689B882D, https://scontent-cgk2-1.cdninstagram.com/o1/v/t2/f2/m86/AQOZXul2FwMQZ1sV3fqnmmjMOg0BtZARLarKu4O2BVjg_n4YjJZZhsSJzVHBU1GAIfOIH7VJl-cl8OECgIARHF3eh04inmxpumcE8_Q.mp4?_nc_cat=104&_nc_sid=5e9851&_nc_ht=scontent-cgk2-1.cdninstagram.com&_nc_ohc=rrCa5FAq9xgQ7kNvwE29FIH&efg=eyJ2ZW5jb2RlX3RhZyI6Inhwdl9wcm9ncmVzc2l2ZS5JTlNUQUdSQU0uQ0xJUFMuQzMuNzIwLmRhc2hfYmFzZWxpbmVfMV92MSIsInhwdl9hc3NldF9pZCI6MTIzNzIzMTIwMTA1MTIzMSwidmlfdXNlY2FzZV9pZCI6MTAwOTksImR1cmF0aW9uX3MiOjkxLCJ1cmxnZW5fc291cmNlIjoid3d3In0%3D&ccb=17-1&vs=139b04864a13969e&_nc_vs=HBksFQIYUmlnX3hwdl9yZWVsc19wZXJtYW5lbnRfc3JfcHJvZC81RjQ5N0JENDYxQjQ3RTg1NkQ2OUZDNDhDRDNGOTA5Rl92aWRlb19kYXNoaW5pdC5tcDQVAALIARIAFQIYOnBhc3N0aHJvdWdoX2V2ZXJzdG9yZS9HRERRSEItVlhSRnFPSElFQUd2WFF2TGhYRHRZYnFfRUFBQUYVAgLIARIAKAAYABsCiAd1c2Vfb2lsATEScHJvZ3Jlc3NpdmVfcmVjaXBlATEVAAAmvonz46rQsgQVAigCQzMsF0BW-7ZFocrBGBJkYXNoX2Jhc2VsaW5lXzFfdjERAHX-B2XmnQEA&_nc_zt=28&oh=00_AfWF-NN3K-PIEhlhlIiGAuOtroH_cSYlZ2ciKk4V8CKAdA&oe=689B882D",failed,,,,,,,,HTTPError: 403 Client Error: Forbidden for url: https://scontent-cgk2-1.cdninstagram.com/o1/v/t2/f2/m86/AQOZXul2FwMQZ1sV3fqnmmjMOg0BtZARLarKu4O2BVjg_n4YjJZZhsSJzVHBU1GAIfOIH7VJl-cl8OECgIARHF3eh04inmxpumcE8_Q.mp4?_nc_cat=104&_nc_sid=5e9851&_nc_ht=scontent-cgk2-1.cdninstagram.com&_nc_ohc=rrCa5FAq9xgQ7,2026-08-07 21:56:42
cdn_61c02b3f9c3d,cdn,"https://instagram.fcgk38-1.fna.fbcdn.net/o1/v/t2/f2/m86/AQNrtpQvOcYvTqJRDkL1ifqazdoN61PVFOjCyzWbzvjPbZ3-na0NhUPA091SlkDQz2ZLdVMhRLOJZRHsBaMBVU1TklXtYUtOMjT5Mes.mp4?_nc_cat=108&_nc_oc=AdmfjOUBvFGmyCkDjT8r405q-Oh_PZjmdP52t92msx3eLurnuknsYzciWgI4IpidxbVtyWuqVwp6bQBCMebUt1Pw&_nc_sid=5e9851&_nc_ht=instagram.fcgk38-1.fna.fbcdn.net&_nc_ohc=Fxn7PTMqYY4Q7kNvwFswAcx&efg=eyJ2ZW5jb2RlX3RhZyI6Inhwdl9wcm9ncmVzc2l2ZS5JTlNUQUdSQU0uQ0xJUFMuQzMuMTI3OC5kYXNoX2Jhc2VsaW5lXzFfdjEiLCJ4cHZfYXNzZXRfaWQiOjc4NDE5MjE3MDYwODIxOCwidmlfdXNlY2FzZV9pZCI6MTAwOTksImR1cmF0aW9uX3MiOjczLCJ1cmxnZW5fc291cmNlIjoid3d3In0%3D&ccb=17-1&vs=e17762f7b1c1d635&_nc_vs=HBksFQIYUmlnX3hwdl9yZWVsc19wZXJtYW5lbnRfc3JfcHJvZC9BMTQ0MjIzQTE1NTI4OUE3NDZERkMzRjA1RDhDRjJCRl92aWRlb19kYXNoaW5pdC5tcDQVAALIARIAFQIYOnBhc3N0aHJvdWdoX2V2ZXJzdG9yZS9HSmhGVng5cHhobk00WTRFQVBtMzFCTkt5YjhkYnFfRUFBQUYVAgLIARIAKAAYABsCiAd1c2Vfb2lsATEScHJvZ3Jlc3NpdmVfcmVjaXBlATEVAAAmtJme_P7N5AIVAigCQzMsF0BSap--dsi0GBJkYXNoX2Jhc2VsaW5lXzFfdjERAHX-B2XmnQEA&_nc_gid=yKFMa1EztZvjZ3uABwn3HA&_nc_zt=28&oh=00_AfWD_kXoRJdYvlLmz5lvHsV_QvAuQ51JNd3eKhfB3O9yHw&oe=689B5E99, https://instagram.fcgk38-1.fna.fbcdn.net/o1/v/t2/f2/m86/AQNrtpQvOcYvTqJRDkL1ifqazdoN61PVFOjCyzWbzvjPbZ3-na0NhUPA091SlkDQz2ZLdVMhRLOJZRHsBaMBVU1TklXtYUtOMjT5Mes.mp4?_nc_cat=108&_nc_oc=AdmfjOUBvFGmyCkDjT8r405q-Oh_PZjmdP52t92msx3eLurnuknsYzciWgI4IpidxbVtyWuqVwp6bQBCMebUt1Pw&_nc_sid=5e9851&_nc_ht=instagram.fcgk38-1.fna.fbcdn.net&_nc_ohc=Fxn7PTMqYY4Q7kNvwFswAcx&efg=eyJ2ZW5jb2RlX3RhZyI6Inhwdl9wcm9ncmVzc2l2ZS5JTlNUQUdSQU0uQ0xJUFMuQzMuMTI3OC5kYXNoX2Jhc2VsaW5lXzFfdjEiLCJ4cHZfYXNzZXRfaWQiOjc4NDE5MjE3MDYwODIxOCwidmlfdXNlY2FzZV9pZCI6MTAwOTksImR1cmF0aW9uX3MiOjczLCJ1cmxnZW5fc291cmNlIjoid3d3In0%3D&ccb=17-1&vs=e17762f7b1c1d635&_nc_vs=HBksFQIYUmlnX3hwdl9yZWVsc19wZXJtYW5lbnRfc3JfcHJvZC9BMTQ0MjIzQTE1NTI4OUE3NDZERkMzRjA1RDhDRjJCRl92aWRlb19kYXNoaW5pdC5tcDQVAALIARIAFQIYOnBhc3N0aHJvdWdoX2V2ZXJzdG9yZS9HSmhGVng5cHhobk00WTRFQVBtMzFCTkt5YjhkYnFfRUFBQUYVAgLIARIAKAAYABsCiAd1c2Vfb2lsATEScHJvZ3Jlc3NpdmVfcmVjaXBlATEVAAAmtJme_P7N5AIVAigCQzMsF0BSap--dsi0GBJkYXNoX2Jhc2VsaW5lXzFfdjERAHX-B2XmnQEA&_nc_gid=yKFMa1EztZvjZ3uABwn3HA&_nc_zt=28&oh=00_AfWD_kXoRJdYvlLmz5lvHsV_QvAuQ51JNd3eKhfB3O9yHw&oe=689B5E99, https://instagram.fcgk38-1.fna.fbcdn.net/o1/v/t2/f2/m86/AQNrtpQvOcYvTqJRDkL1ifqazdoN61PVFOjCyzWbzvjPbZ3-na0NhUPA091SlkDQz2ZLdVMhRLOJZRHsBaMBVU1TklXtYUtOMjT5Mes.mp4?_nc_cat=108&_nc_oc=AdmfjOUBvFGmyCkDjT8r405q-Oh_PZjmdP52t92msx3eLurnuknsYzciWgI4IpidxbVtyWuqVwp6bQBCMebUt1Pw&_nc_sid=5e9851&_nc_ht=instagram.fcgk38-1.fna.fbcdn.net&_nc_ohc=Fxn7PTMqYY4Q7kNvwFswAcx&efg=eyJ2ZW5jb2RlX3RhZyI6Inhwdl9wcm9ncmVzc2l2ZS5JTlNUQUdSQU0uQ0xJUFMuQzMuMTI3OC5kYXNoX2Jhc2VsaW5lXzFfdjEiLCJ4cHZfYXNzZXRfaWQiOjc4NDE5MjE3MDYwODIxOCwidmlfdXNlY2FzZV9pZCI6MTAwOTksImR1cmF0aW9uX3MiOjczLCJ1cmxnZW5fc291cmNlIjoid3d3In0%3D&ccb=17-1&vs=e17762f7b1c1d635&_nc_vs=HBksFQIYUmlnX3hwdl9yZWVsc19wZXJtYW5lbnRfc3JfcHJvZC9BMTQ0MjIzQTE1NTI4OUE3NDZERkMzRjA1RDhDRjJCRl92aWRlb19kYXNoaW5pdC5tcDQVAALIARIAFQIYOnBhc3N0aHJvdWdoX2V2ZXJzdG9yZS9HSmhGVng5cHhobk00WTRFQVBtMzFCTkt5YjhkYnFfRUFBQUYVAgLIARIAKAAYABsCiAd1c2Vfb2lsATEScHJvZ3Jlc3NpdmVfcmVjaXBlATEVAAAmtJme_P7N5AIVAigCQzMsF0BSap--dsi0GBJkYXNoX2Jhc2VsaW5lXzFfdjERAHX-B2XmnQEA&_nc_gid=yKFMa1EztZvjZ3uABwn3HA&_nc_zt=28&oh=00_AfWD_kXoRJdYvlLmz5lvHsV_QvAuQ51JNd3eKhfB3O9yHw&oe=689B5E99",failed,,,,,,,,HTTPError: 403 Client Error: Forbidden for url: https://video.xx.fbcdn.net/o1/v/t2/f2/m86/AQNrtpQvOcYvTqJRDkL1ifqazdoN61PVFOjCyzWbzvjPbZ3-na0NhUPA091SlkDQz2ZLdVMhRLOJZRHsBaMBVU1TklXtYUtOMjT5Mes.mp4?_nc_cat=108&_nc_oc=AdmfjOUBvFGmyCkDjT8r405q-Oh_PZjmdP52t92msx3eLurnuknsYzciWgI4IpidxbVtyWuqVwp6bQBCMeb,2026-08-07 21:57:25
cdn_63a4403e96ff,cdn,"https://instagram.fcgk8-2.fna.fbcdn.net/o1/v/t2/f2/m86/AQMI886BIHVBMhhPDvirBQlzCiKsliGsA9nKUV60F_T_aWdUGmNnEdUOMdq3hmqvj29nVDr1fqkXGwMuGwOn_-dffXMwFcqBjDAqdc8.mp4?_nc_cat=102&_nc_oc=AdmmAnrp98Hmo-4SXvY87_6PA5Ab8j1kpNloEtZAQ68j9WjCHoxkU8ve6c3kbhG-hN5bCFuMSrFLdXo4xKMaaGTS&_nc_sid=5e9851&_nc_ht=instagram.fcgk8-2.fna.fbcdn.net&_nc_ohc=p-x_zZdT3D8Q7kNvwFkUSx-&efg=eyJ2ZW5jb2RlX3RhZyI6Inhwdl9wcm9ncmVzc2l2ZS5JTlNUQUdSQU0uQ0xJUFMuQzMuNzIwLmRhc2hfYmFzZWxpbmVfMV92MSIsInhwdl9hc3NldF9pZCI6MTY3NDYxNTU5NjU5MTMyOCwidmlfdXNlY2FzZV9pZCI6MTAwOTksImR1cmF0aW9uX3MiOjQwLCJ1cmxnZW5fc291cmNlIjoid3d3In0%3D&ccb=17-1&vs=afd479faa7307282&_nc_vs=HBksFQIYUmlnX3hwdl9yZWVsc19wZXJtYW5lbnRfc3JfcHJvZC85MDRBNzUxMTRFMDBBRjE4QTk0RkFFRUI3NjAzMzdCN192aWRlb19kYXNoaW5pdC5tcDQVAALIARIAFQIYOnBhc3N0aHJvdWdoX2V2ZXJzdG9yZS9HT09fQnhfMGJwZlU3VGNDQUNlS3JwTHc0UHhSYnFfRUFBQUYVAgLIARIAKAAYABsCiAd1c2Vfb2lsATEScHJvZ3Jlc3NpdmVfcmVjaXBlATEVAAAmwKOpvLrD-QUVAigCQzMsF0BEMzMzMzMzGBJkYXNoX2Jhc2VsaW5lXzFfdjERAHX-B2XmnQEA&_nc_gid=AnP7aqARxLrSGJVtPz8Mpw&_nc_zt=28&oh=00_AfUx6rRa2JfjvjGK39DuvZcwc_UIGVTA1jQsEX8JFo7l8A&oe=689B4CDB, https://instagram.fcgk8-2.fna.fbcdn.net/o1/v/t2/f2/m86/AQMI886BIHVBMhhPDvirBQlzCiKsliGsA9nKUV60F_T_aWdUGmNnEdUOMdq3hmqvj29nVDr1fqkXGwMuGwOn_-dffXMwFcqBjDAqdc8.mp4?_nc_cat=102&_nc_oc=AdmmAnrp98Hmo-4SXvY87_6PA5Ab8j1kpNloEtZAQ68j9WjCHoxkU8ve6c3kbhG-hN5bCFuMSrFLdXo4xKMaaGTS&_nc_sid=5e9851&_nc_ht=instagram.fcgk8-2.fna.fbcdn.net&_nc_ohc=p-x_zZdT3D8Q7kNvwFkUSx-&efg=eyJ2ZW5jb2RlX3RhZyI6Inhwdl9wcm9ncmVzc2l2ZS5JTlNUQUdSQU0uQ0xJUFMuQzMuNzIwLmRhc2hfYmFzZWxpbmVfMV92MSIsInhwdl9hc3NldF9pZCI6MTY3NDYxNTU5NjU5MTMyOCwidmlfdXNlY2FzZV9pZCI6MTAwOTksImR1cmF0aW9uX3MiOjQwLCJ1cmxnZW5fc291cmNlIjoid3d3In0%3D&ccb=17-1&vs=afd479faa7307282&_nc_vs=HBksFQIYUmlnX3hwdl9yZWVsc19wZXJtYW5lbnRfc3JfcHJvZC85MDRBNzUxMTRFMDBBRjE4QTk0RkFFRUI3NjAzMzdCN192aWRlb19kYXNoaW5pdC5tcDQVAALIARIAFQIYOnBhc3N0aHJvdWdoX2V2ZXJzdG9yZS9HT09fQnhfMGJwZlU3VGNDQUNlS3JwTHc0UHhSYnFfRUFBQUYVAgLIARIAKAAYABsCiAd1c2Vfb2lsATEScHJvZ3Jlc3NpdmVfcmVjaXBlATEVAAAmwKOpvLrD-QUVAigCQzMsF0BEMzMzMzMzGBJkYXNoX2Jhc2VsaW5lXzFfdjERAHX-B2XmnQEA&_nc_gid=AnP7aqARxLrSGJVtPz8Mpw&_nc_zt=28&oh=00_AfUx6rRa2JfjvjGK39DuvZcwc_UIGVTA1jQsEX8JFo7l8A&oe=689B4CDB, https://instagram.fcgk8-2.fna.fbcdn.net/o1/v/t2/f2/m86/AQMI886BIHVBMhhPDvirBQlzCiKsliGsA9nKUV60F_T_aWdUGmNnEdUOMdq3hmqvj29nVDr1fqkXGwMuGwOn_-dffXMwFcqBjDAqdc8.mp4?_nc_cat=102&_nc_oc=AdmmAnrp98Hmo-4SXvY87_6PA5Ab8j1kpNloEtZAQ68j9WjCHoxkU8ve6c3kbhG-hN5bCFuMSrFLdXo4xKMaaGTS&_nc_sid=5e9851&_nc_ht=instagram.fcgk8-2.fna.fbcdn.net&_nc_ohc=p-x_zZdT3D8Q7kNvwFkUSx-&efg=eyJ2ZW5jb2RlX3RhZyI6Inhwdl9wcm9ncmVzc2l2ZS5JTlNUQUdSQU0uQ0xJUFMuQzMuNzIwLmRhc2hfYmFzZWxpbmVfMV92MSIsInhwdl9hc3NldF9pZCI6MTY3NDYxNTU5NjU5MTMyOCwidmlfdXNlY2FzZV9pZCI6MTAwOTksImR1cmF0aW9uX3MiOjQwLCJ1cmxnZW5fc291cmNlIjoid3d3In0%3D&ccb=17-1&vs=afd479faa7307282&_nc_vs=HBksFQIYUmlnX3hwdl9yZWVsc19wZXJtYW5lbnRfc3JfcHJvZC85MDRBNzUxMTRFMDBBRjE4QTk0RkFFRUI3NjAzMzdCN192aWRlb19kYXNoaW5pdC5tcDQVAALIARIAFQIYOnBhc3N0aHJvdWdoX2V2ZXJzdG9yZS9HT09fQnhfMGJwZlU3VGNDQUNlS3JwTHc0UHhSYnFfRUFBQUYVAgLIARIAKAAYABsCiAd1c2Vfb2lsATEScHJvZ3Jlc3NpdmVfcmVjaXBlATEVAAAmwKOpvLrD-QUVAigCQzMsF0BEMzMzMzMzGBJkYXNoX2Jhc2VsaW5lXzFfdjERAHX-B2XmnQEA&_nc_gid=AnP7aqARxLrSGJVtPz8Mpw&_nc_zt=28&oh=00_AfUx6rRa2JfjvjGK39DuvZcwc_UIGVTA1jQsEX8JFo7l8A&oe=689B4CDB",failed,,,,,,,,HTTPError: 403 Client Error: Forbidden for url: https://video.xx.fbcdn.net/o1/v/t2/f2/m86/AQMI886BIHVBMhhPDvirBQlzCiKsliGsA9nKUV60F_T_aWdUGmNnEdUOMdq3hmqvj29nVDr1fqkXGwMuGwOn_-dffXMwFcqBjDAqdc8.mp4?_nc_cat=102&_nc_oc=AdmmAnrp98Hmo-4SXvY87_6PA5Ab8j1kpNloEtZAQ68j9WjCHoxkU8ve6c3kbhG-hN5bCFuMSrFLdXo4xKM,2026-08-07 21:56:46
cdn_7eae504ac697,cdn,"https://scontent-cgk2-2.cdninstagram.com/o1/v/t2/f2/m86/AQNrncuAML1bATywJCW80-_43gc836HJQvpOEoqo4UmaQPix9DJ9ePRxesamoE85vKW2l7e2MWQkx3qXnPevLmpv3XMKMeQ0Rd5VoIM.mp4?_nc_cat=105&_nc_sid=5e9851&_nc_ht=scontent-cgk2-2.cdninstagram.com&_nc_ohc=wTNdvF_Q89cQ7kNvwFX7W3_&efg=eyJ2ZW5jb2RlX3RhZyI6Inhwdl9wcm9ncmVzc2l2ZS5JTlNUQUdSQU0uQ0xJUFMuQzMuNzIwLmRhc2hfYmFzZWxpbmVfMV92MSIsInhwdl9hc3NldF9pZCI6NDI3MTMwMjMyMzEwNjAxMiwidmlfdXNlY2FzZV9pZCI6MTAwOTksImR1cmF0aW9uX3MiOjgzLCJ1cmxnZW5fc291cmNlIjoid3d3In0%3D&ccb=17-1&vs=7bc8ec3e30b857f9&_nc_vs=HBksFQIYUmlnX3hwdl9yZWVsc19wZXJtYW5lbnRfc3JfcHJvZC8wNDQ5NzE2REVFQzI1MDAyMDQ3NDI4MEVCOEE5NTlBMF92aWRlb19kYXNoaW5pdC5tcDQVAALIARIAFQIYOnBhc3N0aHJvdWdoX2V2ZXJzdG9yZS9HSWhDVng5bTRUMHowWmdFQUh2LVdfZXJPX3dvYnFfRUFBQUYVAgLIARIAKAAYABsCiAd1c2Vfb2lsATEScHJvZ3Jlc3NpdmVfcmVjaXBlATEVAAAmuMOTm8Kulg8VAigCQzMsF0BU7MzMzMzNGBJkYXNoX2Jhc2VsaW5lXzFfdjERAHX-B2XmnQEA&_nc_zt=28&oh=00_AfUGDWJAug1PMMrJGXkInj3GKG6xkyjyepRTqhiaqY2hpA&oe=689B7082, https://scontent-cgk2-2.cdninstagram.com/o1/v/t2/f2/m86/AQNrncuAML1bATywJCW80-_43gc836HJQvpOEoqo4UmaQPix9DJ9ePRxesamoE85vKW2l7e2MWQkx3qXnPevLmpv3XMKMeQ0Rd5VoIM.mp4?_nc_cat=105&_nc_sid=5e9851&_nc_ht=scontent-cgk2-2.cdninstagram.com&_nc_ohc=wTNdvF_Q89cQ7kNvwFX7W3_&efg=eyJ2ZW5jb2RlX3RhZyI6Inhwdl9wcm9ncmVzc2l2ZS5JTlNUQUdSQU0uQ0xJUFMuQzMuNzIwLmRhc2hfYmFzZWxpbmVfMV92MSIsInhwdl9hc3NldF9pZCI6NDI3MTMwMjMyMzEwNjAxMiwidmlfdXNlY2FzZV9pZCI6MTAwOTksImR1cmF0aW9uX3MiOjgzLCJ1cmxnZW5fc291cmNlIjoid3d3In0%3D&ccb=17-1&vs=7bc8ec3e30b857f9&_nc_vs=HBksFQIYUmlnX3hwdl9yZWVsc19wZXJtYW5lbnRfc3JfcHJvZC8wNDQ5NzE2REVFQzI1MDAyMDQ3NDI4MEVCOEE5NTlBMF92aWRlb19kYXNoaW5pdC5tcDQVAALIARIAFQIYOnBhc3N0aHJvdWdoX2V2ZXJzdG9yZS9HSWhDVng5bTRUMHowWmdFQUh2LVdfZXJPX3dvYnFfRUFBQUYVAgLIARIAKAAYABsCiAd1c2Vfb2lsATEScHJvZ3Jlc3NpdmVfcmVjaXBlATEVAAAmuMOTm8Kulg8VAigCQzMsF0BU7MzMzMzNGBJkYXNoX2Jhc2VsaW5lXzFfdjERAHX-B2XmnQEA&_nc_zt=28&oh=00_AfUGDWJAug1PMMrJGXkInj3GKG6xkyjyepRTqhiaqY2hpA&oe=689B7082, https://scontent-cgk2-2.cdninstagram.com/o1/v/t2/f2/m86/AQNrncuAML1bATywJCW80-_43gc836HJQvpOEoqo4UmaQPix9DJ9ePRxesamoE85vKW2l7e2MWQkx3qXnPevLmpv3XMKMeQ0Rd5VoIM.mp4?_nc_cat=105&_nc_sid=5e9851&_nc_ht=scontent-cgk2-2.cdninstagram.com&_nc_ohc=wTNdvF_Q89cQ7kNvwFX7W3_&efg=eyJ2ZW5jb2RlX3RhZyI6Inhwdl9wcm9ncmVzc2l2ZS5JTlNUQUdSQU0uQ0xJUFMuQzMuNzIwLmRhc2hfYmFzZWxpbmVfMV92MSIsInhwdl9hc3NldF9pZCI6NDI3MTMwMjMyMzEwNjAxMiwidmlfdXNlY2FzZV9pZCI6MTAwOTksImR1cmF0aW9uX3MiOjgzLCJ1cmxnZW5fc291cmNlIjoid3d3In0%3D&ccb=17-1&vs=7bc8ec3e30b857f9&_nc_vs=HBksFQIYUmlnX3hwdl9yZWVsc19wZXJtYW5lbnRfc3JfcHJvZC8wNDQ5NzE2REVFQzI1MDAyMDQ3NDI4MEVCOEE5NTlBMF92aWRlb19kYXNoaW5pdC5tcDQVAALIARIAFQIYOnBhc3N0aHJvdWdoX2V2ZXJzdG9yZS9HSWhDVng5bTRUMHowWmdFQUh2LVdfZXJPX3dvYnFfRUFBQUYVAgLIARIAKAAYABsCiAd1c2Vfb2lsATEScHJvZ3Jlc3NpdmVfcmVjaXBlATEVAAAmuMOTm8Kulg8VAigCQzMsF0BU7MzMzMzNGBJkYXNoX2Jhc2VsaW5lXzFfdjERAHX-B2XmnQEA&_nc_zt=28&oh=00_AfUGDWJAug1PMMrJGXkInj3GKG6xkyjyepRTqhiaqY2hpA&oe=689B7082",failed,,,,,,,,HTTPError: 403 Client Error: Forbidden for url: https://scontent-cgk2-2.cdninstagram.com/o1/v/t2/f2/m86/AQNrncuAML1bATywJCW80-_43gc836HJQvpOEoqo4UmaQPix9DJ9ePRxesamoE85vKW2l7e2MWQkx3qXnPevLmpv3XMKMeQ0Rd5VoIM.mp4?_nc_cat=105&_nc_sid=5e9851&_nc_ht=scontent-cgk2-2.cdninstagram.com&_nc_ohc=wTNdvF_Q89cQ7,2026-08-07 22:29:16
cdn_9a098d000bb7,cdn,"https://instagram.fcgk8-1.fna.fbcdn.net/o1/v/t2/f2/m86/AQP6HDfQjZz7SRs_2z2nBaaSuHiQN9ydTUzRawsVrJbVek-MLSE2zEIJEcaws0RUC0VVxoz9I4VKdaBRo0x9wmNwQPGy9iNApUZgF2Q.mp4?_nc_cat=111&_nc_oc=AdmTtm8eZR1PXSXclXxw9G6N5Rb9Q3BempUwIOcLhivS7mqd2wUWvHdHQUzSD_T55O_RyioFtNaPFI5a37YU5hgp&_nc_sid=5e9851&_nc_ht=instagram.fcgk8-1.fna.fbcdn.net&_nc_ohc=Fq6NAX_hfyMQ7kNvwFhNhAg&efg=eyJ2ZW5jb2RlX3RhZyI6Inhwdl9wcm9ncmVzc2l2ZS5JTlNUQUdSQU0uQ0xJUFMuQzMuMTI3OC5kYXNoX2Jhc2VsaW5lXzFfdjEiLCJ4cHZfYXNzZXRfaWQiOjI3ODE5NDg4ODUzMDg4NjQsInZpX3VzZWNhc2VfaWQiOjEwMDk5LCJkdXJhdGlvbl9zIjoxMDUsInVybGdlbl9zb3VyY2UiOiJ3d3cifQ%3D%3D&ccb=17-1&vs=9b8e2f376d2dcee1&_nc_vs=HBksFQIYUmlnX3hwdl9yZWVsc19wZXJtYW5lbnRfc3JfcHJvZC9ENjQwNUUzNDg3NUEzMkNBQjNBNEQ2RTk5ODVDMTk5OV92aWRlb19kYXNoaW5pdC5tcDQVAALIARIAFQIYOnBhc3N0aHJvdWdoX2V2ZXJzdG9yZS9HUEhqWFI5Nm1rbXNfc1lIQU1MTTNybXZSZlVJYnFfRUFBQUYVAgLIARIAKAAYABsCiAd1c2Vfb2lsATEScHJvZ3Jlc3NpdmVfcmVjaXBlATEVAAAmgNe8sd6K8QkVAigCQzMsF0BaeZmZmZmaGBJkYXNoX2Jhc2VsaW5lXzFfdjERAHX-B2XmnQEA&_nc_gid=yKFMa1EztZvjZ3uABwn3HA&_nc_zt=28&oh=00_AfVmwLS0dRYhn882VChf5KBvv3NKost8EiVBPGcll8dBwg&oe=689B57D8, https://instagram.fcgk8-1.fna.fbcdn.net/o1/v/t2/f2/m86/AQP6HDfQjZz7SRs_2z2nBaaSuHiQN9ydTUzRawsVrJbVek-MLSE2zEIJEcaws0RUC0VVxoz9I4VKdaBRo0x9wmNwQPGy9iNApUZgF2Q.mp4?_nc_cat=111&_nc_oc=AdmTtm8eZR1PXSXclXxw9G6N5Rb9Q3BempUwIOcLhivS7mqd2wUWvHdHQUzSD_T55O_RyioFtNaPFI5a37YU5hgp&_nc_sid=5e9851&_nc_ht=instagram.fcgk8-1.fna.fbcdn.net&_nc_ohc=Fq6NAX_hfyMQ7kNvwFhNhAg&efg=eyJ2ZW5jb2RlX3RhZyI6Inhwdl9wcm9ncmVzc2l2ZS5JTlNUQUdSQU0uQ0xJUFMuQzMuMTI3OC5kYXNoX2Jhc2VsaW5lXzFfdjEiLCJ4cHZfYXNzZXRfaWQiOjI3ODE5NDg4ODUzMDg4NjQsInZpX3VzZWNhc2VfaWQiOjEwMDk5LCJkdXJhdGlvbl9zIjoxMDUsInVybGdlbl9zb3VyY2UiOiJ3d3cifQ%3D%3D&ccb=17-1&vs=9b8e2f376d2dcee1&_nc_vs=HBksFQIYUmlnX3hwdl9yZWVsc19wZXJtYW5lbnRfc3JfcHJvZC9ENjQwNUUzNDg3NUEzMkNBQjNBNEQ2RTk5ODVDMTk5OV92aWRlb19kYXNoaW5pdC5tcDQVAALIARIAFQIYOnBhc3N0aHJvdWdoX2V2ZXJzdG9yZS9HUEhqWFI5Nm1rbXNfc1lIQU1MTTNybXZSZlVJYnFfRUFBQUYVAgLIARIAKAAYABsCiAd1c2Vfb2lsATEScHJvZ3Jlc3NpdmVfcmVjaXBlATEVAAAmgNe8sd6K8QkVAigCQzMsF0BaeZmZmZmaGBJkYXNoX2Jhc2VsaW5lXzFfdjERAHX-B2XmnQEA&_nc_gid=yKFMa1EztZvjZ3uABwn3HA&_nc_zt=28&oh=00_AfVmwLS0dRYhn882VChf5KBvv3NKost8EiVBPGcll8dBwg&oe=689B57D8, https://instagram.fcgk8-1.fna.fbcdn.net/o1/v/t2/f2/m86/AQP6HDfQjZz7SRs_2z2nBaaSuHiQN9ydTUzRawsVrJbVek-MLSE2zEIJEcaws0RUC0VVxoz9I4VKdaBRo0x9wmNwQPGy9iNApUZgF2Q.mp4?_nc_cat=111&_nc_oc=AdmTtm8eZR1PXSXclXxw9G6N5Rb9Q3BempUwIOcLhivS7mqd2wUWvHdHQUzSD_T55O_RyioFtNaPFI5a37YU5hgp&_nc_sid=5e9851&_nc_ht=instagram.fcgk8-1.fna.fbcdn.net&_nc_ohc=Fq6NAX_hfyMQ7kNvwFhNhAg&efg=eyJ2ZW5jb2RlX3RhZyI6Inhwdl9wcm9ncmVzc2l2ZS5JTlNUQUdSQU0uQ0xJUFMuQzMuMTI3OC5kYXNoX2Jhc2VsaW5lXzFfdjEiLCJ4cHZfYXNzZXRfaWQiOjI3ODE5NDg4ODUzMDg4NjQsInZpX3VzZWNhc2VfaWQiOjEwMDk5LCJkdXJhdGlvbl9zIjoxMDUsInVybGdlbl9zb3VyY2UiOiJ3d3cifQ%3D%3D&ccb=17-1&vs=9b8e2f376d2dcee1&_nc_vs=HBksFQIYUmlnX3hwdl9yZWVsc19wZXJtYW5lbnRfc3JfcHJvZC9ENjQwNUUzNDg3NUEzMkNBQjNBNEQ2RTk5ODVDMTk5OV92aWRlb19kYXNoaW5pdC5tcDQVAALIARIAFQIYOnBhc3N0aHJvdWdoX2V2ZXJzdG9yZS9HUEhqWFI5Nm1rbXNfc1lIQU1MTTNybXZSZlVJYnFfRUFBQUYVAgLIARIAKAAYABsCiAd1c2Vfb2lsATEScHJvZ3Jlc3NpdmVfcmVjaXBlATEVAAAmgNe8sd6K8QkVAigCQzMsF0BaeZmZmZmaGBJkYXNoX2Jhc2VsaW5lXzFfdjERAHX-B2XmnQEA&_nc_gid=yKFMa1EztZvjZ3uABwn3HA&_nc_zt=28&oh=00_AfVmwLS0dRYhn882VChf5KBvv3NKost8EiVBPGcll8dBwg&oe=689B57D8",failed,,,,,,,,HTTPError: 403 Client Error: Forbidden for url: https://video.xx.fbcdn.net/o1/v/t2/f2/m86/AQP6HDfQjZz7SRs_2z2nBaaSuHiQN9ydTUzRawsVrJbVek-MLSE2zEIJEcaws0RUC0VVxoz9I4VKdaBRo0x9wmNwQPGy9iNApUZgF2Q.mp4?_nc_cat=111&_nc_oc=AdmTtm8eZR1PXSXclXxw9G6N5Rb9Q3BempUwIOcLhivS7mqd2wUWvHdHQUzSD_T55O_RyioFtNaPFI5a37Y,2026-08-07 22:29:13
cdn_a29a8e845946,cdn,"https://instagram.fcgk38-1.fna.fbcdn.net/o1/v/t2/f2/m86/AQN_zYx0y2arbT_hsqxzaVahpPYwzIiu2fb8Mn3wxx7e5ap5_iwRJwBdtPzy5CDXxDqslabGCXsv8lnHOMaFORBSKBO3drsnlfvi4mY.mp4?_nc_cat=103&_nc_oc=Adn07imuhlnEp9PT4pLBDcR79M6E-ake0kCHNoCDmUHxbkfTgxF9oH_X--cLaOxain4QpV6l6QuuBJ1EvoIuYgS8&_nc_sid=5e9851&_nc_ht=instagram.fcgk38-1.fna.fbcdn.net&_nc_ohc=3Buz1nY5I7AQ7kNvwF79gw-&efg=eyJ2ZW5jb2RlX3RhZyI6Inhwdl9wcm9ncmVzc2l2ZS5JTlNUQUdSQU0uQ0xJUFMuQzMuNzIwLmRhc2hfYmFzZWxpbmVfMV92MSIsInhwdl9hc3NldF9pZCI6MTk1ODQ0NDE2MTU3ODU1NCwidmlfdXNlY2FzZV9pZCI6MTAwOTksImR1cmF0aW9uX3MiOjM5LCJ1cmxnZW5fc291cmNlIjoid3d3In0%3D&ccb=17-1&vs=d67b066dcecfa0db&_nc_vs=HBksFQIYUmlnX3hwdl9yZWVsc19wZXJtYW5lbnRfc3JfcHJvZC8wNzQ4Nzc2QjEwODc5MEVEQTZFMjdCNkRFNjdGNzY5RV92aWRlb19kYXNoaW5pdC5tcDQVAALIARIAFQIYOnBhc3N0aHJvdWdoX2V2ZXJzdG9yZS9HTEx0OVI0UGlXQmdZT01FQVBWSEVROGhoNjViYnFfRUFBQUYVAgLIARIAKAAYABsCiAd1c2Vfb2lsATEScHJvZ3Jlc3NpdmVfcmVjaXBlATEVAAAm9NiBibrM-gYVAigCQzMsF0BDrtkWhysCGBJkYXNoX2Jhc2VsaW5lXzFfdjERAHX-B2XmnQEA&_nc_gid=Pp0OH6qhovJrRCwYgrIvEA&_nc_zt=28&oh=00_AfV6zOtn6qcTTWuGCxDNut2rrK7IdnUEBkIwn8wMMSFvbA&oe=689B4570, https://instagram.fcgk38-1.fna.fbcdn.net/o1/v/t2/f2/m86/AQN_zYx0y2arbT_hsqxzaVahpPYwzIiu2fb8Mn3wxx7e5ap5_iwRJwBdtPzy5CDXxDqslabGCXsv8lnHOMaFORBSKBO3drsnlfvi4mY.mp4?_nc_cat=103&_nc_oc=Adn07imuhlnEp9PT4pLBDcR79M6E-ake0kCHNoCDmUHxbkfTgxF9oH_X--cLaOxain4QpV6l6QuuBJ1EvoIuYgS8&_nc_sid=5e9851&_nc_ht=instagram.fcgk38-1.fna.fbcdn.net&_nc_ohc=3Buz1nY5I7AQ7kNvwF79gw-&efg=eyJ2ZW5jb2RlX3RhZyI6Inhwdl9wcm9ncmVzc2l2ZS5JTlNUQUdSQU0uQ0xJUFMuQzMuNzIwLmRhc2hfYmFzZWxpbmVfMV92MSIsInhwdl9hc3NldF9pZCI6MTk1ODQ0NDE2MTU3ODU1NCwidmlfdXNlY2FzZV9pZCI6MTAwOTksImR1cmF0aW9uX3MiOjM5LCJ1cmxnZW5fc291cmNlIjoid3d3In0%3D&ccb=17-1&vs=d67b066dcecfa0db&_nc_vs=HBksFQIYUmlnX3hwdl9yZWVsc19wZXJtYW5lbnRfc3JfcHJvZC8wNzQ4Nzc2QjEwODc5MEVEQTZFMjdCNkRFNjdGNzY5RV92aWRlb19kYXNoaW5pdC5tcDQVAALIARIAFQIYOnBhc3N0aHJvdWdoX2V2ZXJzdG9yZS9HTEx0OVI0UGlXQmdZT01FQVBWSEVROGhoNjViYnFfRUFBQUYVAgLIARIAKAAYABsCiAd1c2Vfb2lsATEScHJvZ3Jlc3NpdmVfcmVjaXBlATEVAAAm9NiBibrM-gYVAigCQzMsF0BDrtkWhysCGBJkYXNoX2Jhc2VsaW5lXzFfdjERAHX-B2XmnQEA&_nc_gid=Pp0OH6qhovJrRCwYgrIvEA&_nc_zt=28&oh=00_AfV6zOtn6qcTTWuGCxDNut2rrK7IdnUEBkIwn8wMMSFvbA&oe=689B4570, https://instagram.fcgk38-1.fna.fbcdn.net/o1/v/t2/f2/m86/AQN_zYx0y2arbT_hsqxzaVahpPYwzIiu2fb8Mn3wxx7e5ap5_iwRJwBdtPzy5CDXxDqslabGCXsv8lnHOMaFORBSKBO3drsnlfvi4mY.mp4?_nc_cat=103&_nc_oc=Adn07imuhlnEp9PT4pLBDcR79M6E-ake0kCHNoCDmUHxbkfTgxF9oH_X--cLaOxain4QpV6l6QuuBJ1EvoIuYgS8&_nc_sid=5e9851&_nc_ht=instagram.fcgk38-1.fna.fbcdn.net&_nc_ohc=3Buz1nY5I7AQ7kNvwF79gw-&efg=eyJ2ZW5jb2RlX3RhZyI6Inhwdl9wcm9ncmVzc2l2ZS5JTlNUQUdSQU0uQ0xJUFMuQzMuNzIwLmRhc2hfYmFzZWxpbmVfMV92MSIsInhwdl9hc3NldF9pZCI6MTk1ODQ0NDE2MTU3ODU1NCwidmlfdXNlY2FzZV9pZCI6MTAwOTksImR1cmF0aW9uX3MiOjM5LCJ1cmxnZW5fc291cmNlIjoid3d3In0%3D&ccb=17-1&vs=d67b066dcecfa0db&_nc_vs=HBksFQIYUmlnX3hwdl9yZWVsc19wZXJtYW5lbnRfc3JfcHJvZC8wNzQ4Nzc2QjEwODc5MEVEQTZFMjdCNkRFNjdGNzY5RV92aWRlb19kYXNoaW5pdC5tcDQVAALIARIAFQIYOnBhc3N0aHJvdWdoX2V2ZXJzdG9yZS9HTEx0OVI0UGlXQmdZT01FQVBWSEVROGhoNjViYnFfRUFBQUYVAgLIARIAKAAYABsCiAd1c2Vfb2lsATEScHJvZ3Jlc3NpdmVfcmVjaXBlATEVAAAm9NiBibrM-gYVAigCQzMsF0BDrtkWhysCGBJkYXNoX2Jhc2VsaW5lXzFfdjERAHX-B2XmnQEA&_nc_gid=Pp0OH6qhovJrRCwYgrIvEA&_nc_zt=28&oh=00_AfV6zOtn6qcTTWuGCxDNut2rrK7IdnUEBkIwn8wMMSFvbA&oe=689B4570",failed,,,,,,,,HTTPError: 403 Client Error: Forbidden for url: https://video.xx.fbcdn.net/o1/v/t2/f2/m86/AQN_zYx0y2arbT_hsqxzaVahpPYwzIiu2fb8Mn3wxx7e5ap5_iwRJwBdtPzy5CDXxDqslabGCXsv8lnHOMaFORBSKBO3drsnlfvi4mY.mp4?_nc_cat=103&_nc_oc=Adn07imuhlnEp9PT4pLBDcR79M6E-ake0kCHNoCDmUHxbkfTgxF9oH_X--cLaOxain4QpV6l6QuuBJ1EvoI,2026-08-07 21:55:40
cdn_b7799eae2981,cdn,"https://scontent-cgk1-2.cdninstagram.com/o1/v/t2/f2/m86/AQPdt4D2fp_E7nreYRnyRjCFTHe2dk1SOwzsIjXL2V5jEDwmAXCaEVtMZcFS5GTnYn7wNE7sKnoCFVf7W3z32Xj_mYgqobjhcB4Erp8.mp4?_nc_cat=101&_nc_sid=5e9851&_nc_ht=scontent-cgk1-2.cdninstagram.com&_nc_ohc=Z9t0o4nbpgoQ7kNvwGFQr1I&efg=eyJ2ZW5jb2RlX3RhZyI6Inhwdl9wcm9ncmVzc2l2ZS5JTlNUQUdSQU0uQ0xJUFMuQzMuNzIwLmRhc2hfYmFzZWxpbmVfMV92MSIsInhwdl9hc3NldF9pZCI6MTg3NjA2NzMyNjQ1ODczMSwidmlfdXNlY2FzZV9pZCI6MTAwOTksImR1cmF0aW9uX3MiOjI5LCJ1cmxnZW5fc291cmNlIjoid3d3In0%3D&ccb=17-1&vs=2a630c17682e472&_nc_vs=HBksFQIYUmlnX3hwdl9yZWVsc19wZXJtYW5lbnRfc3JfcHJvZC9CRTQwNzVGMDE5RTAxRDhDM0FDRDVENTI3NTdDRkI5QV92aWRlb19kYXNoaW5pdC5tcDQVAALIARIAFQIYOnBhc3N0aHJvdWdoX2V2ZXJzdG9yZS9HT090TEI0azlJSHdnbDBFQUh4eUV2cXNSOG9oYnFfRUFBQUYVAgLIARIAKAAYABsCiAd1c2Vfb2lsATEScHJvZ3Jlc3NpdmVfcmVjaXBlATEVAAAm1u2L6b6R1QYVAigCQzMsF0A990vGp--eGBJkYXNoX2Jhc2VsaW5lXzFfdjERAHX-B2XmnQEA&_nc_zt=28&oh=00_AfV9aIK3kUYK6jXbV_mk81PV6n8hix1BHYan3DEmUHb1sA&oe=689B8F92, https://scontent-cgk1-2.cdninstagram.com/o1/v/t2/f2/m86/AQPdt4D2fp_E7nreYRnyRjCFTHe2dk1SOwzsIjXL2V5jEDwmAXCaEVtMZcFS5GTnYn7wNE7sKnoCFVf7W3z32Xj_mYgqobjhcB4Erp8.mp4?_nc_cat=101&_nc_sid=5e9851&_nc_ht=scontent-cgk1-2.cdninstagram.com&_nc_ohc=Z9t0o4nbpgoQ7kNvwGFQr1I&efg=eyJ2ZW5jb2RlX3RhZyI6Inhwdl9wcm9ncmVzc2l2ZS5JTlNUQUdSQU0uQ0xJUFMuQzMuNzIwLmRhc2hfYmFzZWxpbmVfMV92MSIsInhwdl9hc3NldF9pZCI6MTg3NjA2NzMyNjQ1ODczMSwidmlfdXNlY2FzZV9pZCI6MTAwOTksImR1cmF0aW9uX3MiOjI5LCJ1cmxnZW5fc291cmNlIjoid3d3In0%3D&ccb=17-1&vs=2a630c17682e472&_nc_vs=HBksFQIYUmlnX3hwdl9yZWVsc19wZXJtYW5lbnRfc3JfcHJvZC9CRTQwNzVGMDE5RTAxRDhDM0FDRDVENTI3NTdDRkI5QV92aWRlb19kYXNoaW5pdC5tcDQVAALIARIAFQIYOnBhc3N0aHJvdWdoX2V2ZXJzdG9yZS9HT090TEI0azlJSHdnbDBFQUh4eUV2cXNSOG9oYnFfRUFBQUYVAgLIARIAKAAYABsCiAd1c2Vfb2lsATEScHJvZ3Jlc3NpdmVfcmVjaXBlATEVAAAm1u2L6b6R1QYVAigCQzMsF0A990vGp--eGBJkYXNoX2Jhc2VsaW5lXzFfdjERAHX-B2XmnQEA&_nc_zt=28&oh=00_AfV9aIK3kUYK6jXbV_mk81PV6n8hix1BHYan3DEmUHb1sA&oe=689B8F92, https://scontent-cgk1-2.cdninstagram.com/o1/v/t2/f2/m86/AQPdt4D2fp_E7nreYRnyRjCFTHe2dk1SOwzsIjXL2V5jEDwmAXCaEVtMZcFS5GTnYn7wNE7sKnoCFVf7W3z32Xj_mYgqobjhcB4Erp8.mp4?_nc_cat=101&_nc_sid=5e9851&_nc_ht=scontent-cgk1-2.cdninstagram.com&_nc_ohc=Z9t0o4nbpgoQ7kNvwGFQr1I&efg=eyJ2ZW5jb2RlX3RhZyI6Inhwdl9wcm9ncmVzc2l2ZS5JTlNUQUdSQU0uQ0xJUFMuQzMuNzIwLmRhc2hfYmFzZWxpbmVfMV92MSIsInhwdl9hc3NldF9pZCI6MTg3NjA2NzMyNjQ1ODczMSwidmlfdXNlY2FzZV9pZCI6MTAwOTksImR1cmF0aW9uX3MiOjI5LCJ1cmxnZW5fc291cmNlIjoid3d3In0%3D&ccb=17-1&vs=2a630c17682e472&_nc_vs=HBksFQIYUmlnX3hwdl9yZWVsc19wZXJtYW5lbnRfc3JfcHJvZC9CRTQwNzVGMDE5RTAxRDhDM0FDRDVENTI3NTdDRkI5QV92aWRlb19kYXNoaW5pdC5tcDQVAALIARIAFQIYOnBhc3N0aHJvdWdoX2V2ZXJzdG9yZS9HT090TEI0azlJSHdnbDBFQUh4eUV2cXNSOG9oYnFfRUFBQUYVAgLIARIAKAAYABsCiAd1c2Vfb2lsATEScHJvZ3Jlc3NpdmVfcmVjaXBlATEVAAAm1u2L6b6R1QYVAigCQzMsF0A990vGp--eGBJkYXNoX2Jhc2VsaW5lXzFfdjERAHX-B2XmnQEA&_nc_zt=28&oh=00_AfV9aIK3kUYK6jXbV_mk81PV6n8hix1BHYan3DEmUHb1sA&oe=689B8F92",failed,,,,,,,,HTTPError: 403 Client Error: Forbidden for url: https://scontent-cgk1-2.cdninstagram.com/o1/v/t2/f2/m86/AQPdt4D2fp_E7nreYRnyRjCFTHe2dk1SOwzsIjXL2V5jEDwmAXCaEVtMZcFS5GTnYn7wNE7sKnoCFVf7W3z32Xj_mYgqobjhcB4Erp8.mp4?_nc_cat=101&_nc_sid=5e9851&_nc_ht=scontent-cgk1-2.cdninstagram.com&_nc_ohc=Z9t0o4nbpgoQ7,2026-08-07 21:55:57
cdn_c495cdc32942,cdn,"https://scontent-cgk2-2.cdninstagram.com/o1/v/t2/f2/m86/AQNLQw83UEeOwNEKRHDbUX16zTeoBKrVnoesLW68kqGtWi0u_cmqP4JogzCCB55yIFj0cLyeSfrTiB4WEfD2HqUTy1lsqxzaouPA3Ik.mp4?_nc_cat=110&_nc_sid=5e9851&_nc_ht=scontent-cgk2-2.cdninstagram.com&_nc_ohc=-kJ0v2SJyvQQ7kNvwEyMQPo&efg=eyJ2ZW5jb2RlX3RhZyI6Inhwdl9wcm9ncmVzc2l2ZS5JTlNUQUdSQU0uQ0xJUFMuQzMuNzIwLmRhc2hfYmFzZWxpbmVfMV92MSIsInhwdl9hc3NldF9pZCI6MjQwMTg1NTMyNzQ0OTczNDMsInZpX3VzZWNhc2VfaWQiOjEwMDk5LCJkdXJhdGlvbl9zIjozMCwidXJsZ2VuX3NvdXJjZSI6Ind3dyJ9&ccb=17-1&vs=c0d4854ce0a1dec5&_nc_vs=HBksFQIYUmlnX3hwdl9yZWVsc19wZXJtYW5lbnRfc3JfcHJvZC9BRjQwRDAwRTVFRjBDMUJCM0E1RDU0QjU3QTZDRUU4MF92aWRlb19kYXNoaW5pdC5tcDQVAALIARIAFQIYOnBhc3N0aHJvdWdoX2V2ZXJzdG9yZS9HT1Q5eVI3UjdMZUtNUU1FQU9NYlJ6akEzUm9MYnFfRUFBQUYVAgLIARIAKAAYABsCiAd1c2Vfb2lsATEScHJvZ3Jlc3NpdmVfcmVjaXBlATEVAAAm_uSP_-avqlUVAigCQzMsF0A-mZmZmZmaGBJkYXNoX2Jhc2VsaW5lXzFfdjERAHX-B2XmnQEA&_nc_gid=qYsP2FaRh_-cHwqcm4QxDA&_nc_zt=28&oh=00_AfVPkdga5DFDYZVJgDG3dXwuLauNdcCR3cAoX3ZAsjHpgQ&oe=689B8417, https://scontent-cgk2-2.cdninstagram.com/o1/v/t2/f2/m86/AQNLQw83UEeOwNEKRHDbUX16zTeoBKrVnoesLW68kqGtWi0u_cmqP4JogzCCB55yIFj0cLyeSfrTiB4WEfD2HqUTy1lsqxzaouPA3Ik.mp4?_nc_cat=110&_nc_sid=5e9851&_nc_ht=scontent-cgk2-2.cdninstagram.com&_nc_ohc=-kJ0v2SJyvQQ7kNvwEyMQPo&efg=eyJ2ZW5jb2RlX3RhZyI6Inhwdl9wcm9ncmVzc2l2ZS5JTlNUQUdSQU0uQ0xJUFMuQzMuNzIwLmRhc2hfYmFzZWxpbmVfMV92MSIsInhwdl9hc3NldF9pZCI6MjQwMTg1NTMyNzQ0OTczNDMsInZpX3VzZWNhc2VfaWQiOjEwMDk5LCJkdXJhdGlvbl9zIjozMCwidXJsZ2VuX3NvdXJjZSI6Ind3dyJ9&ccb=17-1&vs=c0d4854ce0a1dec5&_nc_vs=HBksFQIYUmlnX3hwdl9yZWVsc19wZXJtYW5lbnRfc3JfcHJvZC9BRjQwRDAwRTVFRjBDMUJCM0E1RDU0QjU3QTZDRUU4MF92aWRlb19kYXNoaW5pdC5tcDQVAALIARIAFQIYOnBhc3N0aHJvdWdoX2V2ZXJzdG9yZS9HT1Q5eVI3UjdMZUtNUU1FQU9NYlJ6akEzUm9MYnFfRUFBQUYVAgLIARIAKAAYABsCiAd1c2Vfb2lsATEScHJvZ3Jlc3NpdmVfcmVjaXBlATEVAAAm_uSP_-avqlUVAigCQzMsF0A-mZmZmZmaGBJkYXNoX2Jhc2VsaW5lXzFfdjERAHX-B2XmnQEA&_nc_gid=qYsP2FaRh_-cHwqcm4QxDA&_nc_zt=28&oh=00_AfVPkdga5DFDYZVJgDG3dXwuLauNdcCR3cAoX3ZAsjHpgQ&oe=689B8417, https://scontent-cgk2-2.cdninstagram.com/o1/v/t2/f2/m86/AQNLQw83UEeOwNEKRHDbUX16zTeoBKrVnoesLW68kqGtWi0u_cmqP4JogzCCB55yIFj0cLyeSfrTiB4WEfD2HqUTy1lsqxzaouPA3Ik.mp4?_nc_cat=110&_nc_sid=5e9851&_nc_ht=scontent-cgk2-2.cdninstagram.com&_nc_ohc=-kJ0v2SJyvQQ7kNvwEyMQPo&efg=eyJ2ZW5jb2RlX3RhZyI6Inhwdl9wcm9ncmVzc2l2ZS5JTlNUQUdSQU0uQ0xJUFMuQzMuNzIwLmRhc2hfYmFzZWxpbmVfMV92MSIsInhwdl9hc3NldF9pZCI6MjQwMTg1NTMyNzQ0OTczNDMsInZpX3VzZWNhc2VfaWQiOjEwMDk5LCJkdXJhdGlvbl9zIjozMCwidXJsZ2VuX3NvdXJjZSI6Ind3dyJ9&ccb=17-1&vs=c0d4854ce0a1dec5&_nc_vs=HBksFQIYUmlnX3hwdl9yZWVsc19wZXJtYW5lbnRfc3JfcHJvZC9BRjQwRDAwRTVFRjBDMUJCM0E1RDU0QjU3QTZDRUU4MF92aWRlb19kYXNoaW5pdC5tcDQVAALIARIAFQIYOnBhc3N0aHJvdWdoX2V2ZXJzdG9yZS9HT1Q5eVI3UjdMZUtNUU1FQU9NYlJ6akEzUm9MYnFfRUFBQUYVAgLIARIAKAAYABsCiAd1c2Vfb2lsATEScHJvZ3Jlc3NpdmVfcmVjaXBlATEVAAAm_uSP_-avqlUVAigCQzMsF0A-mZmZmZmaGBJkYXNoX2Jhc2VsaW5lXzFfdjERAHX-B2XmnQEA&_nc_gid=qYsP2FaRh_-cHwqcm4QxDA&_nc_zt=28&oh=00_AfVPkdga5DFDYZVJgDG3dXwuLauNdcCR3cAoX3ZAsjHpgQ&oe=689B8417",failed,,,,,,,,HTTPError: 403 Client Error: Forbidden for url: https://scontent-cgk2-2.cdninstagram.com/o1/v/t2/f2/m86/AQNLQw83UEeOwNEKRHDbUX16zTeoBKrVnoesLW68kqGtWi0u_cmqP4JogzCCB55yIFj0cLyeSfrTiB4WEfD2HqUTy1lsqxzaouPA3Ik.mp4?_nc_cat=110&_nc_sid=5e9851&_nc_ht=scontent-cgk2-2.cdninstagram.com&_nc_ohc=-kJ0v2SJyvQQ7,2026-08-07 21:54:11
cdn_d801f8014fe3,cdn,"https://scontent-cgk1-2.cdninstagram.com/o1/v/t2/f2/m86/AQPgqptglHB1Bj0s2Z6p5TLy4snDQMA30S_zn6SQDRcmnhz9BpcXFKrkQ3rnlnjl641jEl07Fi6Nzir0uuzT_ihH7Fg2pxiPx5pTacI.mp4?_nc_cat=111&_nc_sid=5e9851&_nc_ht=scontent-cgk1-2.cdninstagram.com&_nc_ohc=DWcNE94vkYEQ7kNvwEQgqwG&efg=eyJ2ZW5jb2RlX3RhZyI6Inhwdl9wcm9ncmVzc2l2ZS5JTlNUQUdSQU0uQ0xJUFMuQzMuNzIwLmRhc2hfYmFzZWxpbmVfMV92MSIsInhwdl9hc3NldF9pZCI6NzcwMzg0NTMyMjM1OTkxLCJ2aV91c2VjYXNlX2lkIjoxMDA5OSwiZHVyYXRpb25fcyI6NTQsInVybGdlbl9zb3VyY2UiOiJ3d3cifQ%3D%3D&ccb=17-1&vs=31d4ef72734f7e23&_nc_vs=HBksFQIYUmlnX3hwdl9yZWVsc19wZXJtYW5lbnRfc3JfcHJvZC9GQjRCNkM4MTM1N0IzQzBBNjkxOUFCRDY0MDY5MkZBNl92aWRlb19kYXNoaW5pdC5tcDQVAALIARIAFQIYOnBhc3N0aHJvdWdoX2V2ZXJzdG9yZS9HTDY3alJfTE9OTzRTVVVGQUttOGFBZlBYLXd2YnFfRUFBQUYVAgLIARIAKAAYABsCiAd1c2Vfb2lsATEScHJvZ3Jlc3NpdmVfcmVjaXBlATEVAAAmrpuThqSq3gIVAigCQzMsF0BLTMzMzMzNGBJkYXNoX2Jhc2VsaW5lXzFfdjERAHX-B2XmnQEA&_nc_gid=yIY0ergPnOKuwJYHshc1MQ&_nc_zt=28&oh=00_AfXja2nBgEvFtnLOsrZoBo_5nCV7vfn2i9JvqAVRHs5FgA&oe=689B7DC8, https://scontent-cgk1-2.cdninstagram.com/o1/v/t2/f2/m86/AQPgqptglHB1Bj0s2Z6p5TLy4snDQMA30S_zn6SQDRcmnhz9BpcXFKrkQ3rnlnjl641jEl07Fi6Nzir0uuzT_ihH7Fg2pxiPx5pTacI.mp4?_nc_cat=111&_nc_sid=5e9851&_nc_ht=scontent-cgk1-2.cdninstagram.com&_nc_ohc=DWcNE94vkYEQ7kNvwEQgqwG&efg=eyJ2ZW5jb2RlX3RhZyI6Inhwdl9wcm9ncmVzc2l2ZS5JTlNUQUdSQU0uQ0xJUFMuQzMuNzIwLmRhc2hfYmFzZWxpbmVfMV92MSIsInhwdl9hc3NldF9pZCI6NzcwMzg0NTMyMjM1OTkxLCJ2aV91c2VjYXNlX2lkIjoxMDA5OSwiZHVyYXRpb25fcyI6NTQsInVybGdlbl9zb3VyY2UiOiJ3d3cifQ%3D%3D&ccb=17-1&vs=31d4ef72734f7e23&_nc_vs=HBksFQIYUmlnX3hwdl9yZWVsc19wZXJtYW5lbnRfc3JfcHJvZC9GQjRCNkM4MTM1N0IzQzBBNjkxOUFCRDY0MDY5MkZBNl92aWRlb19kYXNoaW5pdC5tcDQVAALIARIAFQIYOnBhc3N0aHJvdWdoX2V2ZXJzdG9yZS9HTDY3alJfTE9OTzRTVVVGQUttOGFBZlBYLXd2YnFfRUFBQUYVAgLIARIAKAAYABsCiAd1c2Vfb2lsATEScHJvZ3Jlc3NpdmVfcmVjaXBlATEVAAAmrpuThqSq3gIVAigCQzMsF0BLTMzMzMzNGBJkYXNoX2Jhc2VsaW5lXzFfdjERAHX-B2XmnQEA&_nc_gid=yIY0ergPnOKuwJYHshc1MQ&_nc_zt=28&oh=00_AfXja2nBgEvFtnLOsrZoBo_5nCV7vfn2i9JvqAVRHs5FgA&oe=689B7DC8, https://scontent-cgk1-2.cdninstagram.com/o1/v/t2/f2/m86/AQPgqptglHB1Bj0s2Z6p5TLy4snDQMA30S_zn6SQDRcmnhz9BpcXFKrkQ3rnlnjl641jEl07Fi6Nzir0uuzT_ihH7Fg2pxiPx5pTacI.mp4?_nc_cat=111&_nc_sid=5e9851&_nc_ht=scontent-cgk1-2.cdninstagram.com&_nc_ohc=DWcNE94vkYEQ7kNvwEQgqwG&efg=eyJ2ZW5jb2RlX3RhZyI6Inhwdl9wcm9ncmVzc2l2ZS5JTlNUQUdSQU0uQ0xJUFMuQzMuNzIwLmRhc2hfYmFzZWxpbmVfMV92MSIsInhwdl9hc3NldF9pZCI6NzcwMzg0NTMyMjM1OTkxLCJ2aV91c2VjYXNlX2lkIjoxMDA5OSwiZHVyYXRpb25fcyI6NTQsInVybGdlbl9zb3VyY2UiOiJ3d3cifQ%3D%3D&ccb=17-1&vs=31d4ef72734f7e23&_nc_vs=HBksFQIYUmlnX3hwdl9yZWVsc19wZXJtYW5lbnRfc3JfcHJvZC9GQjRCNkM4MTM1N0IzQzBBNjkxOUFCRDY0MDY5MkZBNl92aWRlb19kYXNoaW5pdC5tcDQVAALIARIAFQIYOnBhc3N0aHJvdWdoX2V2ZXJzdG9yZS9HTDY3alJfTE9OTzRTVVVGQUttOGFBZlBYLXd2YnFfRUFBQUYVAgLIARIAKAAYABsCiAd1c2Vfb2lsATEScHJvZ3Jlc3NpdmVfcmVjaXBlATEVAAAmrpuThqSq3gIVAigCQzMsF0BLTMzMzMzNGBJkYXNoX2Jhc2VsaW5lXzFfdjERAHX-B2XmnQEA&_nc_gid=yIY0ergPnOKuwJYHshc1MQ&_nc_zt=28&oh=00_AfXja2nBgEvFtnLOsrZoBo_5nCV7vfn2i9JvqAVRHs5FgA&oe=689B7DC8",failed,,,,,,,,HTTPError: 403 Client Error: Forbidden for url: https://scontent-cgk1-2.cdninstagram.com/o1/v/t2/f2/m86/AQPgqptglHB1Bj0s2Z6p5TLy4snDQMA30S_zn6SQDRcmnhz9BpcXFKrkQ3rnlnjl641jEl07Fi6Nzir0uuzT_ihH7Fg2pxiPx5pTacI.mp4?_nc_cat=111&_nc_sid=5e9851&_nc_ht=scontent-cgk1-2.cdninstagram.com&_nc_ohc=DWcNE94vkYEQ7,2026-08-07 22:29:20
cdn_dff0d1a6ce6c,cdn,"https://scontent-cgk1-2.cdninstagram.com/o1/v/t2/f2/m86/AQPV5dMNbkAv9m-EnVv4L2xwEkyFQSXsUjdD7zkQdPplSxM36gjZs75hiT3Kb1lGQL4RAn-uug7ZF8AaOrd007RQKJHfggJQ3s37gvI.mp4?_nc_cat=107&_nc_sid=5e9851&_nc_ht=scontent-cgk1-2.cdninstagram.com&_nc_ohc=2Wn-ShnqLu8Q7kNvwFPEEaS&efg=eyJ2ZW5jb2RlX3RhZyI6Inhwdl9wcm9ncmVzc2l2ZS5JTlNUQUdSQU0uQ0xJUFMuQzMuNzIwLmRhc2hfYmFzZWxpbmVfMV92MSIsInhwdl9hc3NldF9pZCI6MTI2NjU3OTgwMTU1MDM5NywidmlfdXNlY2FzZV9pZCI6MTAwOTksImR1cmF0aW9uX3MiOjcyLCJ1cmxnZW5fc291cmNlIjoid3d3In0%3D&ccb=17-1&vs=5e44135ecac69cae&_nc_vs=HBksFQIYUmlnX3hwdl9yZWVsc19wZXJtYW5lbnRfc3JfcHJvZC8xMjRGOTE1MDYyOUE5RjBBQTYyMDIyQzhGMjZCOEE5Ql92aWRlb19kYXNoaW5pdC5tcDQVAALIARIAFQIYOnBhc3N0aHJvdWdoX2V2ZXJzdG9yZS9HSGFZQUItcG1zT1ZxcVlFQUFiM3pYV0pEWTFEYnFfRUFBQUYVAgLIARIAKAAYABsCiAd1c2Vfb2lsATEScHJvZ3Jlc3NpdmVfcmVjaXBlATEVAAAm-ri18tL8vwQVAigCQzMsF0BSOZmZmZmaGBJkYXNoX2Jhc2VsaW5lXzFfdjERAHX-B2XmnQEA&_nc_gid=QoP2YFvkXaG8vVTscQovtw&_nc_zt=28&oh=00_AfU2prxhAtYnoCSemXedmtJyw9j-wu9Y7e8uNocX175dQg&oe=689B66EC, https://scontent-cgk1-2.cdninstagram.com/o1/v/t2/f2/m86/AQPV5dMNbkAv9m-EnVv4L2xwEkyFQSXsUjdD7zkQdPplSxM36gjZs75hiT3Kb1lGQL4RAn-uug7ZF8AaOrd007RQKJHfggJQ3s37gvI.mp4?_nc_cat=107&_nc_sid=5e9851&_nc_ht=scontent-cgk1-2.cdninstagram.com&_nc_ohc=2Wn-ShnqLu8Q7kNvwFPEEaS&efg=eyJ2ZW5jb2RlX3RhZyI6Inhwdl9wcm9ncmVzc2l2ZS5JTlNUQUdSQU0uQ0xJUFMuQzMuNzIwLmRhc2hfYmFzZWxpbmVfMV92MSIsInhwdl9hc3NldF9pZCI6MTI2NjU3OTgwMTU1MDM5NywidmlfdXNlY2FzZV9pZCI6MTAwOTksImR1cmF0aW9uX3MiOjcyLCJ1cmxnZW5fc291cmNlIjoid3d3In0%3D&ccb=17-1&vs=5e44135ecac69cae&_nc_vs=HBksFQIYUmlnX3hwdl9yZWVsc19wZXJtYW5lbnRfc3JfcHJvZC8xMjRGOTE1MDYyOUE5RjBBQTYyMDIyQzhGMjZCOEE5Ql92aWRlb19kYXNoaW5pdC5tcDQVAALIARIAFQIYOnBhc3N0aHJvdWdoX2V2ZXJzdG9yZS9HSGFZQUItcG1zT1ZxcVlFQUFiM3pYV0pEWTFEYnFfRUFBQUYVAgLIARIAKAAYABsCiAd1c2Vfb2lsATEScHJvZ3Jlc3NpdmVfcmVjaXBlATEVAAAm-ri18tL8vwQVAigCQzMsF0BSOZmZmZmaGBJkYXNoX2Jhc2VsaW5lXzFfdjERAHX-B2XmnQEA&_nc_gid=QoP2YFvkXaG8vVTscQovtw&_nc_zt=28&oh=00_AfU2prxhAtYnoCSemXedmtJyw9j-wu9Y7e8uNocX175dQg&oe=689B66EC, https://scontent-cgk1-2.cdninstagram.com/o1/v/t2/f2/m86/AQPV5dMNbkAv9m-EnVv4L2xwEkyFQSXsUjdD7zkQdPplSxM36gjZs75hiT3Kb1lGQL4RAn-uug7ZF8AaOrd007RQKJHfggJQ3s37gvI.mp4?_nc_cat=107&_nc_sid=5e9851&_nc_ht=scontent-cgk1-2.cdninstagram.com&_nc_ohc=2Wn-ShnqLu8Q7kNvwFPEEaS&efg=eyJ2ZW5jb2RlX3RhZyI6Inhwdl9wcm9ncmVzc2l2ZS5JTlNUQUdSQU0uQ0xJUFMuQzMuNzIwLmRhc2hfYmFzZWxpbmVfMV92MSIsInhwdl9hc3NldF9pZCI6MTI2NjU3OTgwMTU1MDM5NywidmlfdXNlY2FzZV9pZCI6MTAwOTksImR1cmF0aW9uX3MiOjcyLCJ1cmxnZW5fc291cmNlIjoid3d3In0%3D&ccb=17-1&vs=5e44135ecac69cae&_nc_vs=HBksFQIYUmlnX3hwdl9yZWVsc19wZXJtYW5lbnRfc3JfcHJvZC8xMjRGOTE1MDYyOUE5RjBBQTYyMDIyQzhGMjZCOEE5Ql92aWRlb19kYXNoaW5pdC5tcDQVAALIARIAFQIYOnBhc3N0aHJvdWdoX2V2ZXJzdG9yZS9HSGFZQUItcG1zT1ZxcVlFQUFiM3pYV0pEWTFEYnFfRUFBQUYVAgLIARIAKAAYABsCiAd1c2Vfb2lsATEScHJvZ3Jlc3NpdmVfcmVjaXBlATEVAAAm-ri18tL8vwQVAigCQzMsF0BSOZmZmZmaGBJkYXNoX2Jhc2VsaW5lXzFfdjERAHX-B2XmnQEA&_nc_gid=QoP2YFvkXaG8vVTscQovtw&_nc_zt=28&oh=00_AfU2prxhAtYnoCSemXedmtJyw9j-wu9Y7e8uNocX175dQg&oe=689B66EC",failed,,,,,,,,HTTPError: 403 Client Error: Forbidden for url: https://scontent-cgk1-2.cdninstagram.com/o1/v/t2/f2/m86/AQPV5dMNbkAv9m-EnVv4L2xwEkyFQSXsUjdD7zkQdPplSxM36gjZs75hiT3Kb1lGQL4RAn-uug7ZF8AaOrd007RQKJHfggJQ3s37gvI.mp4?_nc_cat=107&_nc_sid=5e9851&_nc_ht=scontent-cgk1-2.cdninstagram.com&_nc_ohc=2Wn-ShnqLu8Q7,2026-08-07 21:55:53
gd_1-6kF8oGj9Wvrj9FtDLh0wYVyjxt7xADU,gdrive,https://drive.google.com/file/d/1-6kF8oGj9Wvrj9FtDLh0wYVyjxt7xADU/view?usp=sharing,ok,C:\bdc_cache\video\gd_1-6kF8oGj9Wvrj9FtDLh0wYVyjxt7xADU.mp4,C:\bdc_cache\meta\gd_1-6kF8oGj9Wvrj9FtDLh0wYVyjxt7xADU.json,,,,,0,,2026-08-07 22:53:08
gd_1-OawfKdJ7ozcradDR4rxu4QCWtd93qY5,gdrive,https://drive.google.com/file/d/1-OawfKdJ7ozcradDR4rxu4QCWtd93qY5/view?usp=share_link,ok,C:\bdc_cache\video\gd_1-OawfKdJ7ozcradDR4rxu4QCWtd93qY5.mp4,C:\bdc_cache\meta\gd_1-OawfKdJ7ozcradDR4rxu4QCWtd93qY5.json,,,,,0,,2026-08-08 00:36:36
gd_1-XdPMmLudB3wDGacaC5xnnV6DU-3EuU7,gdrive,https://drive.google.com/file/d/1-XdPMmLudB3wDGacaC5xnnV6DU-3EuU7/view?usp=drive_link,ok,C:\bdc_cache\video\gd_1-XdPMmLudB3wDGacaC5xnnV6DU-3EuU7.mp4,C:\bdc_cache\meta\gd_1-XdPMmLudB3wDGacaC5xnnV6DU-3EuU7.json,,,,,0,,2026-08-08 00:36:21
gd_1-hYNpXmmuOep5J-ddE_c3Dt-5mDbaLVa,gdrive,https://drive.google.com/file/d/1-hYNpXmmuOep5J-ddE_c3Dt-5mDbaLVa/view?usp=drive_link,ok,C:\bdc_cache\video\gd_1-hYNpXmmuOep5J-ddE_c3Dt-5mDbaLVa.mp4,C:\bdc_cache\meta\gd_1-hYNpXmmuOep5J-ddE_c3Dt-5mDbaLVa.json,,,,,0,,2026-08-08 00:35:02
gd_1-n-P6UQqIBYoTzxtEze3qKSj8A8hYlr7,gdrive,https://drive.google.com/file/d/1-n-P6UQqIBYoTzxtEze3qKSj8A8hYlr7/view?usp=sharing,failed,,,,,,,,"RuntimeError: jalur langsung & gdown gagal: Failed to retrieve file url:

	Cannot retrieve the public link of the file. You may need to change
	the permission to 'Anyone with the link', or have had many accesses.
	Check FAQ in https://github.com/wkentaro/gdown?tab=readme-ov-file#faq.

You may still ",2026-08-08 00:24:32
gd_1-uktT6QfBhhIQFgiVfE9QDi_fA9-UMxa,gdrive,https://drive.google.com/file/d/1-uktT6QfBhhIQFgiVfE9QDi_fA9-UMxa/view?usp=sharing,ok,C:\bdc_cache\video\gd_1-uktT6QfBhhIQFgiVfE9QDi_fA9-UMxa.mp4,C:\bdc_cache\meta\gd_1-uktT6QfBhhIQFgiVfE9QDi_fA9-UMxa.json,,,,,0,,2026-08-08 00:27:43
gd_100k9DmyVOSI0F_Pgg9hPvxz1knv8Treo,gdrive,https://drive.google.com/file/d/100k9DmyVOSI0F_Pgg9hPvxz1knv8Treo/view?usp=drive_link,ok,C:\bdc_cache\video\gd_100k9DmyVOSI0F_Pgg9hPvxz1knv8Treo.mp4,C:\bdc_cache\meta\gd_100k9DmyVOSI0F_Pgg9hPvxz1knv8Treo.json,,,,,0,,2026-08-08 00:34:38
gd_102kK5zq2dvrb81sAoK6tOcWExWj15pRX,gdrive,https://drive.google.com/file/d/102kK5zq2dvrb81sAoK6tOcWExWj15pRX/view?usp=sharing,failed,,,,,,,,"RuntimeError: jalur langsung & gdown gagal: Failed to retrieve file url:

	Cannot retrieve the public link of the file. You may need to change
	the permission to 'Anyone with the link', or have had many accesses.
	Check FAQ in https://github.com/wkentaro/gdown?tab=readme-ov-file#faq.

You may still ",2026-08-08 00:24:35
gd_109MCw_X6oZVgYJRL7BeX3WhM_S9EYA_l,gdrive,https://drive.google.com/file/d/109MCw_X6oZVgYJRL7BeX3WhM_S9EYA_l/view?usp=drive_link,ok,C:\bdc_cache\video\gd_109MCw_X6oZVgYJRL7BeX3WhM_S9EYA_l.mp4,C:\bdc_cache\meta\gd_109MCw_X6oZVgYJRL7BeX3WhM_S9EYA_l.json,,,,,0,,2026-08-08 00:34:33
gd_109Zhcay8nqy9EBWMevT6Efw7pBoAOinQ,gdrive,https://drive.google.com/file/d/109Zhcay8nqy9EBWMevT6Efw7pBoAOinQ/view?usp=sharing,failed,,,,,,,,"RuntimeError: jalur langsung & gdown gagal: Failed to retrieve file url:

	Cannot retrieve the public link of the file. You may need to change
	the permission to 'Anyone with the link', or have had many accesses.
	Check FAQ in https://github.com/wkentaro/gdown?tab=readme-ov-file#faq.

You may still ",2026-08-08 00:24:38
gd_10ETQNxneJf4Q185_btWMVVZz1n3CBwp5,gdrive,https://drive.google.com/file/d/10ETQNxneJf4Q185_btWMVVZz1n3CBwp5/view?usp=drive_link,ok,C:\bdc_cache\video\gd_10ETQNxneJf4Q185_btWMVVZz1n3CBwp5.mp4,C:\bdc_cache\meta\gd_10ETQNxneJf4Q185_btWMVVZz1n3CBwp5.json,,,,,0,,2026-08-08 00:38:24
gd_10GXeqRPj5VjASvJUEoqiLjh7YFKilp6W,gdrive,https://drive.google.com/file/d/10GXeqRPj5VjASvJUEoqiLjh7YFKilp6W/view?usp=sharing,ok,C:\bdc_cache\video\gd_10GXeqRPj5VjASvJUEoqiLjh7YFKilp6W.mp4,C:\bdc_cache\meta\gd_10GXeqRPj5VjASvJUEoqiLjh7YFKilp6W.json,,,,,0,,2026-08-08 00:37:28
gd_10jrGw8rZ_30qPj5iCawLVpMgpKji1Wa1,gdrive,https://drive.google.com/file/d/10jrGw8rZ_30qPj5iCawLVpMgpKji1Wa1/view?usp=sharing,ok,C:\bdc_cache\video\gd_10jrGw8rZ_30qPj5iCawLVpMgpKji1Wa1.mp4,C:\bdc_cache\meta\gd_10jrGw8rZ_30qPj5iCawLVpMgpKji1Wa1.json,,,,,0,,2026-08-07 22:49:09
gd_10oaPryWiAQJ1zhgvz9umlAsLGwVb7Qk0,gdrive,https://drive.google.com/file/d/10oaPryWiAQJ1zhgvz9umlAsLGwVb7Qk0/view?usp=sharing,failed,,,,,,,,"RuntimeError: jalur langsung & gdown gagal: Failed to retrieve file url:

	Cannot retrieve the public link of the file. You may need to change
	the permission to 'Anyone with the link', or have had many accesses.
	Check FAQ in https://github.com/wkentaro/gdown?tab=readme-ov-file#faq.

You may still ",2026-08-08 00:24:41
gd_119B50bkS2zi3gTynJmDDzhs-1SAvI_FO,gdrive,https://drive.google.com/file/d/119B50bkS2zi3gTynJmDDzhs-1SAvI_FO/view?usp=share_link,ok,C:\bdc_cache\video\gd_119B50bkS2zi3gTynJmDDzhs-1SAvI_FO.mp4,C:\bdc_cache\meta\gd_119B50bkS2zi3gTynJmDDzhs-1SAvI_FO.json,,,,,0,,2026-08-08 00:36:50
gd_11LxsYwvbPcaOSQmzQ5ijemVyHf36kZlL,gdrive,https://drive.google.com/file/d/11LxsYwvbPcaOSQmzQ5ijemVyHf36kZlL/view?usp=sharing,ok,C:\bdc_cache\video\gd_11LxsYwvbPcaOSQmzQ5ijemVyHf36kZlL.mp4,C:\bdc_cache\meta\gd_11LxsYwvbPcaOSQmzQ5ijemVyHf36kZlL.json,,,,,0,,2026-08-07 22:52:45
gd_11QUEKO-d11n3eRg3IxcAU3Ppu9dtVTHJ,gdrive,https://drive.google.com/file/d/11QUEKO-d11n3eRg3IxcAU3Ppu9dtVTHJ/view?usp=drive_link,ok,C:\bdc_cache\video\gd_11QUEKO-d11n3eRg3IxcAU3Ppu9dtVTHJ.mp4,C:\bdc_cache\meta\gd_11QUEKO-d11n3eRg3IxcAU3Ppu9dtVTHJ.json,,,,,0,,2026-08-08 00:30:54
gd_11kyZ7I0ZFyc-iMez6CSXoGLNIt_gwFxb,gdrive,https://drive.google.com/file/d/11kyZ7I0ZFyc-iMez6CSXoGLNIt_gwFxb/view?usp=share_link,ok,C:\bdc_cache\video\gd_11kyZ7I0ZFyc-iMez6CSXoGLNIt_gwFxb.mp4,C:\bdc_cache\meta\gd_11kyZ7I0ZFyc-iMez6CSXoGLNIt_gwFxb.json,,,,,0,,2026-08-07 22:51:08
gd_11m6BZ-FlGSep5Yk_OXG-l4vXVscj3XiV,gdrive,https://drive.google.com/file/d/11m6BZ-FlGSep5Yk_OXG-l4vXVscj3XiV/view?usp=sharing,failed,,,,,,,,"RuntimeError: jalur langsung & gdown gagal: Failed to retrieve file url:

	Cannot retrieve the public link of the file. You may need to change
	the permission to 'Anyone with the link', or have had many accesses.
	Check FAQ in https://github.com/wkentaro/gdown?tab=readme-ov-file#faq.

You may still ",2026-08-08 00:24:44
gd_12ENYEj_jRUN8l0Mj2e-6yjilOwqvnQOl,gdrive,https://drive.google.com/file/d/12ENYEj_jRUN8l0Mj2e-6yjilOwqvnQOl/view?usp=sharing,failed,,,,,,,,"RuntimeError: jalur langsung & gdown gagal: Failed to retrieve file url:

	Cannot retrieve the public link of the file. You may need to change
	the permission to 'Anyone with the link', or have had many accesses.
	Check FAQ in https://github.com/wkentaro/gdown?tab=readme-ov-file#faq.

You may still ",2026-08-08 00:20:53
gd_12YBpn9zWc_3FfDadbmlip4s98_GjqUGY,gdrive,https://drive.google.com/file/d/12YBpn9zWc_3FfDadbmlip4s98_GjqUGY/view?usp=share_link,ok,C:\bdc_cache\video\gd_12YBpn9zWc_3FfDadbmlip4s98_GjqUGY.mp4,C:\bdc_cache\meta\gd_12YBpn9zWc_3FfDadbmlip4s98_GjqUGY.json,,,,,0,,2026-08-07 22:45:09
gd_12kwKqiLekHc7tvTQeSgDtzLSL0osZWo_,gdrive,https://drive.google.com/file/d/12kwKqiLekHc7tvTQeSgDtzLSL0osZWo_/view?usp=drive_link,ok,C:\bdc_cache\video\gd_12kwKqiLekHc7tvTQeSgDtzLSL0osZWo_.mp4,C:\bdc_cache\meta\gd_12kwKqiLekHc7tvTQeSgDtzLSL0osZWo_.json,,,,,0,,2026-08-08 00:22:51
gd_12vCO6h3yuOWkXrsIg9KGex6rQhaoyfzG,gdrive,https://drive.google.com/file/d/12vCO6h3yuOWkXrsIg9KGex6rQhaoyfzG/view?usp=drive_link,ok,C:\bdc_cache\video\gd_12vCO6h3yuOWkXrsIg9KGex6rQhaoyfzG.mp4,C:\bdc_cache\meta\gd_12vCO6h3yuOWkXrsIg9KGex6rQhaoyfzG.json,,,,,0,,2026-08-08 00:31:23
gd_130rPD9OS8xXR1U1bbc6Vsjahc-G-_FOJ,gdrive,https://drive.google.com/file/d/130rPD9OS8xXR1U1bbc6Vsjahc-G-_FOJ/view?usp=drive_link,ok,C:\bdc_cache\video\gd_130rPD9OS8xXR1U1bbc6Vsjahc-G-_FOJ.mp4,C:\bdc_cache\meta\gd_130rPD9OS8xXR1U1bbc6Vsjahc-G-_FOJ.json,,,,,0,,2026-08-08 00:35:20
gd_13K7o4RfQZj8NSVyvR31S5zn4LKchxeyZ,gdrive,https://drive.google.com/file/d/13K7o4RfQZj8NSVyvR31S5zn4LKchxeyZ/view?usp=drive_link,ok,C:\bdc_cache\video\gd_13K7o4RfQZj8NSVyvR31S5zn4LKchxeyZ.mp4,C:\bdc_cache\meta\gd_13K7o4RfQZj8NSVyvR31S5zn4LKchxeyZ.json,,,,,0,,2026-08-08 00:29:17
gd_13O0I8BGN2nOfKEzVsPpy2gkCVJW3Ai_L,gdrive,https://drive.google.com/file/d/13O0I8BGN2nOfKEzVsPpy2gkCVJW3Ai_L/view?usp=share_link,ok,C:\bdc_cache\video\gd_13O0I8BGN2nOfKEzVsPpy2gkCVJW3Ai_L.mp4,C:\bdc_cache\meta\gd_13O0I8BGN2nOfKEzVsPpy2gkCVJW3Ai_L.json,,,,,0,,2026-08-07 22:50:49
gd_13Rmu2Lsg0Kg-7IUXpai5lmdPGDMl6VWp,gdrive,https://drive.google.com/file/d/13Rmu2Lsg0Kg-7IUXpai5lmdPGDMl6VWp/view?usp=drive_link,ok,C:\bdc_cache\video\gd_13Rmu2Lsg0Kg-7IUXpai5lmdPGDMl6VWp.mp4,C:\bdc_cache\meta\gd_13Rmu2Lsg0Kg-7IUXpai5lmdPGDMl6VWp.json,,,,,0,,2026-08-08 00:30:33
gd_13eE_1qXoSDqlVNxyi41nLlHOfroaGvgF,gdrive,https://drive.google.com/file/d/13eE_1qXoSDqlVNxyi41nLlHOfroaGvgF/view?usp=sharing,failed,,,,,,,,"RuntimeError: jalur langsung & gdown gagal: Failed to retrieve file url:

	Cannot retrieve the public link of the file. You may need to change
	the permission to 'Anyone with the link', or have had many accesses.
	Check FAQ in https://github.com/wkentaro/gdown?tab=readme-ov-file#faq.

You may still ",2026-08-08 00:21:05
gd_13y34c8Vn-tnRdw2NMRPzW1f_QUljfX-A,gdrive,https://drive.google.com/file/d/13y34c8Vn-tnRdw2NMRPzW1f_QUljfX-A/view?usp=drive_link,failed,,,,,,,,"RuntimeError: jalur langsung & gdown gagal: Failed to retrieve file url:

	Cannot retrieve the public link of the file. You may need to change
	the permission to 'Anyone with the link', or have had many accesses.
	Check FAQ in https://github.com/wkentaro/gdown?tab=readme-ov-file#faq.

You may still ",2026-08-08 00:20:08
gd_14AK_pf1gN1Tiesh4LtrO3AWtP-fuS-dd,gdrive,https://drive.google.com/file/d/14AK_pf1gN1Tiesh4LtrO3AWtP-fuS-dd/view?usp=sharing,failed,,,,,,,,"RuntimeError: jalur langsung & gdown gagal: Failed to retrieve file url:

	Cannot retrieve the public link of the file. You may need to change
	the permission to 'Anyone with the link', or have had many accesses.
	Check FAQ in https://github.com/wkentaro/gdown?tab=readme-ov-file#faq.

You may still ",2026-08-08 00:38:51
gd_14DVME9QFrjHl0N8FD7vI-c11kqz9Ev-C,gdrive,https://drive.google.com/file/d/14DVME9QFrjHl0N8FD7vI-c11kqz9Ev-C/view?usp=sharing,failed,,,,,,,,"RuntimeError: jalur langsung & gdown gagal: Failed to retrieve file url:

	Cannot retrieve the public link of the file. You may need to change
	the permission to 'Anyone with the link', or have had many accesses.
	Check FAQ in https://github.com/wkentaro/gdown?tab=readme-ov-file#faq.

You may still ",2026-08-08 00:20:57
gd_14EDcZ8s7I6-8pFhcKT1tYP9acJ8DFS4X,gdrive,https://drive.google.com/file/d/14EDcZ8s7I6-8pFhcKT1tYP9acJ8DFS4X/view?usp=sharing,ok,C:\bdc_cache\video\gd_14EDcZ8s7I6-8pFhcKT1tYP9acJ8DFS4X.mp4,C:\bdc_cache\meta\gd_14EDcZ8s7I6-8pFhcKT1tYP9acJ8DFS4X.json,,,,,0,,2026-08-08 00:28:54
gd_14XW8Xz8oi2q4HGcoBWXBIrpRnK8RUSDO,gdrive,https://drive.google.com/file/d/14XW8Xz8oi2q4HGcoBWXBIrpRnK8RUSDO/view?usp=drive_link,ok,C:\bdc_cache\video\gd_14XW8Xz8oi2q4HGcoBWXBIrpRnK8RUSDO.mp4,C:\bdc_cache\meta\gd_14XW8Xz8oi2q4HGcoBWXBIrpRnK8RUSDO.json,,,,,0,,2026-08-08 00:34:23
gd_14euU6nfdqlu800-6Dewnz_dEM7m26acv,gdrive,https://drive.google.com/file/d/14euU6nfdqlu800-6Dewnz_dEM7m26acv/view?usp=drive_link,ok,C:\bdc_cache\video\gd_14euU6nfdqlu800-6Dewnz_dEM7m26acv.mp4,C:\bdc_cache\meta\gd_14euU6nfdqlu800-6Dewnz_dEM7m26acv.json,,,,,0,,2026-08-08 00:24:15
gd_14tH60NXcdsU5vE1ZP2_Tle_qDX8ALL-4,gdrive,https://drive.google.com/file/d/14tH60NXcdsU5vE1ZP2_Tle_qDX8ALL-4/view?usp=drive_link,ok,C:\bdc_cache\video\gd_14tH60NXcdsU5vE1ZP2_Tle_qDX8ALL-4.mp4,C:\bdc_cache\meta\gd_14tH60NXcdsU5vE1ZP2_Tle_qDX8ALL-4.json,,,,,0,,2026-08-08 00:31:00
gd_15G61xFAnsKP6pSqf_OlTmcMSjKoXjL2t,gdrive,https://drive.google.com/file/d/15G61xFAnsKP6pSqf_OlTmcMSjKoXjL2t/view?usp=sharing,failed,,,,,,,,"RuntimeError: jalur langsung & gdown gagal: Failed to retrieve file url:

	Cannot retrieve the public link of the file. You may need to change
	the permission to 'Anyone with the link', or have had many accesses.
	Check FAQ in https://github.com/wkentaro/gdown?tab=readme-ov-file#faq.

You may still ",2026-08-08 00:20:51
gd_15UGEQeLrgYmjSKgC63Bt0-ntc_FuVd_j,gdrive,https://drive.google.com/file/d/15UGEQeLrgYmjSKgC63Bt0-ntc_FuVd_j/view?usp=sharing,ok,C:\bdc_cache\video\gd_15UGEQeLrgYmjSKgC63Bt0-ntc_FuVd_j.mp4,C:\bdc_cache\meta\gd_15UGEQeLrgYmjSKgC63Bt0-ntc_FuVd_j.json,,,,,0,,2026-08-07 22:52:27
gd_15WAQZUr8vca0iySZ4tbfoW9DSJagdFrf,gdrive,https://drive.google.com/file/d/15WAQZUr8vca0iySZ4tbfoW9DSJagdFrf/view?usp=drive_link,ok,C:\bdc_cache\video\gd_15WAQZUr8vca0iySZ4tbfoW9DSJagdFrf.mp4,C:\bdc_cache\meta\gd_15WAQZUr8vca0iySZ4tbfoW9DSJagdFrf.json,,,,,0,,2026-08-08 00:35:39
gd_15eAQE4XB1hNHvw1xth0HGhJXNXV-oWoh,gdrive,https://drive.google.com/file/d/15eAQE4XB1hNHvw1xth0HGhJXNXV-oWoh/view?usp=share_link,ok,C:\bdc_cache\video\gd_15eAQE4XB1hNHvw1xth0HGhJXNXV-oWoh.mp4,C:\bdc_cache\meta\gd_15eAQE4XB1hNHvw1xth0HGhJXNXV-oWoh.json,,,,,0,,2026-08-07 22:45:21
gd_15hAOu9ZkqsMUx6-Zk-jN3OC_vm-4kaig,gdrive,https://drive.google.com/file/d/15hAOu9ZkqsMUx6-Zk-jN3OC_vm-4kaig/view?usp=sharing,failed,,,,,,,,"RuntimeError: jalur langsung & gdown gagal: Failed to retrieve file url:

	Cannot retrieve the public link of the file. You may need to change
	the permission to 'Anyone with the link', or have had many accesses.
	Check FAQ in https://github.com/wkentaro/gdown?tab=readme-ov-file#faq.

You may still ",2026-08-08 00:38:11
gd_16-BGXhC3vx8cIHCAUuCLzRDDgURLfuqm,gdrive,https://drive.google.com/file/d/16-BGXhC3vx8cIHCAUuCLzRDDgURLfuqm/view?usp=drive_link,ok,C:\bdc_cache\video\gd_16-BGXhC3vx8cIHCAUuCLzRDDgURLfuqm.mp4,C:\bdc_cache\meta\gd_16-BGXhC3vx8cIHCAUuCLzRDDgURLfuqm.json,,,,,0,,2026-08-08 00:33:20
gd_16CEwzTU972-N5NoaOYx_rbF8AJfqtbIT,gdrive,https://drive.google.com/file/d/16CEwzTU972-N5NoaOYx_rbF8AJfqtbIT/view?usp=sharing,ok,C:\bdc_cache\video\gd_16CEwzTU972-N5NoaOYx_rbF8AJfqtbIT.mp4,C:\bdc_cache\meta\gd_16CEwzTU972-N5NoaOYx_rbF8AJfqtbIT.json,,,,,0,,2026-08-07 22:53:42
gd_16SaYRXtDM9dBkgy9c0esEkPw_UNpMLF5,gdrive,https://drive.google.com/file/d/16SaYRXtDM9dBkgy9c0esEkPw_UNpMLF5/view?usp=sharing,failed,,,,,,,,"RuntimeError: jalur langsung & gdown gagal: Failed to retrieve file url:

	Cannot retrieve the public link of the file. You may need to change
	the permission to 'Anyone with the link', or have had many accesses.
	Check FAQ in https://github.com/wkentaro/gdown?tab=readme-ov-file#faq.

You may still ",2026-08-08 00:38:04
gd_16WW1YRA0NtmMptCht5jS6Ya7nWdNrRcg,gdrive,https://drive.google.com/file/d/16WW1YRA0NtmMptCht5jS6Ya7nWdNrRcg/view?usp=drive_link,ok,C:\bdc_cache\video\gd_16WW1YRA0NtmMptCht5jS6Ya7nWdNrRcg.mp4,C:\bdc_cache\meta\gd_16WW1YRA0NtmMptCht5jS6Ya7nWdNrRcg.json,,,,,0,,2026-08-08 00:38:14
gd_16crPLW1l8Azp8EfeujohBtCOsdEcl3Qj,gdrive,https://drive.google.com/file/d/16crPLW1l8Azp8EfeujohBtCOsdEcl3Qj/view?usp=sharing,ok,C:\bdc_cache\video\gd_16crPLW1l8Azp8EfeujohBtCOsdEcl3Qj.mp4,C:\bdc_cache\meta\gd_16crPLW1l8Azp8EfeujohBtCOsdEcl3Qj.json,,,,,0,,2026-08-08 00:37:12
gd_16isnjbizI64UPWSWc29ADT-Da0iWuKtu,gdrive,https://drive.google.com/file/d/16isnjbizI64UPWSWc29ADT-Da0iWuKtu/view?usp=sharing,failed,,,,,,,,"RuntimeError: jalur langsung & gdown gagal: Failed to retrieve file url:

	Cannot retrieve the public link of the file. You may need to change
	the permission to 'Anyone with the link', or have had many accesses.
	Check FAQ in https://github.com/wkentaro/gdown?tab=readme-ov-file#faq.

You may still ",2026-08-08 00:24:48
gd_16qQnlpZqJECTwo155G3CILMUmo9T7Oh-,gdrive,https://drive.google.com/file/d/16qQnlpZqJECTwo155G3CILMUmo9T7Oh-/view?usp=drive_link,ok,C:\bdc_cache\video\gd_16qQnlpZqJECTwo155G3CILMUmo9T7Oh-.mp4,C:\bdc_cache\meta\gd_16qQnlpZqJECTwo155G3CILMUmo9T7Oh-.json,,,,,0,,2026-08-08 00:24:11
gd_174ktM20lrDfm4tIGFTTC4NBPqxit2ab_,gdrive,https://drive.google.com/file/d/174ktM20lrDfm4tIGFTTC4NBPqxit2ab_/view?usp=sharing,ok,C:\bdc_cache\video\gd_174ktM20lrDfm4tIGFTTC4NBPqxit2ab_.mp4,C:\bdc_cache\meta\gd_174ktM20lrDfm4tIGFTTC4NBPqxit2ab_.json,,,,,0,,2026-08-07 22:50:21
gd_176fAs32KUJyEuSHg0WcVSqKGzjvk7mAs,gdrive,https://drive.google.com/file/d/176fAs32KUJyEuSHg0WcVSqKGzjvk7mAs/view?usp=drive_link,ok,C:\bdc_cache\video\gd_176fAs32KUJyEuSHg0WcVSqKGzjvk7mAs.mp4,C:\bdc_cache\meta\gd_176fAs32KUJyEuSHg0WcVSqKGzjvk7mAs.json,,,,,0,,2026-08-08 00:22:25
gd_17Jf_b4DdNajEeBfHJXBfpzO9cXWrCJ9j,gdrive,https://drive.google.com/file/d/17Jf_b4DdNajEeBfHJXBfpzO9cXWrCJ9j/view?usp=drive_link,ok,C:\bdc_cache\video\gd_17Jf_b4DdNajEeBfHJXBfpzO9cXWrCJ9j.mp4,C:\bdc_cache\meta\gd_17Jf_b4DdNajEeBfHJXBfpzO9cXWrCJ9j.json,,,,,0,,2026-08-08 00:36:17
gd_17OELHbuvFBxaJQhEOtKw3YTKRUR-u4Wp,gdrive,https://drive.google.com/file/d/17OELHbuvFBxaJQhEOtKw3YTKRUR-u4Wp/view?usp=sharing,ok,C:\bdc_cache\video\gd_17OELHbuvFBxaJQhEOtKw3YTKRUR-u4Wp.mp4,C:\bdc_cache\meta\gd_17OELHbuvFBxaJQhEOtKw3YTKRUR-u4Wp.json,,,,,0,,2026-08-08 00:28:35
gd_17PEh13iqDufZbFYrX99th4oGWUyMBOrO,gdrive,https://drive.google.com/file/d/17PEh13iqDufZbFYrX99th4oGWUyMBOrO/view?usp=drive_link,failed,,,,,,,,"RuntimeError: jalur langsung & gdown gagal: Failed to retrieve file url:

	Cannot retrieve the public link of the file. You may need to change
	the permission to 'Anyone with the link', or have had many accesses.
	Check FAQ in https://github.com/wkentaro/gdown?tab=readme-ov-file#faq.

You may still ",2026-08-08 00:19:59
gd_17YcFgqkUgJNK0QRSYzS3TCNl4forkLY9,gdrive,https://drive.google.com/file/d/17YcFgqkUgJNK0QRSYzS3TCNl4forkLY9/view?usp=share_link,ok,C:\bdc_cache\video\gd_17YcFgqkUgJNK0QRSYzS3TCNl4forkLY9.mp4,C:\bdc_cache\meta\gd_17YcFgqkUgJNK0QRSYzS3TCNl4forkLY9.json,,,,,0,,2026-08-08 00:36:31
gd_17er5r8aKyE_DU1IgUXOPi2r6PigAXONS,gdrive,https://drive.google.com/file/d/17er5r8aKyE_DU1IgUXOPi2r6PigAXONS/view?usp=sharing,ok,C:\bdc_cache\video\gd_17er5r8aKyE_DU1IgUXOPi2r6PigAXONS.mp4,C:\bdc_cache\meta\gd_17er5r8aKyE_DU1IgUXOPi2r6PigAXONS.json,,,,,0,,2026-08-08 00:39:22
gd_17pFvQ3qPJZiYAB2AYHc7888_IR0GsIGz,gdrive,https://drive.google.com/file/d/17pFvQ3qPJZiYAB2AYHc7888_IR0GsIGz/view?usp=drive_link,ok,C:\bdc_cache\video\gd_17pFvQ3qPJZiYAB2AYHc7888_IR0GsIGz.mp4,C:\bdc_cache\meta\gd_17pFvQ3qPJZiYAB2AYHc7888_IR0GsIGz.json,,,,,0,,2026-08-08 00:34:52
gd_18LgEBVLPh6xc55CzQJLSWdVx9XYjYMY5,gdrive,https://drive.google.com/file/d/18LgEBVLPh6xc55CzQJLSWdVx9XYjYMY5/view?usp=sharing,ok,C:\bdc_cache\video\gd_18LgEBVLPh6xc55CzQJLSWdVx9XYjYMY5.mp4,C:\bdc_cache\meta\gd_18LgEBVLPh6xc55CzQJLSWdVx9XYjYMY5.json,,,,,0,,2026-08-08 00:21:43
gd_18Pa253imVyYnCQ1Br3jM2Hn29Nbx0rH0,gdrive,https://drive.google.com/file/d/18Pa253imVyYnCQ1Br3jM2Hn29Nbx0rH0/view?usp=drive_link,ok,C:\bdc_cache\video\gd_18Pa253imVyYnCQ1Br3jM2Hn29Nbx0rH0.mp4,C:\bdc_cache\meta\gd_18Pa253imVyYnCQ1Br3jM2Hn29Nbx0rH0.json,,,,,0,,2026-08-08 00:29:34
gd_18VM0IKeONjgaxuHj1xxhJPPskoO7oN4C,gdrive,https://drive.google.com/file/d/18VM0IKeONjgaxuHj1xxhJPPskoO7oN4C/view?usp=drive_link,ok,C:\bdc_cache\video\gd_18VM0IKeONjgaxuHj1xxhJPPskoO7oN4C.mp4,C:\bdc_cache\meta\gd_18VM0IKeONjgaxuHj1xxhJPPskoO7oN4C.json,,,,,0,,2026-08-08 00:31:47
gd_18l6Q_OmL9Cs3NsmJKOQRpCCOVFsJVQ1H,gdrive,https://drive.google.com/file/d/18l6Q_OmL9Cs3NsmJKOQRpCCOVFsJVQ1H/view?usp=drive_link,ok,C:\bdc_cache\video\gd_18l6Q_OmL9Cs3NsmJKOQRpCCOVFsJVQ1H.mp4,C:\bdc_cache\meta\gd_18l6Q_OmL9Cs3NsmJKOQRpCCOVFsJVQ1H.json,,,,,0,,2026-08-08 00:22:20
gd_18lAsOO3SaQt8eaMyr-jRKl6PjUu6ryRR,gdrive,https://drive.google.com/file/d/18lAsOO3SaQt8eaMyr-jRKl6PjUu6ryRR/view?usp=drive_link,ok,C:\bdc_cache\video\gd_18lAsOO3SaQt8eaMyr-jRKl6PjUu6ryRR.mp4,C:\bdc_cache\meta\gd_18lAsOO3SaQt8eaMyr-jRKl6PjUu6ryRR.json,,,,,0,,2026-08-08 00:24:01
gd_19Caz_xMd2IIDY_NqjA3NK3VRG0SFs-zz,gdrive,https://drive.google.com/file/d/19Caz_xMd2IIDY_NqjA3NK3VRG0SFs-zz/view?usp=share_link,ok,C:\bdc_cache\video\gd_19Caz_xMd2IIDY_NqjA3NK3VRG0SFs-zz.mp4,C:\bdc_cache\meta\gd_19Caz_xMd2IIDY_NqjA3NK3VRG0SFs-zz.json,,,,,0,,2026-08-07 22:45:27
gd_19DN24hfiZdBYnIev8U9DTvsE70FjmhSF,gdrive,https://drive.google.com/file/d/19DN24hfiZdBYnIev8U9DTvsE70FjmhSF/view?usp=sharing,failed,,,,,,,,"RuntimeError: jalur langsung & gdown gagal: Failed to retrieve file url:

	Cannot retrieve the public link of the file. You may need to change
	the permission to 'Anyone with the link', or have had many accesses.
	Check FAQ in https://github.com/wkentaro/gdown?tab=readme-ov-file#faq.

You may still ",2026-08-08 00:38:54
gd_19V-AnERnUCKVbRmFM1U9UGmV7DagQFhL,gdrive,https://drive.google.com/file/d/19V-AnERnUCKVbRmFM1U9UGmV7DagQFhL/view?usp=sharing,failed,,,,,,,,"RuntimeError: jalur langsung & gdown gagal: Failed to retrieve file url:

	Cannot retrieve the public link of the file. You may need to change
	the permission to 'Anyone with the link', or have had many accesses.
	Check FAQ in https://github.com/wkentaro/gdown?tab=readme-ov-file#faq.

You may still ",2026-08-08 00:38:01
gd_19ai_jDyg7RQ4a7v8qmkgF9GPuOAR1zvI,gdrive,https://drive.google.com/file/d/19ai_jDyg7RQ4a7v8qmkgF9GPuOAR1zvI/view?usp=sharing,failed,,,,,,,,"RuntimeError: jalur langsung & gdown gagal: Failed to retrieve file url:

	Cannot retrieve the public link of the file. You may need to change
	the permission to 'Anyone with the link', or have had many accesses.
	Check FAQ in https://github.com/wkentaro/gdown?tab=readme-ov-file#faq.

You may still ",2026-08-08 00:24:51
gd_1AEpkz8RUfM_2XjSY-nKsXqK7CJH0caOR,gdrive,https://drive.google.com/file/d/1AEpkz8RUfM_2XjSY-nKsXqK7CJH0caOR/view?usp=sharing,ok,C:\bdc_cache\video\gd_1AEpkz8RUfM_2XjSY-nKsXqK7CJH0caOR.mp4,C:\bdc_cache\meta\gd_1AEpkz8RUfM_2XjSY-nKsXqK7CJH0caOR.json,,,,,0,,2026-08-08 00:39:10
gd_1AKOpU-T717YOtLwbTSqV1ECf1SarMYzR,gdrive,https://drive.google.com/file/d/1AKOpU-T717YOtLwbTSqV1ECf1SarMYzR/view?usp=sharing,failed,,,,,,,,"RuntimeError: jalur langsung & gdown gagal: Failed to retrieve file url:

	Cannot retrieve the public link of the file. You may need to change
	the permission to 'Anyone with the link', or have had many accesses.
	Check FAQ in https://github.com/wkentaro/gdown?tab=readme-ov-file#faq.

You may still ",2026-08-08 00:24:55
gd_1AS8DAp3lUTfCS3v5fFSlUdYmqN8qIpCE,gdrive,https://drive.google.com/file/d/1AS8DAp3lUTfCS3v5fFSlUdYmqN8qIpCE/view?usp=sharing,ok,C:\bdc_cache\video\gd_1AS8DAp3lUTfCS3v5fFSlUdYmqN8qIpCE.mp4,C:\bdc_cache\meta\gd_1AS8DAp3lUTfCS3v5fFSlUdYmqN8qIpCE.json,,,,,0,,2026-08-08 00:27:28
gd_1ATqtIf4KqJYkRafQBVI3ESNlHHbR0W15,gdrive,https://drive.google.com/file/d/1ATqtIf4KqJYkRafQBVI3ESNlHHbR0W15/view?usp=sharing,ok,C:\bdc_cache\video\gd_1ATqtIf4KqJYkRafQBVI3ESNlHHbR0W15.mp4,C:\bdc_cache\meta\gd_1ATqtIf4KqJYkRafQBVI3ESNlHHbR0W15.json,,,,,0,,2026-08-08 00:37:33
gd_1AUN-OYd4ipaJoeEH4Zs4gmXo7B2S23Km,gdrive,https://drive.google.com/file/d/1AUN-OYd4ipaJoeEH4Zs4gmXo7B2S23Km/view?usp=drive_link,ok,C:\bdc_cache\video\gd_1AUN-OYd4ipaJoeEH4Zs4gmXo7B2S23Km.mp4,C:\bdc_cache\meta\gd_1AUN-OYd4ipaJoeEH4Zs4gmXo7B2S23Km.json,,,,,0,,2026-08-08 00:21:17
gd_1Aomlf0yj4AGdb8U5cMR5yxHqAMzRfrHE,gdrive,https://drive.google.com/file/d/1Aomlf0yj4AGdb8U5cMR5yxHqAMzRfrHE/view?usp=sharing,failed,,,,,,,,"RuntimeError: jalur langsung & gdown gagal: Failed to retrieve file url:

	Cannot retrieve the public link of the file. You may need to change
	the permission to 'Anyone with the link', or have had many accesses.
	Check FAQ in https://github.com/wkentaro/gdown?tab=readme-ov-file#faq.

You may still ",2026-08-08 00:20:33
gd_1ArjlJjHMZ88_6Js-3l7OzvP9bdj0vkQb,gdrive,https://drive.google.com/file/d/1ArjlJjHMZ88_6Js-3l7OzvP9bdj0vkQb/view?usp=sharing,failed,,,,,,,,"RuntimeError: jalur langsung & gdown gagal: Failed to retrieve file url:

	Cannot retrieve the public link of the file. You may need to change
	the permission to 'Anyone with the link', or have had many accesses.
	Check FAQ in https://github.com/wkentaro/gdown?tab=readme-ov-file#faq.

You may still ",2026-08-08 00:20:42
gd_1BebBCOFNvbFdREDNh9eovMXjLg5yoqfI,gdrive,https://drive.google.com/file/d/1BebBCOFNvbFdREDNh9eovMXjLg5yoqfI/view?usp=sharing,ok,C:\bdc_cache\video\gd_1BebBCOFNvbFdREDNh9eovMXjLg5yoqfI.mp4,C:\bdc_cache\meta\gd_1BebBCOFNvbFdREDNh9eovMXjLg5yoqfI.json,,,,,0,,2026-08-08 00:28:23
gd_1BerFy1B8lI20y4_fQ8EIRezwaIBzftfs,gdrive,https://drive.google.com/file/d/1BerFy1B8lI20y4_fQ8EIRezwaIBzftfs/view?usp=drive_link,failed,,,,,,,,"RuntimeError: jalur langsung & gdown gagal: Failed to retrieve file url:

	Cannot retrieve the public link of the file. You may need to change
	the permission to 'Anyone with the link', or have had many accesses.
	Check FAQ in https://github.com/wkentaro/gdown?tab=readme-ov-file#faq.

You may still ",2026-08-08 00:20:20
gd_1BuXK9wn-IXR6Gz_su7N1RzI_Tbh0Y0vd,gdrive,https://drive.google.com/file/d/1BuXK9wn-IXR6Gz_su7N1RzI_Tbh0Y0vd/view?usp=drive_link,ok,C:\bdc_cache\video\gd_1BuXK9wn-IXR6Gz_su7N1RzI_Tbh0Y0vd.mp4,C:\bdc_cache\meta\gd_1BuXK9wn-IXR6Gz_su7N1RzI_Tbh0Y0vd.json,,,,,0,,2026-08-08 00:34:28
gd_1COod9JJ1oWsUD4pnHfw3pTAT5ub4kYOM,gdrive,https://drive.google.com/file/d/1COod9JJ1oWsUD4pnHfw3pTAT5ub4kYOM/view?usp=sharing,ok,C:\bdc_cache\video\gd_1COod9JJ1oWsUD4pnHfw3pTAT5ub4kYOM.mp4,C:\bdc_cache\meta\gd_1COod9JJ1oWsUD4pnHfw3pTAT5ub4kYOM.json,,,,,0,,2026-08-08 00:28:13
gd_1C_hIfvMOCncO8cucOt-XXwhob0EZ1F6p,gdrive,https://drive.google.com/file/d/1C_hIfvMOCncO8cucOt-XXwhob0EZ1F6p/view?usp=sharing,failed,,,,,,,,"RuntimeError: jalur langsung & gdown gagal: Failed to retrieve file url:

	Cannot retrieve the public link of the file. You may need to change
	the permission to 'Anyone with the link', or have had many accesses.
	Check FAQ in https://github.com/wkentaro/gdown?tab=readme-ov-file#faq.

You may still ",2026-08-08 00:24:58
gd_1DCP3G6YU6YeRRItM-2J8w2v2H_WJ_wah,gdrive,https://drive.google.com/file/d/1DCP3G6YU6YeRRItM-2J8w2v2H_WJ_wah/view?usp=drive_link,ok,C:\bdc_cache\video\gd_1DCP3G6YU6YeRRItM-2J8w2v2H_WJ_wah.mp4,C:\bdc_cache\meta\gd_1DCP3G6YU6YeRRItM-2J8w2v2H_WJ_wah.json,,,,,0,,2026-08-08 00:32:17
gd_1DSfKv-iiVhftQ6Cz3v_qu7pop9WfQvWO,gdrive,https://drive.google.com/file/d/1DSfKv-iiVhftQ6Cz3v_qu7pop9WfQvWO/view?usp=drive_link,ok,C:\bdc_cache\video\gd_1DSfKv-iiVhftQ6Cz3v_qu7pop9WfQvWO.mp4,C:\bdc_cache\meta\gd_1DSfKv-iiVhftQ6Cz3v_qu7pop9WfQvWO.json,,,,,0,,2026-08-08 00:41:05
gd_1DnHUua7-RtEsYNNU1VFjP5cOwRwvqB_o,gdrive,https://drive.google.com/file/d/1DnHUua7-RtEsYNNU1VFjP5cOwRwvqB_o/view?usp=drive_link,ok,C:\bdc_cache\video\gd_1DnHUua7-RtEsYNNU1VFjP5cOwRwvqB_o.mp4,C:\bdc_cache\meta\gd_1DnHUua7-RtEsYNNU1VFjP5cOwRwvqB_o.json,,,,,0,,2026-08-08 00:30:12
gd_1DpB6DLD2XojoKEtkdkuaG5GVKJsbVrdH,gdrive,https://drive.google.com/file/d/1DpB6DLD2XojoKEtkdkuaG5GVKJsbVrdH/view?usp=sharing,ok,C:\bdc_cache\video\gd_1DpB6DLD2XojoKEtkdkuaG5GVKJsbVrdH.mp4,C:\bdc_cache\meta\gd_1DpB6DLD2XojoKEtkdkuaG5GVKJsbVrdH.json,,,,,0,,2026-08-08 00:26:52
gd_1DtF-9-m3T2BmkMbxZOyW0mocKSyK69zW,gdrive,https://drive.google.com/file/d/1DtF-9-m3T2BmkMbxZOyW0mocKSyK69zW/view?usp=sharing,failed,,,,,,,,"RuntimeError: jalur langsung & gdown gagal: Failed to retrieve file url:

	Cannot retrieve the public link of the file. You may need to change
	the permission to 'Anyone with the link', or have had many accesses.
	Check FAQ in https://github.com/wkentaro/gdown?tab=readme-ov-file#faq.

You may still ",2026-08-08 00:38:57
gd_1Du-PW4fvjRtjffB-ITITre8Pxjl5Hqv0,gdrive,https://drive.google.com/file/d/1Du-PW4fvjRtjffB-ITITre8Pxjl5Hqv0/view?usp=sharing,ok,C:\bdc_cache\video\gd_1Du-PW4fvjRtjffB-ITITre8Pxjl5Hqv0.mp4,C:\bdc_cache\meta\gd_1Du-PW4fvjRtjffB-ITITre8Pxjl5Hqv0.json,,,,,0,,2026-08-08 00:26:29
gd_1E5sY0n0XBQSDOYyrF3MluFYr69xETRgY,gdrive,https://drive.google.com/file/d/1E5sY0n0XBQSDOYyrF3MluFYr69xETRgY/view?usp=sharing,ok,C:\bdc_cache\video\gd_1E5sY0n0XBQSDOYyrF3MluFYr69xETRgY.mp4,C:\bdc_cache\meta\gd_1E5sY0n0XBQSDOYyrF3MluFYr69xETRgY.json,,,,,0,,2026-08-07 22:49:51
gd_1ElvqnnKfMLU8pZyKKs_CMxwGts2O770v,gdrive,https://drive.google.com/file/d/1ElvqnnKfMLU8pZyKKs_CMxwGts2O770v/view?usp=drive_link,ok,C:\bdc_cache\video\gd_1ElvqnnKfMLU8pZyKKs_CMxwGts2O770v.mp4,C:\bdc_cache\meta\gd_1ElvqnnKfMLU8pZyKKs_CMxwGts2O770v.json,,,,,0,,2026-08-08 00:28:59
gd_1EmQ15FK-_xmU6OlmRdAB25KzXqIP-Igy,gdrive,https://drive.google.com/file/d/1EmQ15FK-_xmU6OlmRdAB25KzXqIP-Igy/view?usp=drive_link,ok,C:\bdc_cache\video\gd_1EmQ15FK-_xmU6OlmRdAB25KzXqIP-Igy.mp4,C:\bdc_cache\meta\gd_1EmQ15FK-_xmU6OlmRdAB25KzXqIP-Igy.json,,,,,0,,2026-08-08 00:35:13
gd_1FJvXEnCOcu9NUnN2mx7y3b_Vfht1PoI2,gdrive,https://drive.google.com/file/d/1FJvXEnCOcu9NUnN2mx7y3b_Vfht1PoI2/view?usp=drive_link,ok,C:\bdc_cache\video\gd_1FJvXEnCOcu9NUnN2mx7y3b_Vfht1PoI2.mp4,C:\bdc_cache\meta\gd_1FJvXEnCOcu9NUnN2mx7y3b_Vfht1PoI2.json,,,,,0,,2026-08-08 00:36:11
gd_1FNfsB23xtWAnxr0ffwz2LYZAVdQJiv5P,gdrive,https://drive.google.com/file/d/1FNfsB23xtWAnxr0ffwz2LYZAVdQJiv5P/view?usp=sharing,ok,C:\bdc_cache\video\gd_1FNfsB23xtWAnxr0ffwz2LYZAVdQJiv5P.mp4,C:\bdc_cache\meta\gd_1FNfsB23xtWAnxr0ffwz2LYZAVdQJiv5P.json,,,,,0,,2026-08-08 00:21:33
gd_1FR5Bt9aR3614Xql9xLkq1v97H2fHn7Zp,gdrive,https://drive.google.com/file/d/1FR5Bt9aR3614Xql9xLkq1v97H2fHn7Zp/view?usp=drive_link,ok,C:\bdc_cache\video\gd_1FR5Bt9aR3614Xql9xLkq1v97H2fHn7Zp.mp4,C:\bdc_cache\meta\gd_1FR5Bt9aR3614Xql9xLkq1v97H2fHn7Zp.json,,,,,0,,2026-08-08 00:22:45
gd_1FTY5nRUo3ChEDywZ_k26nhmCVxPJfMJT,gdrive,https://drive.google.com/file/d/1FTY5nRUo3ChEDywZ_k26nhmCVxPJfMJT/view?usp=sharing,ok,C:\bdc_cache\video\gd_1FTY5nRUo3ChEDywZ_k26nhmCVxPJfMJT.mp4,C:\bdc_cache\meta\gd_1FTY5nRUo3ChEDywZ_k26nhmCVxPJfMJT.json,,,,,0,,2026-08-07 22:49:39
gd_1FxbsOfcAFwFmxE_6ydT6onXOhToEP4wm,gdrive,https://drive.google.com/file/d/1FxbsOfcAFwFmxE_6ydT6onXOhToEP4wm/view?usp=share_link,ok,C:\bdc_cache\video\gd_1FxbsOfcAFwFmxE_6ydT6onXOhToEP4wm.mp4,C:\bdc_cache\meta\gd_1FxbsOfcAFwFmxE_6ydT6onXOhToEP4wm.json,,,,,0,,2026-08-07 22:51:39
gd_1GZb1QrS9XT4ZGhxp6fq9qHruexrUgaTX,gdrive,https://drive.google.com/file/d/1GZb1QrS9XT4ZGhxp6fq9qHruexrUgaTX/view?usp=drive_link,ok,C:\bdc_cache\video\gd_1GZb1QrS9XT4ZGhxp6fq9qHruexrUgaTX.mp4,C:\bdc_cache\meta\gd_1GZb1QrS9XT4ZGhxp6fq9qHruexrUgaTX.json,,,,,0,,2026-08-08 00:39:35
gd_1GirafhnqZPpOpv2qn7G7Unp1yKeBRvSW,gdrive,https://drive.google.com/file/d/1GirafhnqZPpOpv2qn7G7Unp1yKeBRvSW/view?usp=sharing,failed,,,,,,,,"RuntimeError: jalur langsung & gdown gagal: Failed to retrieve file url:

	Cannot retrieve the public link of the file. You may need to change
	the permission to 'Anyone with the link', or have had many accesses.
	Check FAQ in https://github.com/wkentaro/gdown?tab=readme-ov-file#faq.

You may still ",2026-08-08 00:25:01
gd_1GofpxQoe1aEQ7ILgar9UovnPEwRZrSg1,gdrive,https://drive.google.com/file/d/1GofpxQoe1aEQ7ILgar9UovnPEwRZrSg1/view?usp=sharing,ok,C:\bdc_cache\video\gd_1GofpxQoe1aEQ7ILgar9UovnPEwRZrSg1.mp4,C:\bdc_cache\meta\gd_1GofpxQoe1aEQ7ILgar9UovnPEwRZrSg1.json,,,,,0,,2026-08-08 00:27:02
gd_1GrQmRkI5yNi6dRxBzSH2qvn1U8402Ah7,gdrive,https://drive.google.com/file/d/1GrQmRkI5yNi6dRxBzSH2qvn1U8402Ah7/view?usp=sharing,ok,C:\bdc_cache\video\gd_1GrQmRkI5yNi6dRxBzSH2qvn1U8402Ah7.mp4,C:\bdc_cache\meta\gd_1GrQmRkI5yNi6dRxBzSH2qvn1U8402Ah7.json,,,,,0,,2026-08-08 00:37:02
gd_1HgboPwW_oFSKoRdyvYupi_BGLGCsc68Y,gdrive,https://drive.google.com/file/d/1HgboPwW_oFSKoRdyvYupi_BGLGCsc68Y/view?usp=sharing,ok,C:\bdc_cache\video\gd_1HgboPwW_oFSKoRdyvYupi_BGLGCsc68Y.mp4,C:\bdc_cache\meta\gd_1HgboPwW_oFSKoRdyvYupi_BGLGCsc68Y.json,,,,,0,,2026-08-08 00:27:55
gd_1IBSfa1_5SRhWu03wVRoCl2-ZHrF6F-ws,gdrive,https://drive.google.com/file/d/1IBSfa1_5SRhWu03wVRoCl2-ZHrF6F-ws/view?usp=sharing,ok,C:\bdc_cache\video\gd_1IBSfa1_5SRhWu03wVRoCl2-ZHrF6F-ws.mp4,C:\bdc_cache\meta\gd_1IBSfa1_5SRhWu03wVRoCl2-ZHrF6F-ws.json,,,,,0,,2026-08-07 22:50:29
gd_1ICfqbK4IxFcOHgmv47hKvl2DfiJwcYT-,gdrive,https://drive.google.com/file/d/1ICfqbK4IxFcOHgmv47hKvl2DfiJwcYT-/view?usp=drive_link,ok,C:\bdc_cache\video\gd_1ICfqbK4IxFcOHgmv47hKvl2DfiJwcYT-.mp4,C:\bdc_cache\meta\gd_1ICfqbK4IxFcOHgmv47hKvl2DfiJwcYT-.json,,,,,0,,2026-08-08 00:34:47
gd_1IyQWxwm75mMTNxF2X1K6MpU1DqKloGxc,gdrive,https://drive.google.com/file/d/1IyQWxwm75mMTNxF2X1K6MpU1DqKloGxc/view?usp=drive_link,ok,C:\bdc_cache\video\gd_1IyQWxwm75mMTNxF2X1K6MpU1DqKloGxc.mp4,C:\bdc_cache\meta\gd_1IyQWxwm75mMTNxF2X1K6MpU1DqKloGxc.json,,,,,0,,2026-08-08 00:30:06
gd_1J1ptOdz_I3WUnaF87jU2PNQszcn5C9DM,gdrive,https://drive.google.com/file/d/1J1ptOdz_I3WUnaF87jU2PNQszcn5C9DM/view?usp=drive_link,failed,,,,,,,,"RuntimeError: jalur langsung & gdown gagal: Failed to retrieve file url:

	Cannot retrieve the public link of the file. You may need to change
	the permission to 'Anyone with the link', or have had many accesses.
	Check FAQ in https://github.com/wkentaro/gdown?tab=readme-ov-file#faq.

You may still ",2026-08-08 00:20:12
gd_1KAy5cgBU386KwCjEeaniP4P7FDkWu5cH,gdrive,https://drive.google.com/file/d/1KAy5cgBU386KwCjEeaniP4P7FDkWu5cH/view?usp=sharing,failed,,,,,,,,"RuntimeError: jalur langsung & gdown gagal: Failed to retrieve file url:

	Cannot retrieve the public link of the file. You may need to change
	the permission to 'Anyone with the link', or have had many accesses.
	Check FAQ in https://github.com/wkentaro/gdown?tab=readme-ov-file#faq.

You may still ",2026-08-08 00:25:05
gd_1Kbibt-790YXrIhz_TmDYRtgOYjSzw11k,gdrive,https://drive.google.com/file/d/1Kbibt-790YXrIhz_TmDYRtgOYjSzw11k/view?usp=sharing,ok,C:\bdc_cache\video\gd_1Kbibt-790YXrIhz_TmDYRtgOYjSzw11k.mp4,C:\bdc_cache\meta\gd_1Kbibt-790YXrIhz_TmDYRtgOYjSzw11k.json,,,,,0,,2026-08-08 00:28:42
gd_1Kll4_vIOLOE-jIQ4sHoTIwKoneMZe-s2,gdrive,https://drive.google.com/file/d/1Kll4_vIOLOE-jIQ4sHoTIwKoneMZe-s2/view?usp=sharing,ok,C:\bdc_cache\video\gd_1Kll4_vIOLOE-jIQ4sHoTIwKoneMZe-s2.mp4,C:\bdc_cache\meta\gd_1Kll4_vIOLOE-jIQ4sHoTIwKoneMZe-s2.json,,,,,0,,2026-08-07 22:53:15
gd_1L2j2rvvi7Ouya7LPsDSjvZxktkcxWVDu,gdrive,https://drive.google.com/file/d/1L2j2rvvi7Ouya7LPsDSjvZxktkcxWVDu/view?usp=sharing,failed,,,,,,,,"RuntimeError: jalur langsung & gdown gagal: Failed to retrieve file url:

	Cannot retrieve the public link of the file. You may need to change
	the permission to 'Anyone with the link', or have had many accesses.
	Check FAQ in https://github.com/wkentaro/gdown?tab=readme-ov-file#faq.

You may still ",2026-08-08 00:20:44
gd_1L8Gz_VS5F-F30IfDnOzS-5N_1C4yKBHt,gdrive,https://drive.google.com/file/d/1L8Gz_VS5F-F30IfDnOzS-5N_1C4yKBHt/view?usp=sharing,failed,,,,,,,,"RuntimeError: jalur langsung & gdown gagal: Failed to retrieve file url:

	Cannot retrieve the public link of the file. You may need to change
	the permission to 'Anyone with the link', or have had many accesses.
	Check FAQ in https://github.com/wkentaro/gdown?tab=readme-ov-file#faq.

You may still ",2026-08-08 00:20:29
gd_1LTqO8bBrwf_Dff57G30yvs9XMuc7Ac2K,gdrive,https://drive.google.com/file/d/1LTqO8bBrwf_Dff57G30yvs9XMuc7Ac2K/view?usp=share_link,ok,C:\bdc_cache\video\gd_1LTqO8bBrwf_Dff57G30yvs9XMuc7Ac2K.mp4,C:\bdc_cache\meta\gd_1LTqO8bBrwf_Dff57G30yvs9XMuc7Ac2K.json,,,,,0,,2026-08-07 22:51:54
gd_1MGqgewMa4G3Jo-K5vHcKnmHRbYc3cxX-,gdrive,https://drive.google.com/file/d/1MGqgewMa4G3Jo-K5vHcKnmHRbYc3cxX-/view?usp=drive_link,ok,C:\bdc_cache\video\gd_1MGqgewMa4G3Jo-K5vHcKnmHRbYc3cxX-.mp4,C:\bdc_cache\meta\gd_1MGqgewMa4G3Jo-K5vHcKnmHRbYc3cxX-.json,,,,,0,,2026-08-08 00:31:12
gd_1M_6SY752Q2DDMQ-SReTEMXeOfG9Nhd6V,gdrive,https://drive.google.com/file/d/1M_6SY752Q2DDMQ-SReTEMXeOfG9Nhd6V/view?usp=drive_link,ok,C:\bdc_cache\video\gd_1M_6SY752Q2DDMQ-SReTEMXeOfG9Nhd6V.mp4,C:\bdc_cache\meta\gd_1M_6SY752Q2DDMQ-SReTEMXeOfG9Nhd6V.json,,,,,0,,2026-08-08 00:21:11
gd_1MjA5r9wB619NBT5Or235HhNaVZ7HEMhe,gdrive,https://drive.google.com/file/d/1MjA5r9wB619NBT5Or235HhNaVZ7HEMhe/view?usp=drive_link,ok,C:\bdc_cache\video\gd_1MjA5r9wB619NBT5Or235HhNaVZ7HEMhe.mp4,C:\bdc_cache\meta\gd_1MjA5r9wB619NBT5Or235HhNaVZ7HEMhe.json,,,,,0,,2026-08-08 00:40:02
gd_1NIWRtQwRup1CXoykRSIJBBAvrMr-Ochv,gdrive,https://drive.google.com/file/d/1NIWRtQwRup1CXoykRSIJBBAvrMr-Ochv/view?usp=drive_link,ok,C:\bdc_cache\video\gd_1NIWRtQwRup1CXoykRSIJBBAvrMr-Ochv.mp4,C:\bdc_cache\meta\gd_1NIWRtQwRup1CXoykRSIJBBAvrMr-Ochv.json,,,,,0,,2026-08-08 00:40:59
gd_1NLuJi9iI8LzIWOFlSJVIHuaspBpzKTOu,gdrive,https://drive.google.com/file/d/1NLuJi9iI8LzIWOFlSJVIHuaspBpzKTOu/view?usp=drive_link,ok,C:\bdc_cache\video\gd_1NLuJi9iI8LzIWOFlSJVIHuaspBpzKTOu.mp4,C:\bdc_cache\meta\gd_1NLuJi9iI8LzIWOFlSJVIHuaspBpzKTOu.json,,,,,0,,2026-08-08 00:32:48
gd_1NXckEsK8mkUr4IlMs-Xz1G-fRG9y2OEd,gdrive,https://drive.google.com/file/d/1NXckEsK8mkUr4IlMs-Xz1G-fRG9y2OEd/view?usp=drive_link,ok,C:\bdc_cache\video\gd_1NXckEsK8mkUr4IlMs-Xz1G-fRG9y2OEd.mp4,C:\bdc_cache\meta\gd_1NXckEsK8mkUr4IlMs-Xz1G-fRG9y2OEd.json,,,,,0,,2026-08-08 00:23:08
gd_1N_tmTCnlUew4zz00tTx-5WFTfJew-mlD,gdrive,https://drive.google.com/file/d/1N_tmTCnlUew4zz00tTx-5WFTfJew-mlD/view?usp=drive_link,ok,C:\bdc_cache\video\gd_1N_tmTCnlUew4zz00tTx-5WFTfJew-mlD.mp4,C:\bdc_cache\meta\gd_1N_tmTCnlUew4zz00tTx-5WFTfJew-mlD.json,,,,,0,,2026-08-08 00:35:27
gd_1OZY0368_fbHpt5_56pfvxivBXWivL-TK,gdrive,https://drive.google.com/file/d/1OZY0368_fbHpt5_56pfvxivBXWivL-TK/view?usp=sharing,ok,C:\bdc_cache\video\gd_1OZY0368_fbHpt5_56pfvxivBXWivL-TK.mp4,C:\bdc_cache\meta\gd_1OZY0368_fbHpt5_56pfvxivBXWivL-TK.json,,,,,0,,2026-08-08 00:27:51
gd_1Oc5Q-niMiBiAH2QEv-RxW7jJX1ldfrfi,gdrive,https://drive.google.com/file/d/1Oc5Q-niMiBiAH2QEv-RxW7jJX1ldfrfi/view?usp=sharing,failed,,,,,,,,"RuntimeError: jalur langsung & gdown gagal: Failed to retrieve file url:

	Cannot retrieve the public link of the file. You may need to change
	the permission to 'Anyone with the link', or have had many accesses.
	Check FAQ in https://github.com/wkentaro/gdown?tab=readme-ov-file#faq.

You may still ",2026-08-08 00:25:08
gd_1P2dJ0V77XLxti9Sj66vYfjHklpp_ilQ7,gdrive,https://drive.google.com/file/d/1P2dJ0V77XLxti9Sj66vYfjHklpp_ilQ7/view?usp=sharing,ok,C:\bdc_cache\video\gd_1P2dJ0V77XLxti9Sj66vYfjHklpp_ilQ7.mp4,C:\bdc_cache\meta\gd_1P2dJ0V77XLxti9Sj66vYfjHklpp_ilQ7.json,,,,,0,,2026-08-08 00:19:07
gd_1P6PgAAZKmoYiKR8ekl0_2K2N8NdCbFXy,gdrive,https://drive.google.com/file/d/1P6PgAAZKmoYiKR8ekl0_2K2N8NdCbFXy/view?usp=sharing,failed,,,,,,,,"RuntimeError: jalur langsung & gdown gagal: Failed to retrieve file url:

	Cannot retrieve the public link of the file. You may need to change
	the permission to 'Anyone with the link', or have had many accesses.
	Check FAQ in https://github.com/wkentaro/gdown?tab=readme-ov-file#faq.

You may still ",2026-08-08 00:20:47
gd_1PAF7kyIsR0Y4IhMH_qv3su1-FNhWatb1,gdrive,https://drive.google.com/file/d/1PAF7kyIsR0Y4IhMH_qv3su1-FNhWatb1/view?usp=drive_link,ok,C:\bdc_cache\video\gd_1PAF7kyIsR0Y4IhMH_qv3su1-FNhWatb1.mp4,C:\bdc_cache\meta\gd_1PAF7kyIsR0Y4IhMH_qv3su1-FNhWatb1.json,,,,,0,,2026-08-08 00:34:12
gd_1PMDBY0C5oekMhFDm2KcR2jLjdgonZ2Bi,gdrive,https://drive.google.com/file/d/1PMDBY0C5oekMhFDm2KcR2jLjdgonZ2Bi/view?usp=sharing,ok,C:\bdc_cache\video\gd_1PMDBY0C5oekMhFDm2KcR2jLjdgonZ2Bi.mp4,C:\bdc_cache\meta\gd_1PMDBY0C5oekMhFDm2KcR2jLjdgonZ2Bi.json,,,,,0,,2026-08-08 00:27:16
gd_1PO2U34pcKAcxAOJtwmSejmRgNB5koTEi,gdrive,https://drive.google.com/file/d/1PO2U34pcKAcxAOJtwmSejmRgNB5koTEi/view?usp=sharing,failed,,,,,,,,"RuntimeError: jalur langsung & gdown gagal: Failed to retrieve file url:

	Cannot retrieve the public link of the file. You may need to change
	the permission to 'Anyone with the link', or have had many accesses.
	Check FAQ in https://github.com/wkentaro/gdown?tab=readme-ov-file#faq.

You may still ",2026-08-08 00:25:10
gd_1PRC9-PllLNjuA6E070mqKYmOW7xnTT6e,gdrive,https://drive.google.com/file/d/1PRC9-PllLNjuA6E070mqKYmOW7xnTT6e/view?usp=sharing,ok,C:\bdc_cache\video\gd_1PRC9-PllLNjuA6E070mqKYmOW7xnTT6e.mp4,C:\bdc_cache\meta\gd_1PRC9-PllLNjuA6E070mqKYmOW7xnTT6e.json,,,,,0,,2026-08-08 00:37:38
gd_1PcmHcT9jRbICD5l0cMXj8U09riBuCn0E,gdrive,https://drive.google.com/file/d/1PcmHcT9jRbICD5l0cMXj8U09riBuCn0E/view?usp=drive_link,ok,C:\bdc_cache\video\gd_1PcmHcT9jRbICD5l0cMXj8U09riBuCn0E.mp4,C:\bdc_cache\meta\gd_1PcmHcT9jRbICD5l0cMXj8U09riBuCn0E.json,,,,,0,,2026-08-08 00:31:28
gd_1PdTWWjH66iIWgJPefVzIeuKqYBdkrsI2,gdrive,https://drive.google.com/file/d/1PdTWWjH66iIWgJPefVzIeuKqYBdkrsI2/view?usp=drive_link,ok,C:\bdc_cache\video\gd_1PdTWWjH66iIWgJPefVzIeuKqYBdkrsI2.mp4,C:\bdc_cache\meta\gd_1PdTWWjH66iIWgJPefVzIeuKqYBdkrsI2.json,,,,,0,,2026-08-08 00:33:55
gd_1PzfVDLwuOuvkXMoSCSJlG4jw2gjZiw7f,gdrive,https://drive.google.com/file/d/1PzfVDLwuOuvkXMoSCSJlG4jw2gjZiw7f/view?usp=sharing,ok,C:\bdc_cache\video\gd_1PzfVDLwuOuvkXMoSCSJlG4jw2gjZiw7f.mp4,C:\bdc_cache\meta\gd_1PzfVDLwuOuvkXMoSCSJlG4jw2gjZiw7f.json,,,,,0,,2026-08-08 00:19:31
gd_1Q6UYhFv2n4YnEsDqBpWB_WOKFAqckDqR,gdrive,https://drive.google.com/file/d/1Q6UYhFv2n4YnEsDqBpWB_WOKFAqckDqR/view?usp=sharing,ok,C:\bdc_cache\video\gd_1Q6UYhFv2n4YnEsDqBpWB_WOKFAqckDqR.mp4,C:\bdc_cache\meta\gd_1Q6UYhFv2n4YnEsDqBpWB_WOKFAqckDqR.json,,,,,0,,2026-08-08 00:19:27
gd_1QEe9IVsQPVznXT9Sq2AvtxWRglgbL8u8,gdrive,https://drive.google.com/file/d/1QEe9IVsQPVznXT9Sq2AvtxWRglgbL8u8/view?usp=drive_link,ok,C:\bdc_cache\video\gd_1QEe9IVsQPVznXT9Sq2AvtxWRglgbL8u8.mp4,C:\bdc_cache\meta\gd_1QEe9IVsQPVznXT9Sq2AvtxWRglgbL8u8.json,,,,,0,,2026-08-08 00:31:53
gd_1QKbQgPG6bA1WDwuGpEvAnMmw1_qbtkFk,gdrive,https://drive.google.com/file/d/1QKbQgPG6bA1WDwuGpEvAnMmw1_qbtkFk/view?usp=drive_link,failed,,,,,,,,"RuntimeError: jalur langsung & gdown gagal: Failed to retrieve file url:

	Cannot retrieve the public link of the file. You may need to change
	the permission to 'Anyone with the link', or have had many accesses.
	Check FAQ in https://github.com/wkentaro/gdown?tab=readme-ov-file#faq.

You may still ",2026-08-08 00:20:02
gd_1QeVhYOzQQzWvmASX097fx9-xgSL8aYa9,gdrive,https://drive.google.com/file/d/1QeVhYOzQQzWvmASX097fx9-xgSL8aYa9/view?usp=sharing,ok,C:\bdc_cache\video\gd_1QeVhYOzQQzWvmASX097fx9-xgSL8aYa9.mp4,C:\bdc_cache\meta\gd_1QeVhYOzQQzWvmASX097fx9-xgSL8aYa9.json,,,,,0,,2026-08-08 00:36:55
gd_1REqm_JWcaZA73Jy4XMtl-gd7CiExVizn,gdrive,https://drive.google.com/file/d/1REqm_JWcaZA73Jy4XMtl-gd7CiExVizn/view?usp=sharing,failed,,,,,,,,"RuntimeError: jalur langsung & gdown gagal: Failed to retrieve file url:

	Cannot retrieve the public link of the file. You may need to change
	the permission to 'Anyone with the link', or have had many accesses.
	Check FAQ in https://github.com/wkentaro/gdown?tab=readme-ov-file#faq.

You may still ",2026-08-08 00:25:13
gd_1RuG8tAU9xSDT6oYf_gox_krLOGl5zZAT,gdrive,https://drive.google.com/file/d/1RuG8tAU9xSDT6oYf_gox_krLOGl5zZAT/view?usp=sharing,failed,,,,,,,,"RuntimeError: jalur langsung & gdown gagal: Failed to retrieve file url:

	Cannot retrieve the public link of the file. You may need to change
	the permission to 'Anyone with the link', or have had many accesses.
	Check FAQ in https://github.com/wkentaro/gdown?tab=readme-ov-file#faq.

You may still ",2026-08-08 00:25:17
gd_1RzNIT_4ZJl3hw41qI8aSdyQdqsaTApKk,gdrive,https://drive.google.com/file/d/1RzNIT_4ZJl3hw41qI8aSdyQdqsaTApKk/view?usp=sharing,ok,C:\bdc_cache\video\gd_1RzNIT_4ZJl3hw41qI8aSdyQdqsaTApKk.mp4,C:\bdc_cache\meta\gd_1RzNIT_4ZJl3hw41qI8aSdyQdqsaTApKk.json,,,,,0,,2026-08-08 00:39:03
gd_1S72zxSaA4R1t3mwApeTHm4VJT-IDvjPL,gdrive,https://drive.google.com/file/d/1S72zxSaA4R1t3mwApeTHm4VJT-IDvjPL/view?usp=drive_link,ok,C:\bdc_cache\video\gd_1S72zxSaA4R1t3mwApeTHm4VJT-IDvjPL.mp4,C:\bdc_cache\meta\gd_1S72zxSaA4R1t3mwApeTHm4VJT-IDvjPL.json,,,,,0,,2026-08-08 00:21:28
gd_1SClBWIykBWYBR97lUcitK1nbexZJMpVn,gdrive,https://drive.google.com/file/d/1SClBWIykBWYBR97lUcitK1nbexZJMpVn/view?usp=sharing,failed,,,,,,,,"RuntimeError: jalur langsung & gdown gagal: Failed to retrieve file url:

	Cannot retrieve the public link of the file. You may need to change
	the permission to 'Anyone with the link', or have had many accesses.
	Check FAQ in https://github.com/wkentaro/gdown?tab=readme-ov-file#faq.

You may still ",2026-08-08 00:25:20
gd_1SGmmz_hCldaOMxzhSpmiaqgCAXmk94cn,gdrive,https://drive.google.com/file/d/1SGmmz_hCldaOMxzhSpmiaqgCAXmk94cn/view?usp=drive_link,ok,C:\bdc_cache\video\gd_1SGmmz_hCldaOMxzhSpmiaqgCAXmk94cn.mp4,C:\bdc_cache\meta\gd_1SGmmz_hCldaOMxzhSpmiaqgCAXmk94cn.json,,,,,0,,2026-08-08 00:22:42
gd_1SLzwB2vFY8ZxxWJQWagAlk_Q8qdKvQZu,gdrive,https://drive.google.com/file/d/1SLzwB2vFY8ZxxWJQWagAlk_Q8qdKvQZu/view?usp=sharing,failed,,,,,,,,"RuntimeError: jalur langsung & gdown gagal: Failed to retrieve file url:

	Cannot retrieve the public link of the file. You may need to change
	the permission to 'Anyone with the link', or have had many accesses.
	Check FAQ in https://github.com/wkentaro/gdown?tab=readme-ov-file#faq.

You may still ",2026-08-08 00:25:24
gd_1Sjfo20LxjQYLL38rcsfMK6-mglcXkGOP,gdrive,https://drive.google.com/file/d/1Sjfo20LxjQYLL38rcsfMK6-mglcXkGOP/view?usp=sharing,ok,C:\bdc_cache\video\gd_1Sjfo20LxjQYLL38rcsfMK6-mglcXkGOP.mp4,C:\bdc_cache\meta\gd_1Sjfo20LxjQYLL38rcsfMK6-mglcXkGOP.json,,,,,0,,2026-08-07 22:53:58
gd_1Szy2uHW3fbw_8cXU9dd3gVhnMMyKQwbE,gdrive,https://drive.google.com/file/d/1Szy2uHW3fbw_8cXU9dd3gVhnMMyKQwbE/view?usp=drive_link,ok,C:\bdc_cache\video\gd_1Szy2uHW3fbw_8cXU9dd3gVhnMMyKQwbE.mp4,C:\bdc_cache\meta\gd_1Szy2uHW3fbw_8cXU9dd3gVhnMMyKQwbE.json,,,,,0,,2026-08-08 00:40:45
gd_1TBxEKfVbZHXKByNuG8cEKpGNkCz_nQTf,gdrive,https://drive.google.com/file/d/1TBxEKfVbZHXKByNuG8cEKpGNkCz_nQTf/view?usp=drive_link,failed,,,,,,,,"RuntimeError: jalur langsung & gdown gagal: Failed to retrieve file url:

	Cannot retrieve the public link of the file. You may need to change
	the permission to 'Anyone with the link', or have had many accesses.
	Check FAQ in https://github.com/wkentaro/gdown?tab=readme-ov-file#faq.

You may still ",2026-08-08 00:20:26
gd_1TJfHdE_I2qE3PzOzmeiNlxuv_8sbpqTf,gdrive,https://drive.google.com/file/d/1TJfHdE_I2qE3PzOzmeiNlxuv_8sbpqTf/view?usp=drive_link,ok,C:\bdc_cache\video\gd_1TJfHdE_I2qE3PzOzmeiNlxuv_8sbpqTf.mp4,C:\bdc_cache\meta\gd_1TJfHdE_I2qE3PzOzmeiNlxuv_8sbpqTf.json,,,,,0,,2026-08-08 00:35:45
gd_1TK2wTHE8nH_FbFsjTqMmLHCdc5J8gvAC,gdrive,https://drive.google.com/file/d/1TK2wTHE8nH_FbFsjTqMmLHCdc5J8gvAC/view?usp=drive_link,ok,C:\bdc_cache\video\gd_1TK2wTHE8nH_FbFsjTqMmLHCdc5J8gvAC.mp4,C:\bdc_cache\meta\gd_1TK2wTHE8nH_FbFsjTqMmLHCdc5J8gvAC.json,,,,,0,,2026-08-08 00:30:47
gd_1TSulhJrWMWP0gmF6kDfqRlRwE0OquY70,gdrive,https://drive.google.com/file/d/1TSulhJrWMWP0gmF6kDfqRlRwE0OquY70/view?usp=drive_link,ok,C:\bdc_cache\video\gd_1TSulhJrWMWP0gmF6kDfqRlRwE0OquY70.mp4,C:\bdc_cache\meta\gd_1TSulhJrWMWP0gmF6kDfqRlRwE0OquY70.json,,,,,0,,2026-08-08 00:31:17
gd_1TZiC-jU1Gq2NW3tRTdiFgy6GgfqLmxdl,gdrive,https://drive.google.com/file/d/1TZiC-jU1Gq2NW3tRTdiFgy6GgfqLmxdl/view?usp=drive_link,ok,C:\bdc_cache\video\gd_1TZiC-jU1Gq2NW3tRTdiFgy6GgfqLmxdl.mp4,C:\bdc_cache\meta\gd_1TZiC-jU1Gq2NW3tRTdiFgy6GgfqLmxdl.json,,,,,0,,2026-08-08 00:30:17
gd_1TsssLBV9UK2CyCeHY-qWf-AN7xdqWVSL,gdrive,https://drive.google.com/file/d/1TsssLBV9UK2CyCeHY-qWf-AN7xdqWVSL/view?usp=sharing,failed,,,,,,,,"RuntimeError: jalur langsung & gdown gagal: Failed to retrieve file url:

	Cannot retrieve the public link of the file. You may need to change
	the permission to 'Anyone with the link', or have had many accesses.
	Check FAQ in https://github.com/wkentaro/gdown?tab=readme-ov-file#faq.

You may still ",2026-08-08 00:25:27
gd_1UB8tXY1CEoU1E3JuvqR6HSIHzT9cVAvH,gdrive,https://drive.google.com/file/d/1UB8tXY1CEoU1E3JuvqR6HSIHzT9cVAvH/view?usp=drive_link,failed,,,,,,,,"RuntimeError: jalur langsung & gdown gagal: Failed to retrieve file url:

	Cannot retrieve the public link of the file. You may need to change
	the permission to 'Anyone with the link', or have had many accesses.
	Check FAQ in https://github.com/wkentaro/gdown?tab=readme-ov-file#faq.

You may still ",2026-08-08 00:37:52
gd_1UE04wkbPDVwJAE8yDJ0CXAOInVEzH7Fx,gdrive,https://drive.google.com/file/d/1UE04wkbPDVwJAE8yDJ0CXAOInVEzH7Fx/view?usp=drive_link,failed,,,,,,,,"RuntimeError: jalur langsung & gdown gagal: Failed to retrieve file url:

	Cannot retrieve the public link of the file. You may need to change
	the permission to 'Anyone with the link', or have had many accesses.
	Check FAQ in https://github.com/wkentaro/gdown?tab=readme-ov-file#faq.

You may still ",2026-08-08 00:20:05
gd_1UI8IJ19DQkZuTaUtLVtAI19jGMIDJuO_,gdrive,https://drive.google.com/file/d/1UI8IJ19DQkZuTaUtLVtAI19jGMIDJuO_/view?usp=sharing,ok,C:\bdc_cache\video\gd_1UI8IJ19DQkZuTaUtLVtAI19jGMIDJuO_.mp4,C:\bdc_cache\meta\gd_1UI8IJ19DQkZuTaUtLVtAI19jGMIDJuO_.json,,,,,0,,2026-08-07 22:50:08
gd_1UST7Jk52PQpIHKR8R42KN0Txip3jLYUX,gdrive,https://drive.google.com/file/d/1UST7Jk52PQpIHKR8R42KN0Txip3jLYUX/view?usp=drive_link,ok,C:\bdc_cache\video\gd_1UST7Jk52PQpIHKR8R42KN0Txip3jLYUX.mp4,C:\bdc_cache\meta\gd_1UST7Jk52PQpIHKR8R42KN0Txip3jLYUX.json,,,,,0,,2026-08-08 00:32:23
gd_1UoIpEESJpYhl6ktsFX0l1Q_lGS2JQE4a,gdrive,https://drive.google.com/file/d/1UoIpEESJpYhl6ktsFX0l1Q_lGS2JQE4a/view?usp=drive_link,ok,C:\bdc_cache\video\gd_1UoIpEESJpYhl6ktsFX0l1Q_lGS2JQE4a.mp4,C:\bdc_cache\meta\gd_1UoIpEESJpYhl6ktsFX0l1Q_lGS2JQE4a.json,,,,,0,,2026-08-08 00:40:53
gd_1V42ONkSg7UkrdxWF67Xj3719CPVN8Yp-,gdrive,https://drive.google.com/file/d/1V42ONkSg7UkrdxWF67Xj3719CPVN8Yp-/view?usp=drive_link,failed,,,,,,,,"RuntimeError: jalur langsung & gdown gagal: Failed to retrieve file url:

	Cannot retrieve the public link of the file. You may need to change
	the permission to 'Anyone with the link', or have had many accesses.
	Check FAQ in https://github.com/wkentaro/gdown?tab=readme-ov-file#faq.

You may still ",2026-08-08 00:20:15
gd_1V9DwnwhgH5edkoD7zJZHWfSOyE7FShUt,gdrive,https://drive.google.com/file/d/1V9DwnwhgH5edkoD7zJZHWfSOyE7FShUt/view?usp=drive_link,ok,C:\bdc_cache\video\gd_1V9DwnwhgH5edkoD7zJZHWfSOyE7FShUt.mp4,C:\bdc_cache\meta\gd_1V9DwnwhgH5edkoD7zJZHWfSOyE7FShUt.json,,,,,0,,2026-08-08 00:33:29
gd_1VhJeu7psvZDuLyG5NFB0mtuIIqW8utvQ,gdrive,https://drive.google.com/file/d/1VhJeu7psvZDuLyG5NFB0mtuIIqW8utvQ/view?usp=share_link,ok,C:\bdc_cache\video\gd_1VhJeu7psvZDuLyG5NFB0mtuIIqW8utvQ.mp4,C:\bdc_cache\meta\gd_1VhJeu7psvZDuLyG5NFB0mtuIIqW8utvQ.json,,,,,0,,2026-08-07 22:51:16
gd_1W1MHuBFcVp1Lro3wg-dDzrj1DzUgyFoQ,gdrive,https://drive.google.com/file/d/1W1MHuBFcVp1Lro3wg-dDzrj1DzUgyFoQ/view?usp=sharing,ok,C:\bdc_cache\video\gd_1W1MHuBFcVp1Lro3wg-dDzrj1DzUgyFoQ.mp4,C:\bdc_cache\meta\gd_1W1MHuBFcVp1Lro3wg-dDzrj1DzUgyFoQ.json,,,,,0,,2026-08-07 22:49:17
gd_1WVED72q_6g4WpDZqMo0IxDVnNSU6Dho6,gdrive,https://drive.google.com/file/d/1WVED72q_6g4WpDZqMo0IxDVnNSU6Dho6/view?usp=share_link,ok,C:\bdc_cache\video\gd_1WVED72q_6g4WpDZqMo0IxDVnNSU6Dho6.mp4,C:\bdc_cache\meta\gd_1WVED72q_6g4WpDZqMo0IxDVnNSU6Dho6.json,,,,,0,,2026-08-08 00:36:46
gd_1WXFtSqo9CoaUaUjAS25NYQ4ygwrbb4Tg,gdrive,https://drive.google.com/file/d/1WXFtSqo9CoaUaUjAS25NYQ4ygwrbb4Tg/view?usp=drive_link,ok,C:\bdc_cache\video\gd_1WXFtSqo9CoaUaUjAS25NYQ4ygwrbb4Tg.mp4,C:\bdc_cache\meta\gd_1WXFtSqo9CoaUaUjAS25NYQ4ygwrbb4Tg.json,,,,,0,,2026-08-08 00:34:06
gd_1XGzX-NKZenX55Qzsx7KhKr0ahi4PaXgd,gdrive,https://drive.google.com/file/d/1XGzX-NKZenX55Qzsx7KhKr0ahi4PaXgd/view?usp=drive_link,ok,C:\bdc_cache\video\gd_1XGzX-NKZenX55Qzsx7KhKr0ahi4PaXgd.mp4,C:\bdc_cache\meta\gd_1XGzX-NKZenX55Qzsx7KhKr0ahi4PaXgd.json,,,,,0,,2026-08-08 00:35:33
gd_1XfK7VwPpb4ZVM5msAaGdKpZh1hjWNAgp,gdrive,https://drive.google.com/file/d/1XfK7VwPpb4ZVM5msAaGdKpZh1hjWNAgp/view?usp=drive_link,ok,C:\bdc_cache\video\gd_1XfK7VwPpb4ZVM5msAaGdKpZh1hjWNAgp.mp4,C:\bdc_cache\meta\gd_1XfK7VwPpb4ZVM5msAaGdKpZh1hjWNAgp.json,,,,,0,,2026-08-08 00:29:54
gd_1YIqQHOYRoED2dnnOnLSuwdrBhyi_66uo,gdrive,https://drive.google.com/file/d/1YIqQHOYRoED2dnnOnLSuwdrBhyi_66uo/view?usp=drive_link,ok,C:\bdc_cache\video\gd_1YIqQHOYRoED2dnnOnLSuwdrBhyi_66uo.mp4,C:\bdc_cache\meta\gd_1YIqQHOYRoED2dnnOnLSuwdrBhyi_66uo.json,,,,,0,,2026-08-08 00:33:37
gd_1YIy7DteRuFINaJ7Wb2UQDIReVLnXngma,gdrive,https://drive.google.com/file/d/1YIy7DteRuFINaJ7Wb2UQDIReVLnXngma/view?usp=share_link,ok,C:\bdc_cache\video\gd_1YIy7DteRuFINaJ7Wb2UQDIReVLnXngma.mp4,C:\bdc_cache\meta\gd_1YIy7DteRuFINaJ7Wb2UQDIReVLnXngma.json,,,,,0,,2026-08-07 22:45:15
gd_1YLZL1FogofxtQ1zJKcVNjTSxCKTN6jXz,gdrive,https://drive.google.com/file/d/1YLZL1FogofxtQ1zJKcVNjTSxCKTN6jXz/view?usp=drive_link,failed,,,,,,,,"RuntimeError: jalur langsung & gdown gagal: Failed to retrieve file url:

	Cannot retrieve the public link of the file. You may need to change
	the permission to 'Anyone with the link', or have had many accesses.
	Check FAQ in https://github.com/wkentaro/gdown?tab=readme-ov-file#faq.

You may still ",2026-08-08 00:37:49
gd_1YbfJb9n-H24D0ud3jDZxtskL7sf-nVS5,gdrive,https://drive.google.com/file/d/1YbfJb9n-H24D0ud3jDZxtskL7sf-nVS5/view?usp=drive_link,ok,C:\bdc_cache\video\gd_1YbfJb9n-H24D0ud3jDZxtskL7sf-nVS5.mp4,C:\bdc_cache\meta\gd_1YbfJb9n-H24D0ud3jDZxtskL7sf-nVS5.json,,,,,0,,2026-08-08 00:24:26
gd_1Yl1ocOLrNkvokbxAJNGFJd6FC1eYzhm4,gdrive,https://drive.google.com/file/d/1Yl1ocOLrNkvokbxAJNGFJd6FC1eYzhm4/view?usp=sharing,failed,,,,,,,,"RuntimeError: jalur langsung & gdown gagal: Failed to retrieve file url:

	Cannot retrieve the public link of the file. You may need to change
	the permission to 'Anyone with the link', or have had many accesses.
	Check FAQ in https://github.com/wkentaro/gdown?tab=readme-ov-file#faq.

You may still ",2026-08-08 00:25:31
gd_1YmlpSSW6yy3WyYBmjzhRhmXW6G5rgK0Z,gdrive,https://drive.google.com/file/d/1YmlpSSW6yy3WyYBmjzhRhmXW6G5rgK0Z/view?usp=sharing,ok,C:\bdc_cache\video\gd_1YmlpSSW6yy3WyYBmjzhRhmXW6G5rgK0Z.mp4,C:\bdc_cache\meta\gd_1YmlpSSW6yy3WyYBmjzhRhmXW6G5rgK0Z.json,,,,,0,,2026-08-07 22:53:01
gd_1Yqx2xGXcvKlK5MiiaR6ABUpFRiJ9eM0o,gdrive,https://drive.google.com/file/d/1Yqx2xGXcvKlK5MiiaR6ABUpFRiJ9eM0o/view?usp=sharing,ok,C:\bdc_cache\video\gd_1Yqx2xGXcvKlK5MiiaR6ABUpFRiJ9eM0o.mp4,C:\bdc_cache\meta\gd_1Yqx2xGXcvKlK5MiiaR6ABUpFRiJ9eM0o.json,,,,,0,,2026-08-07 22:49:59
gd_1Z1dQGUr1PjpzPrtCS1mdNnJ54kaks3RA,gdrive,https://drive.google.com/file/d/1Z1dQGUr1PjpzPrtCS1mdNnJ54kaks3RA/view?usp=sharing,failed,,,,,,,,"RuntimeError: jalur langsung & gdown gagal: Failed to retrieve file url:

	Cannot retrieve the public link of the file. You may need to change
	the permission to 'Anyone with the link', or have had many accesses.
	Check FAQ in https://github.com/wkentaro/gdown?tab=readme-ov-file#faq.

You may still ",2026-08-08 00:38:06
gd_1Z46He28wmMpM4XX5PJaDprudGhn4BUmj,gdrive,https://drive.google.com/file/d/1Z46He28wmMpM4XX5PJaDprudGhn4BUmj/view?usp=sharing,ok,C:\bdc_cache\video\gd_1Z46He28wmMpM4XX5PJaDprudGhn4BUmj.mp4,C:\bdc_cache\meta\gd_1Z46He28wmMpM4XX5PJaDprudGhn4BUmj.json,,,,,0,,2026-08-08 00:26:41
gd_1Z6HV13StqwXPvVsirZBEhTsACRuIXfvo,gdrive,https://drive.google.com/file/d/1Z6HV13StqwXPvVsirZBEhTsACRuIXfvo/view?usp=drive_link,ok,C:\bdc_cache\video\gd_1Z6HV13StqwXPvVsirZBEhTsACRuIXfvo.mp4,C:\bdc_cache\meta\gd_1Z6HV13StqwXPvVsirZBEhTsACRuIXfvo.json,,,,,0,,2026-08-08 00:21:54
gd_1Z9-ac4oUzNkFmq-1TW8APHEZwGEjkDIE,gdrive,https://drive.google.com/file/d/1Z9-ac4oUzNkFmq-1TW8APHEZwGEjkDIE/view?usp=sharing,ok,C:\bdc_cache\video\gd_1Z9-ac4oUzNkFmq-1TW8APHEZwGEjkDIE.mp4,C:\bdc_cache\meta\gd_1Z9-ac4oUzNkFmq-1TW8APHEZwGEjkDIE.json,,,,,0,,2026-08-08 00:28:07
gd_1Zr_9U8OR77AmP3QJ_x-BbvNjxG0XBZTQ,gdrive,https://drive.google.com/file/d/1Zr_9U8OR77AmP3QJ_x-BbvNjxG0XBZTQ/view?usp=drive_link,ok,C:\bdc_cache\video\gd_1Zr_9U8OR77AmP3QJ_x-BbvNjxG0XBZTQ.mp4,C:\bdc_cache\meta\gd_1Zr_9U8OR77AmP3QJ_x-BbvNjxG0XBZTQ.json,,,,,0,,2026-08-08 00:33:49
gd_1_1pUppoq1CubSilNkIilvXy9BUMvqN5a,gdrive,https://drive.google.com/file/d/1_1pUppoq1CubSilNkIilvXy9BUMvqN5a/view?usp=sharing,failed,,,,,,,,"RuntimeError: jalur langsung & gdown gagal: Failed to retrieve file url:

	Cannot retrieve the public link of the file. You may need to change
	the permission to 'Anyone with the link', or have had many accesses.
	Check FAQ in https://github.com/wkentaro/gdown?tab=readme-ov-file#faq.

You may still ",2026-08-08 00:21:08
gd_1_IPDdNJ7xPFvWHy2-px1Pa7Qrj48aIWp,gdrive,https://drive.google.com/file/d/1_IPDdNJ7xPFvWHy2-px1Pa7Qrj48aIWp/view?usp=drive_link,ok,C:\bdc_cache\video\gd_1_IPDdNJ7xPFvWHy2-px1Pa7Qrj48aIWp.mp4,C:\bdc_cache\meta\gd_1_IPDdNJ7xPFvWHy2-px1Pa7Qrj48aIWp.json,,,,,0,,2026-08-08 00:40:09
gd_1_KjLNoBDyPq2ERIurbbpy0ymyYYTtgsc,gdrive,https://drive.google.com/file/d/1_KjLNoBDyPq2ERIurbbpy0ymyYYTtgsc/view?usp=sharing,ok,C:\bdc_cache\video\gd_1_KjLNoBDyPq2ERIurbbpy0ymyYYTtgsc.mp4,C:\bdc_cache\meta\gd_1_KjLNoBDyPq2ERIurbbpy0ymyYYTtgsc.json,,,,,0,,2026-08-07 22:53:21
gd_1_Wptog7sZ-Tf1GfIJ7tO5KSRv2d2QI1H,gdrive,https://drive.google.com/file/d/1_Wptog7sZ-Tf1GfIJ7tO5KSRv2d2QI1H/view?usp=drive_link,ok,C:\bdc_cache\video\gd_1_Wptog7sZ-Tf1GfIJ7tO5KSRv2d2QI1H.mp4,C:\bdc_cache\meta\gd_1_Wptog7sZ-Tf1GfIJ7tO5KSRv2d2QI1H.json,,,,,0,,2026-08-08 00:23:43
gd_1_bgAkwYdX91eMUGm6OyaWLJa9QOTketj,gdrive,https://drive.google.com/file/d/1_bgAkwYdX91eMUGm6OyaWLJa9QOTketj/view?usp=sharing,failed,,,,,,,,"RuntimeError: jalur langsung & gdown gagal: Failed to retrieve file url:

	Cannot retrieve the public link of the file. You may need to change
	the permission to 'Anyone with the link', or have had many accesses.
	Check FAQ in https://github.com/wkentaro/gdown?tab=readme-ov-file#faq.

You may still ",2026-08-08 00:20:39
gd_1aJVMO-4PF8IbcZEuBcdMDDZXH0HvvQ7Z,gdrive,https://drive.google.com/file/d/1aJVMO-4PF8IbcZEuBcdMDDZXH0HvvQ7Z/view?usp=drive_link,ok,C:\bdc_cache\video\gd_1aJVMO-4PF8IbcZEuBcdMDDZXH0HvvQ7Z.mp4,C:\bdc_cache\meta\gd_1aJVMO-4PF8IbcZEuBcdMDDZXH0HvvQ7Z.json,,,,,0,,2026-08-08 00:39:40
gd_1aqJ9hzi9WE4bs7NrqN7ciiLbk-qL3xil,gdrive,https://drive.google.com/file/d/1aqJ9hzi9WE4bs7NrqN7ciiLbk-qL3xil/view?usp=share_link,ok,C:\bdc_cache\video\gd_1aqJ9hzi9WE4bs7NrqN7ciiLbk-qL3xil.mp4,C:\bdc_cache\meta\gd_1aqJ9hzi9WE4bs7NrqN7ciiLbk-qL3xil.json,,,,,0,,2026-08-07 22:50:57
gd_1atFJ7NdIi85K4Q8xqKtumuqbXh9MI46S,gdrive,https://drive.google.com/file/d/1atFJ7NdIi85K4Q8xqKtumuqbXh9MI46S/view?usp=drive_link,ok,C:\bdc_cache\video\gd_1atFJ7NdIi85K4Q8xqKtumuqbXh9MI46S.mp4,C:\bdc_cache\meta\gd_1atFJ7NdIi85K4Q8xqKtumuqbXh9MI46S.json,,,,,0,,2026-08-08 00:39:28
gd_1au3KSMGEcUdinzTX1uG8T7o624m1Iv7J,gdrive,https://drive.google.com/file/d/1au3KSMGEcUdinzTX1uG8T7o624m1Iv7J/view?usp=drive_link,ok,C:\bdc_cache\video\gd_1au3KSMGEcUdinzTX1uG8T7o624m1Iv7J.mp4,C:\bdc_cache\meta\gd_1au3KSMGEcUdinzTX1uG8T7o624m1Iv7J.json,,,,,0,,2026-08-08 00:23:12
gd_1auQ3Vy3NiAzqBRWS4jkrBbjK0gxpm1oa,gdrive,https://drive.google.com/file/d/1auQ3Vy3NiAzqBRWS4jkrBbjK0gxpm1oa/view?usp=sharing,ok,C:\bdc_cache\video\gd_1auQ3Vy3NiAzqBRWS4jkrBbjK0gxpm1oa.mp4,C:\bdc_cache\meta\gd_1auQ3Vy3NiAzqBRWS4jkrBbjK0gxpm1oa.json,,,,,0,,2026-08-08 00:19:22
gd_1b7WCqKGBXJD4wZia0ke1CP9ZYituynGn,gdrive,https://drive.google.com/file/d/1b7WCqKGBXJD4wZia0ke1CP9ZYituynGn/view?usp=sharing,failed,,,,,,,,"RuntimeError: jalur langsung & gdown gagal: Failed to retrieve file url:

	Cannot retrieve the public link of the file. You may need to change
	the permission to 'Anyone with the link', or have had many accesses.
	Check FAQ in https://github.com/wkentaro/gdown?tab=readme-ov-file#faq.

You may still ",2026-08-08 00:25:34
gd_1b8j2we4JOYf3znxqUbmg8N1yOAAGgeIV,gdrive,https://drive.google.com/file/d/1b8j2we4JOYf3znxqUbmg8N1yOAAGgeIV/view?usp=sharing,ok,C:\bdc_cache\video\gd_1b8j2we4JOYf3znxqUbmg8N1yOAAGgeIV.mp4,C:\bdc_cache\meta\gd_1b8j2we4JOYf3znxqUbmg8N1yOAAGgeIV.json,,,,,0,,2026-08-08 00:27:34
gd_1bK8tNnBPE_cIG01bREq1qaejYuJqdAuf,gdrive,https://drive.google.com/file/d/1bK8tNnBPE_cIG01bREq1qaejYuJqdAuf/view?usp=sharing,ok,C:\bdc_cache\video\gd_1bK8tNnBPE_cIG01bREq1qaejYuJqdAuf.mp4,C:\bdc_cache\meta\gd_1bK8tNnBPE_cIG01bREq1qaejYuJqdAuf.json,,,,,0,,2026-08-08 00:18:57
gd_1bMMUhXgigGbM5TCG8EYHarZfjcZVL3k7,gdrive,https://drive.google.com/file/d/1bMMUhXgigGbM5TCG8EYHarZfjcZVL3k7/view?usp=drive_link,ok,C:\bdc_cache\video\gd_1bMMUhXgigGbM5TCG8EYHarZfjcZVL3k7.mp4,C:\bdc_cache\meta\gd_1bMMUhXgigGbM5TCG8EYHarZfjcZVL3k7.json,,,,,0,,2026-08-08 00:23:17
gd_1bh-6oY-dAOw08yVXIc-416tDFEeisPFR,gdrive,https://drive.google.com/file/d/1bh-6oY-dAOw08yVXIc-416tDFEeisPFR/view?usp=sharing,failed,,,,,,,,"RuntimeError: jalur langsung & gdown gagal: Failed to retrieve file url:

	Cannot retrieve the public link of the file. You may need to change
	the permission to 'Anyone with the link', or have had many accesses.
	Check FAQ in https://github.com/wkentaro/gdown?tab=readme-ov-file#faq.

You may still ",2026-08-08 00:25:37
gd_1c8v7me2ePXotPxLdcoG3os5bCXHDMg2R,gdrive,https://drive.google.com/file/d/1c8v7me2ePXotPxLdcoG3os5bCXHDMg2R/view?usp=drive_link,ok,C:\bdc_cache\video\gd_1c8v7me2ePXotPxLdcoG3os5bCXHDMg2R.mp4,C:\bdc_cache\meta\gd_1c8v7me2ePXotPxLdcoG3os5bCXHDMg2R.json,,,,,0,,2026-08-08 00:34:58
gd_1cNDwATeNRYBNEy5bp_RWZTwdNCgyU730,gdrive,https://drive.google.com/file/d/1cNDwATeNRYBNEy5bp_RWZTwdNCgyU730/view?usp=drive_link,ok,C:\bdc_cache\video\gd_1cNDwATeNRYBNEy5bp_RWZTwdNCgyU730.mp4,C:\bdc_cache\meta\gd_1cNDwATeNRYBNEy5bp_RWZTwdNCgyU730.json,,,,,0,,2026-08-08 00:29:10
gd_1c_1boySTaI5v-wbdEknkClIcsC7emkyC,gdrive,https://drive.google.com/file/d/1c_1boySTaI5v-wbdEknkClIcsC7emkyC/view?usp=share_link,ok,C:\bdc_cache\video\gd_1c_1boySTaI5v-wbdEknkClIcsC7emkyC.mp4,C:\bdc_cache\meta\gd_1c_1boySTaI5v-wbdEknkClIcsC7emkyC.json,,,,,0,,2026-08-07 22:51:45
gd_1clMd4lL0Odism-RJzRkkGlbpnsNxVnUt,gdrive,https://drive.google.com/file/d/1clMd4lL0Odism-RJzRkkGlbpnsNxVnUt/view?usp=sharing,failed,,,,,,,,"RuntimeError: jalur langsung & gdown gagal: Failed to retrieve file url:

	Cannot retrieve the public link of the file. You may need to change
	the permission to 'Anyone with the link', or have had many accesses.
	Check FAQ in https://github.com/wkentaro/gdown?tab=readme-ov-file#faq.

You may still ",2026-08-08 00:25:40
gd_1cmoX1kONBJ57XxZmC1n8j-AuboEW-OGG,gdrive,https://drive.google.com/file/d/1cmoX1kONBJ57XxZmC1n8j-AuboEW-OGG/view?usp=sharing,ok,C:\bdc_cache\video\gd_1cmoX1kONBJ57XxZmC1n8j-AuboEW-OGG.mp4,C:\bdc_cache\meta\gd_1cmoX1kONBJ57XxZmC1n8j-AuboEW-OGG.json,,,,,0,,2026-08-08 00:28:01
gd_1dQo2iCSbbGDpkuvaeevt-J0yWbc0Pbfr,gdrive,https://drive.google.com/file/d/1dQo2iCSbbGDpkuvaeevt-J0yWbc0Pbfr/view?usp=drive_link,ok,C:\bdc_cache\video\gd_1dQo2iCSbbGDpkuvaeevt-J0yWbc0Pbfr.mp4,C:\bdc_cache\meta\gd_1dQo2iCSbbGDpkuvaeevt-J0yWbc0Pbfr.json,,,,,0,,2026-08-08 00:23:33
gd_1dYJrHYu4G5zfiFXscNvGr-6WZn4NvBp6,gdrive,https://drive.google.com/file/d/1dYJrHYu4G5zfiFXscNvGr-6WZn4NvBp6/view?usp=sharing,ok,C:\bdc_cache\video\gd_1dYJrHYu4G5zfiFXscNvGr-6WZn4NvBp6.mp4,C:\bdc_cache\meta\gd_1dYJrHYu4G5zfiFXscNvGr-6WZn4NvBp6.json,,,,,0,,2026-08-08 00:28:18
gd_1dc3XWlk-5vWkVD5eAYwGhJyvTaQyO_c5,gdrive,https://drive.google.com/file/d/1dc3XWlk-5vWkVD5eAYwGhJyvTaQyO_c5/view?usp=drive_link,ok,C:\bdc_cache\video\gd_1dc3XWlk-5vWkVD5eAYwGhJyvTaQyO_c5.mp4,C:\bdc_cache\meta\gd_1dc3XWlk-5vWkVD5eAYwGhJyvTaQyO_c5.json,,,,,0,,2026-08-08 00:34:00
gd_1dmL2iITVmznAuhUnQQ8XagExDvDuYAzJ,gdrive,https://drive.google.com/file/d/1dmL2iITVmznAuhUnQQ8XagExDvDuYAzJ/view?usp=sharing,ok,C:\bdc_cache\video\gd_1dmL2iITVmznAuhUnQQ8XagExDvDuYAzJ.mp4,C:\bdc_cache\meta\gd_1dmL2iITVmznAuhUnQQ8XagExDvDuYAzJ.json,,,,,0,,2026-08-07 22:54:04
gd_1dpT60tbJTQK4daHtOCY5Ry1OFYDH0Knw,gdrive,https://drive.google.com/file/d/1dpT60tbJTQK4daHtOCY5Ry1OFYDH0Knw/view?usp=drive_link,ok,C:\bdc_cache\video\gd_1dpT60tbJTQK4daHtOCY5Ry1OFYDH0Knw.mp4,C:\bdc_cache\meta\gd_1dpT60tbJTQK4daHtOCY5Ry1OFYDH0Knw.json,,,,,0,,2026-08-08 00:28:48
gd_1dsVjPJUpdCGwTGQRFN2XFe3rWCxMdkd1,gdrive,https://drive.google.com/file/d/1dsVjPJUpdCGwTGQRFN2XFe3rWCxMdkd1/view?usp=sharing,ok,C:\bdc_cache\video\gd_1dsVjPJUpdCGwTGQRFN2XFe3rWCxMdkd1.mp4,C:\bdc_cache\meta\gd_1dsVjPJUpdCGwTGQRFN2XFe3rWCxMdkd1.json,,,,,0,,2026-08-08 00:26:57
gd_1dyMYKBLHBfuAv4VbTF7iMaFPqfJ-du9x,gdrive,https://drive.google.com/file/d/1dyMYKBLHBfuAv4VbTF7iMaFPqfJ-du9x/view?usp=drive_link,ok,C:\bdc_cache\video\gd_1dyMYKBLHBfuAv4VbTF7iMaFPqfJ-du9x.mp4,C:\bdc_cache\meta\gd_1dyMYKBLHBfuAv4VbTF7iMaFPqfJ-du9x.json,,,,,0,,2026-08-08 00:23:22
gd_1eeHcjzmCadvIdIQp7Zs0NTUaDBQc2TD-,gdrive,https://drive.google.com/file/d/1eeHcjzmCadvIdIQp7Zs0NTUaDBQc2TD-/view?usp=drive_link,failed,,,,,,,,"RuntimeError: jalur langsung & gdown gagal: Failed to retrieve file url:

	Cannot retrieve the public link of the file. You may need to change
	the permission to 'Anyone with the link', or have had many accesses.
	Check FAQ in https://github.com/wkentaro/gdown?tab=readme-ov-file#faq.

You may still ",2026-08-08 00:20:17
gd_1ek-ZniGi5jI4096YpOLU8ts5Z438a89w,gdrive,https://drive.google.com/file/d/1ek-ZniGi5jI4096YpOLU8ts5Z438a89w/view?usp=sharing,ok,C:\bdc_cache\video\gd_1ek-ZniGi5jI4096YpOLU8ts5Z438a89w.mp4,C:\bdc_cache\meta\gd_1ek-ZniGi5jI4096YpOLU8ts5Z438a89w.json,,,,,0,,2026-08-08 00:27:22
gd_1etsHQdM46Ah4UsNm8uyIL08w4otU9slH,gdrive,https://drive.google.com/file/d/1etsHQdM46Ah4UsNm8uyIL08w4otU9slH/view?usp=sharing,failed,,,,,,,,"RuntimeError: jalur langsung & gdown gagal: Failed to retrieve file url:

	Cannot retrieve the public link of the file. You may need to change
	the permission to 'Anyone with the link', or have had many accesses.
	Check FAQ in https://github.com/wkentaro/gdown?tab=readme-ov-file#faq.

You may still ",2026-08-08 00:39:00
gd_1eu9PHjd3VO3fyp5776ZNBWTpYMaQRXBm,gdrive,https://drive.google.com/file/d/1eu9PHjd3VO3fyp5776ZNBWTpYMaQRXBm/view?usp=drive_link,ok,C:\bdc_cache\video\gd_1eu9PHjd3VO3fyp5776ZNBWTpYMaQRXBm.mp4,C:\bdc_cache\meta\gd_1eu9PHjd3VO3fyp5776ZNBWTpYMaQRXBm.json,,,,,0,,2026-08-08 00:22:01
gd_1fkhY54gBd6_h0YAjEx9GcfX02kRHWHf5,gdrive,https://drive.google.com/file/d/1fkhY54gBd6_h0YAjEx9GcfX02kRHWHf5/view?usp=drive_link,ok,C:\bdc_cache\video\gd_1fkhY54gBd6_h0YAjEx9GcfX02kRHWHf5.mp4,C:\bdc_cache\meta\gd_1fkhY54gBd6_h0YAjEx9GcfX02kRHWHf5.json,,,,,0,,2026-08-08 00:29:48
gd_1ftErla2d_xoxnPEw48O5qhOqZmU7yEoB,gdrive,https://drive.google.com/file/d/1ftErla2d_xoxnPEw48O5qhOqZmU7yEoB/view?usp=sharing,ok,C:\bdc_cache\video\gd_1ftErla2d_xoxnPEw48O5qhOqZmU7yEoB.mp4,C:\bdc_cache\meta\gd_1ftErla2d_xoxnPEw48O5qhOqZmU7yEoB.json,,,,,0,,2026-08-07 22:53:29
gd_1fxLBDzhzEvq589e2pwRIgajrLKvTu2YD,gdrive,https://drive.google.com/file/d/1fxLBDzhzEvq589e2pwRIgajrLKvTu2YD/view?usp=sharing,failed,,,,,,,,"RuntimeError: jalur langsung & gdown gagal: Failed to retrieve file url:

	Cannot retrieve the public link of the file. You may need to change
	the permission to 'Anyone with the link', or have had many accesses.
	Check FAQ in https://github.com/wkentaro/gdown?tab=readme-ov-file#faq.

You may still ",2026-08-08 00:25:46
gd_1g2liHVQnD1CUknV6v8CMX2kdinFYaXIu,gdrive,https://drive.google.com/file/d/1g2liHVQnD1CUknV6v8CMX2kdinFYaXIu/view?usp=sharing,failed,,,,,,,,"RuntimeError: jalur langsung & gdown gagal: Failed to retrieve file url:

	Cannot retrieve the public link of the file. You may need to change
	the permission to 'Anyone with the link', or have had many accesses.
	Check FAQ in https://github.com/wkentaro/gdown?tab=readme-ov-file#faq.

You may still ",2026-08-08 00:25:49
gd_1g7Psf62v7dErnIBYEvpxtfc1djyMCS0l,gdrive,https://drive.google.com/file/d/1g7Psf62v7dErnIBYEvpxtfc1djyMCS0l/view?usp=sharing,failed,,,,,,,,"RuntimeError: jalur langsung & gdown gagal: Failed to retrieve file url:

	Cannot retrieve the public link of the file. You may need to change
	the permission to 'Anyone with the link', or have had many accesses.
	Check FAQ in https://github.com/wkentaro/gdown?tab=readme-ov-file#faq.

You may still ",2026-08-08 00:25:43
gd_1gr6eVSYlzBHXVUpGY_mMJklm6MHdHxA_,gdrive,https://drive.google.com/file/d/1gr6eVSYlzBHXVUpGY_mMJklm6MHdHxA_/view?usp=drive_link,ok,C:\bdc_cache\video\gd_1gr6eVSYlzBHXVUpGY_mMJklm6MHdHxA_.mp4,C:\bdc_cache\meta\gd_1gr6eVSYlzBHXVUpGY_mMJklm6MHdHxA_.json,,,,,0,,2026-08-08 00:23:49
gd_1gv8ATmJJuC9zh7O__cTM-84vumtdCByU,gdrive,https://drive.google.com/file/d/1gv8ATmJJuC9zh7O__cTM-84vumtdCByU/view?usp=drive_link,ok,C:\bdc_cache\video\gd_1gv8ATmJJuC9zh7O__cTM-84vumtdCByU.mp4,C:\bdc_cache\meta\gd_1gv8ATmJJuC9zh7O__cTM-84vumtdCByU.json,,,,,0,,2026-08-08 00:29:58
gd_1gyvS8u2NWqkXGd-QkuhC6mw_6nNfM54M,gdrive,https://drive.google.com/file/d/1gyvS8u2NWqkXGd-QkuhC6mw_6nNfM54M/view?usp=drive_link,ok,C:\bdc_cache\video\gd_1gyvS8u2NWqkXGd-QkuhC6mw_6nNfM54M.mp4,C:\bdc_cache\meta\gd_1gyvS8u2NWqkXGd-QkuhC6mw_6nNfM54M.json,,,,,0,,2026-08-08 00:29:43
gd_1hR_JOQHAQ1cL5TeXmW6mXDBcKPcoHre8,gdrive,https://drive.google.com/file/d/1hR_JOQHAQ1cL5TeXmW6mXDBcKPcoHre8/view?usp=drive_link,ok,C:\bdc_cache\video\gd_1hR_JOQHAQ1cL5TeXmW6mXDBcKPcoHre8.mp4,C:\bdc_cache\meta\gd_1hR_JOQHAQ1cL5TeXmW6mXDBcKPcoHre8.json,,,,,0,,2026-08-08 00:26:24
gd_1hcdeL3zzC9e_9quh-eiZoBPpcuJwfqfi,gdrive,https://drive.google.com/file/d/1hcdeL3zzC9e_9quh-eiZoBPpcuJwfqfi/view?usp=sharing,ok,C:\bdc_cache\video\gd_1hcdeL3zzC9e_9quh-eiZoBPpcuJwfqfi.mp4,C:\bdc_cache\meta\gd_1hcdeL3zzC9e_9quh-eiZoBPpcuJwfqfi.json,,,,,0,,2026-08-08 00:37:18
gd_1hoQ3JriTraxmSlG6ePqy_hm0T4Q_uHyc,gdrive,https://drive.google.com/file/d/1hoQ3JriTraxmSlG6ePqy_hm0T4Q_uHyc/view?usp=drive_link,ok,C:\bdc_cache\video\gd_1hoQ3JriTraxmSlG6ePqy_hm0T4Q_uHyc.mp4,C:\bdc_cache\meta\gd_1hoQ3JriTraxmSlG6ePqy_hm0T4Q_uHyc.json,,,,,0,,2026-08-08 00:22:58
gd_1hqV23imz-CZ1PvjD5D6VBYAfKMcnQsl6,gdrive,https://drive.google.com/file/d/1hqV23imz-CZ1PvjD5D6VBYAfKMcnQsl6/view?usp=drive_link,ok,C:\bdc_cache\video\gd_1hqV23imz-CZ1PvjD5D6VBYAfKMcnQsl6.mp4,C:\bdc_cache\meta\gd_1hqV23imz-CZ1PvjD5D6VBYAfKMcnQsl6.json,,,,,0,,2026-08-08 00:40:24
gd_1irj5JRI7t68x1Or_uWrbpv-9Xa7cGyWE,gdrive,https://drive.google.com/file/d/1irj5JRI7t68x1Or_uWrbpv-9Xa7cGyWE/view?usp=sharing,failed,,,,,,,,"RuntimeError: jalur langsung & gdown gagal: Failed to retrieve file url:

	Cannot retrieve the public link of the file. You may need to change
	the permission to 'Anyone with the link', or have had many accesses.
	Check FAQ in https://github.com/wkentaro/gdown?tab=readme-ov-file#faq.

You may still ",2026-08-08 00:25:52
gd_1iyOhhmxVkfNfb8Ye7VzVe49OVf5ntCaJ,gdrive,https://drive.google.com/file/d/1iyOhhmxVkfNfb8Ye7VzVe49OVf5ntCaJ/view?usp=drive_link,ok,C:\bdc_cache\video\gd_1iyOhhmxVkfNfb8Ye7VzVe49OVf5ntCaJ.mp4,C:\bdc_cache\meta\gd_1iyOhhmxVkfNfb8Ye7VzVe49OVf5ntCaJ.json,,,,,0,,2026-08-08 00:23:28
gd_1j8J2v9fRDJV7_BPiDCq50SEGbuErKV99,gdrive,https://drive.google.com/file/d/1j8J2v9fRDJV7_BPiDCq50SEGbuErKV99/view?usp=drive_link,failed,,,,,,,,"RuntimeError: jalur langsung & gdown gagal: Failed to retrieve file url:

	Cannot retrieve the public link of the file. You may need to change
	the permission to 'Anyone with the link', or have had many accesses.
	Check FAQ in https://github.com/wkentaro/gdown?tab=readme-ov-file#faq.

You may still ",2026-08-08 00:37:58
gd_1jbAegP8PHDVJuJvZrgSqMATDogW4Hahy,gdrive,https://drive.google.com/file/d/1jbAegP8PHDVJuJvZrgSqMATDogW4Hahy/view?usp=sharing,ok,C:\bdc_cache\video\gd_1jbAegP8PHDVJuJvZrgSqMATDogW4Hahy.mp4,C:\bdc_cache\meta\gd_1jbAegP8PHDVJuJvZrgSqMATDogW4Hahy.json,,,,,0,,2026-08-08 00:18:52
gd_1jggeBXI_a_ING9T_N1CHGMv4r5wF7-mN,gdrive,https://drive.google.com/file/d/1jggeBXI_a_ING9T_N1CHGMv4r5wF7-mN/view?usp=drive_link,ok,C:\bdc_cache\video\gd_1jggeBXI_a_ING9T_N1CHGMv4r5wF7-mN.mp4,C:\bdc_cache\meta\gd_1jggeBXI_a_ING9T_N1CHGMv4r5wF7-mN.json,,,,,0,,2026-08-08 00:36:06
gd_1jqczoDbEO2obyGra2bu7jwDcRgSOc4EW,gdrive,https://drive.google.com/file/d/1jqczoDbEO2obyGra2bu7jwDcRgSOc4EW/view?usp=sharing,ok,C:\bdc_cache\video\gd_1jqczoDbEO2obyGra2bu7jwDcRgSOc4EW.mp4,C:\bdc_cache\meta\gd_1jqczoDbEO2obyGra2bu7jwDcRgSOc4EW.json,,,,,0,,2026-08-08 00:37:06
gd_1jz7UG4G8a5BgWRpDkwG4BMrbtUwgqz_1,gdrive,https://drive.google.com/file/d/1jz7UG4G8a5BgWRpDkwG4BMrbtUwgqz_1/view?usp=drive_link,ok,C:\bdc_cache\video\gd_1jz7UG4G8a5BgWRpDkwG4BMrbtUwgqz_1.mp4,C:\bdc_cache\meta\gd_1jz7UG4G8a5BgWRpDkwG4BMrbtUwgqz_1.json,,,,,0,,2026-08-08 00:32:39
gd_1k3qHBJISNZIr2N_uhRGZK5b4CP5JfaIv,gdrive,https://drive.google.com/file/d/1k3qHBJISNZIr2N_uhRGZK5b4CP5JfaIv/view?usp=drive_link,ok,C:\bdc_cache\video\gd_1k3qHBJISNZIr2N_uhRGZK5b4CP5JfaIv.mp4,C:\bdc_cache\meta\gd_1k3qHBJISNZIr2N_uhRGZK5b4CP5JfaIv.json,,,,,0,,2026-08-08 00:38:35
gd_1k7yqx0DAeO8yMyj5va5Oe8mgB0Jialu5,gdrive,https://drive.google.com/file/d/1k7yqx0DAeO8yMyj5va5Oe8mgB0Jialu5/view?usp=sharing,failed,,,,,,,,"RuntimeError: jalur langsung & gdown gagal: Failed to retrieve file url:

	Cannot retrieve the public link of the file. You may need to change
	the permission to 'Anyone with the link', or have had many accesses.
	Check FAQ in https://github.com/wkentaro/gdown?tab=readme-ov-file#faq.

You may still ",2026-08-08 00:25:55
gd_1kHfCc-bx0BcSGHP_rBe0KOdhWO4rlULD,gdrive,https://drive.google.com/file/d/1kHfCc-bx0BcSGHP_rBe0KOdhWO4rlULD/view?usp=drive_link,ok,C:\bdc_cache\video\gd_1kHfCc-bx0BcSGHP_rBe0KOdhWO4rlULD.mp4,C:\bdc_cache\meta\gd_1kHfCc-bx0BcSGHP_rBe0KOdhWO4rlULD.json,,,,,0,,2026-08-08 00:30:40
gd_1kWnsda1Gnjv95ftXeZYL2A_N-sz1RJ2R,gdrive,https://drive.google.com/file/d/1kWnsda1Gnjv95ftXeZYL2A_N-sz1RJ2R/view?usp=sharing,failed,,,,,,,,"RuntimeError: jalur langsung & gdown gagal: Failed to retrieve file url:

	Cannot retrieve the public link of the file. You may need to change
	the permission to 'Anyone with the link', or have had many accesses.
	Check FAQ in https://github.com/wkentaro/gdown?tab=readme-ov-file#faq.

You may still ",2026-08-08 00:25:58
gd_1kc5oblML5Q987meXXOGLhg7QT0EcXUQE,gdrive,https://drive.google.com/file/d/1kc5oblML5Q987meXXOGLhg7QT0EcXUQE/view?usp=drive_link,ok,C:\bdc_cache\video\gd_1kc5oblML5Q987meXXOGLhg7QT0EcXUQE.mp4,C:\bdc_cache\meta\gd_1kc5oblML5Q987meXXOGLhg7QT0EcXUQE.json,,,,,0,,2026-08-08 00:32:56
gd_1kdtDhRpo6ekKfT_yjBVXoVj4WercGNuF,gdrive,https://drive.google.com/file/d/1kdtDhRpo6ekKfT_yjBVXoVj4WercGNuF/view?usp=sharing,ok,C:\bdc_cache\video\gd_1kdtDhRpo6ekKfT_yjBVXoVj4WercGNuF.mp4,C:\bdc_cache\meta\gd_1kdtDhRpo6ekKfT_yjBVXoVj4WercGNuF.json,,,,,0,,2026-08-07 22:52:33
gd_1kj1MAL40UOCtOhBoBisMdVWELfzRgWZp,gdrive,https://drive.google.com/file/d/1kj1MAL40UOCtOhBoBisMdVWELfzRgWZp/view?usp=sharing,failed,,,,,,,,"RuntimeError: jalur langsung & gdown gagal: Failed to retrieve file url:

	Cannot retrieve the public link of the file. You may need to change
	the permission to 'Anyone with the link', or have had many accesses.
	Check FAQ in https://github.com/wkentaro/gdown?tab=readme-ov-file#faq.

You may still ",2026-08-08 00:26:01
gd_1ko19DG40GCqyfPWK7jXtkKMMFhtvHCKr,gdrive,https://drive.google.com/file/d/1ko19DG40GCqyfPWK7jXtkKMMFhtvHCKr/view?usp=drive_link,ok,C:\bdc_cache\video\gd_1ko19DG40GCqyfPWK7jXtkKMMFhtvHCKr.mp4,C:\bdc_cache\meta\gd_1ko19DG40GCqyfPWK7jXtkKMMFhtvHCKr.json,,,,,0,,2026-08-08 00:39:16
gd_1koJHh96MgfWI4vm96xGiPDS0wslvM2r_,gdrive,https://drive.google.com/file/d/1koJHh96MgfWI4vm96xGiPDS0wslvM2r_/view?usp=drive_link,ok,C:\bdc_cache\video\gd_1koJHh96MgfWI4vm96xGiPDS0wslvM2r_.mp4,C:\bdc_cache\meta\gd_1koJHh96MgfWI4vm96xGiPDS0wslvM2r_.json,,,,,0,,2026-08-08 00:32:32
gd_1ks5YYxJtTG-YB49TdxqZT0Eme3zMRb-b,gdrive,https://drive.google.com/file/d/1ks5YYxJtTG-YB49TdxqZT0Eme3zMRb-b/view?usp=sharing,failed,,,,,,,,"RuntimeError: jalur langsung & gdown gagal: Failed to retrieve file url:

	Cannot retrieve the public link of the file. You may need to change
	the permission to 'Anyone with the link', or have had many accesses.
	Check FAQ in https://github.com/wkentaro/gdown?tab=readme-ov-file#faq.

You may still ",2026-08-08 00:26:04
gd_1kzfBs5I_n0a0yCwEh5PdNY5GgLqQRcez,gdrive,https://drive.google.com/file/d/1kzfBs5I_n0a0yCwEh5PdNY5GgLqQRcez/view?usp=drive_link,ok,C:\bdc_cache\video\gd_1kzfBs5I_n0a0yCwEh5PdNY5GgLqQRcez.mp4,C:\bdc_cache\meta\gd_1kzfBs5I_n0a0yCwEh5PdNY5GgLqQRcez.json,,,,,0,,2026-08-08 00:38:19
gd_1lJeWDVKUMGYuTio3v5VayeJIojWGQW6E,gdrive,https://drive.google.com/file/d/1lJeWDVKUMGYuTio3v5VayeJIojWGQW6E/view?usp=sharing,failed,,,,,,,,"RuntimeError: jalur langsung & gdown gagal: Failed to retrieve file url:

	Cannot retrieve the public link of the file. You may need to change
	the permission to 'Anyone with the link', or have had many accesses.
	Check FAQ in https://github.com/wkentaro/gdown?tab=readme-ov-file#faq.

You may still ",2026-08-08 00:26:07
gd_1lKQYbrg7pACuUvw8Nap9Zwgwvx2KZUwN,gdrive,https://drive.google.com/file/d/1lKQYbrg7pACuUvw8Nap9Zwgwvx2KZUwN/view?usp=share_link,ok,C:\bdc_cache\video\gd_1lKQYbrg7pACuUvw8Nap9Zwgwvx2KZUwN.mp4,C:\bdc_cache\meta\gd_1lKQYbrg7pACuUvw8Nap9Zwgwvx2KZUwN.json,,,,,0,,2026-08-07 22:52:00
gd_1lWWp2V4PPrrCe5oqFnES74tQraNiNl2I,gdrive,https://drive.google.com/file/d/1lWWp2V4PPrrCe5oqFnES74tQraNiNl2I/view?usp=drive_link,ok,C:\bdc_cache\video\gd_1lWWp2V4PPrrCe5oqFnES74tQraNiNl2I.mp4,C:\bdc_cache\meta\gd_1lWWp2V4PPrrCe5oqFnES74tQraNiNl2I.json,,,,,0,,2026-08-08 00:40:31
gd_1lbnA57scQfUs1NtxPzdfc8lNxCN7EskH,gdrive,https://drive.google.com/file/d/1lbnA57scQfUs1NtxPzdfc8lNxCN7EskH/view?usp=drive_link,ok,C:\bdc_cache\video\gd_1lbnA57scQfUs1NtxPzdfc8lNxCN7EskH.mp4,C:\bdc_cache\meta\gd_1lbnA57scQfUs1NtxPzdfc8lNxCN7EskH.json,,,,,0,,2026-08-08 00:39:49
gd_1m6QMiRFLNN-ar8SirWcd7F7biMVQkQcQ,gdrive,https://drive.google.com/file/d/1m6QMiRFLNN-ar8SirWcd7F7biMVQkQcQ/view?usp=drive_link,failed,,,,,,,,"RuntimeError: jalur langsung & gdown gagal: Failed to retrieve file url:

	Cannot retrieve the public link of the file. You may need to change
	the permission to 'Anyone with the link', or have had many accesses.
	Check FAQ in https://github.com/wkentaro/gdown?tab=readme-ov-file#faq.

You may still ",2026-08-08 00:19:52
gd_1m7GKbzI-IPkccCckRckT2MMyAo3PxRja,gdrive,https://drive.google.com/file/d/1m7GKbzI-IPkccCckRckT2MMyAo3PxRja/view?usp=drive_link,ok,C:\bdc_cache\video\gd_1m7GKbzI-IPkccCckRckT2MMyAo3PxRja.mp4,C:\bdc_cache\meta\gd_1m7GKbzI-IPkccCckRckT2MMyAo3PxRja.json,,,,,0,,2026-08-08 00:33:16
gd_1m7bM3ghyam8eqKu0UIKYH1RkksH9UYHG,gdrive,https://drive.google.com/file/d/1m7bM3ghyam8eqKu0UIKYH1RkksH9UYHG/view?usp=sharing,ok,C:\bdc_cache\video\gd_1m7bM3ghyam8eqKu0UIKYH1RkksH9UYHG.mp4,C:\bdc_cache\meta\gd_1m7bM3ghyam8eqKu0UIKYH1RkksH9UYHG.json,,,,,0,,2026-08-07 22:53:48
gd_1mLN0aGbjgAFOkC4hQXo_vR20cHVlP05A,gdrive,https://drive.google.com/file/d/1mLN0aGbjgAFOkC4hQXo_vR20cHVlP05A/view?usp=drive_link,ok,C:\bdc_cache\video\gd_1mLN0aGbjgAFOkC4hQXo_vR20cHVlP05A.mp4,C:\bdc_cache\meta\gd_1mLN0aGbjgAFOkC4hQXo_vR20cHVlP05A.json,,,,,0,,2026-08-08 00:40:19
gd_1mTjeo_jyHUAXaLkzAigr6gjnXRoWN1YV,gdrive,https://drive.google.com/file/d/1mTjeo_jyHUAXaLkzAigr6gjnXRoWN1YV/view?usp=drive_link,ok,C:\bdc_cache\video\gd_1mTjeo_jyHUAXaLkzAigr6gjnXRoWN1YV.mp4,C:\bdc_cache\meta\gd_1mTjeo_jyHUAXaLkzAigr6gjnXRoWN1YV.json,,,,,0,,2026-08-08 00:21:23
gd_1nDnDot4fOkyAnh-KWtafzbxRtIhkwZXa,gdrive,https://drive.google.com/file/d/1nDnDot4fOkyAnh-KWtafzbxRtIhkwZXa/view?usp=drive_link,ok,C:\bdc_cache\video\gd_1nDnDot4fOkyAnh-KWtafzbxRtIhkwZXa.mp4,C:\bdc_cache\meta\gd_1nDnDot4fOkyAnh-KWtafzbxRtIhkwZXa.json,,,,,0,,2026-08-08 00:24:05
gd_1nEyJP7KLtSgQhj7-efvU7ZPuGK5m9DeD,gdrive,https://drive.google.com/file/d/1nEyJP7KLtSgQhj7-efvU7ZPuGK5m9DeD/view?usp=sharing,ok,C:\bdc_cache\video\gd_1nEyJP7KLtSgQhj7-efvU7ZPuGK5m9DeD.mp4,C:\bdc_cache\meta\gd_1nEyJP7KLtSgQhj7-efvU7ZPuGK5m9DeD.json,,,,,0,,2026-08-07 22:52:52
gd_1nPpOLbyFqcxOgPn9r-2HZo34rYIiM26b,gdrive,https://drive.google.com/file/d/1nPpOLbyFqcxOgPn9r-2HZo34rYIiM26b/view?usp=drive_link,ok,C:\bdc_cache\video\gd_1nPpOLbyFqcxOgPn9r-2HZo34rYIiM26b.mp4,C:\bdc_cache\meta\gd_1nPpOLbyFqcxOgPn9r-2HZo34rYIiM26b.json,,,,,0,,2026-08-08 00:35:57
gd_1nXZKur-B1aybi2jDr_QvKu4Rlf9ZGpUZ,gdrive,https://drive.google.com/file/d/1nXZKur-B1aybi2jDr_QvKu4Rlf9ZGpUZ/view?usp=drive_link,ok,C:\bdc_cache\video\gd_1nXZKur-B1aybi2jDr_QvKu4Rlf9ZGpUZ.mp4,C:\bdc_cache\meta\gd_1nXZKur-B1aybi2jDr_QvKu4Rlf9ZGpUZ.json,,,,,0,,2026-08-08 00:23:37
gd_1nbo5CnW50clco9ZFd6AE4R6KUwPTYpLA,gdrive,https://drive.google.com/file/d/1nbo5CnW50clco9ZFd6AE4R6KUwPTYpLA/view?usp=share_link,ok,C:\bdc_cache\video\gd_1nbo5CnW50clco9ZFd6AE4R6KUwPTYpLA.mp4,C:\bdc_cache\meta\gd_1nbo5CnW50clco9ZFd6AE4R6KUwPTYpLA.json,,,,,0,,2026-08-08 00:36:41
gd_1nc1WP7TU_aiyYyrknGGLx1WsSB1xPHu9,gdrive,https://drive.google.com/file/d/1nc1WP7TU_aiyYyrknGGLx1WsSB1xPHu9/view?usp=sharing,failed,,,,,,,,"RuntimeError: jalur langsung & gdown gagal: Failed to retrieve file url:

	Cannot retrieve the public link of the file. You may need to change
	the permission to 'Anyone with the link', or have had many accesses.
	Check FAQ in https://github.com/wkentaro/gdown?tab=readme-ov-file#faq.

You may still ",2026-08-08 00:20:36
gd_1nw_h5-2cBUKGVYQ-bvYKcGlGNMNU0Ace,gdrive,https://drive.google.com/file/d/1nw_h5-2cBUKGVYQ-bvYKcGlGNMNU0Ace/view?usp=drive_link,failed,,,,,,,,"RuntimeError: jalur langsung & gdown gagal: Failed to retrieve file url:

	Cannot retrieve the public link of the file. You may need to change
	the permission to 'Anyone with the link', or have had many accesses.
	Check FAQ in https://github.com/wkentaro/gdown?tab=readme-ov-file#faq.

You may still ",2026-08-08 00:37:55
gd_1o495T41WvkbePjucBFRqY3py2bscj9j6,gdrive,https://drive.google.com/file/d/1o495T41WvkbePjucBFRqY3py2bscj9j6/view?usp=sharing,ok,C:\bdc_cache\video\gd_1o495T41WvkbePjucBFRqY3py2bscj9j6.mp4,C:\bdc_cache\meta\gd_1o495T41WvkbePjucBFRqY3py2bscj9j6.json,,,,,0,,2026-08-08 00:19:47
gd_1o8hCq7EPrIX-cFFz4INcAZYIKPj9zVEm,gdrive,https://drive.google.com/file/d/1o8hCq7EPrIX-cFFz4INcAZYIKPj9zVEm/view?usp=drive_link,failed,,,,,,,,"RuntimeError: jalur langsung & gdown gagal: Failed to retrieve file url:

	Cannot retrieve the public link of the file. You may need to change
	the permission to 'Anyone with the link', or have had many accesses.
	Check FAQ in https://github.com/wkentaro/gdown?tab=readme-ov-file#faq.

You may still ",2026-08-08 00:20:23
gd_1oVqUQe3KXE6ZiakQGOLSV39FSSxSZflf,gdrive,https://drive.google.com/file/d/1oVqUQe3KXE6ZiakQGOLSV39FSSxSZflf/view?usp=sharing,failed,,,,,,,,"RuntimeError: jalur langsung & gdown gagal: Failed to retrieve file url:

	Cannot retrieve the public link of the file. You may need to change
	the permission to 'Anyone with the link', or have had many accesses.
	Check FAQ in https://github.com/wkentaro/gdown?tab=readme-ov-file#faq.

You may still ",2026-08-08 00:21:02
gd_1oe6YLqtXw2dBwxrmrRIuVXlyW9_C0kLE,gdrive,https://drive.google.com/file/d/1oe6YLqtXw2dBwxrmrRIuVXlyW9_C0kLE/view?usp=drive_link,ok,C:\bdc_cache\video\gd_1oe6YLqtXw2dBwxrmrRIuVXlyW9_C0kLE.mp4,C:\bdc_cache\meta\gd_1oe6YLqtXw2dBwxrmrRIuVXlyW9_C0kLE.json,,,,,0,,2026-08-08 00:22:29
gd_1otj8NW62zkxMRuQVOz8oc0uzzpEdC4-2,gdrive,https://drive.google.com/file/d/1otj8NW62zkxMRuQVOz8oc0uzzpEdC4-2/view?usp=drive_link,ok,C:\bdc_cache\video\gd_1otj8NW62zkxMRuQVOz8oc0uzzpEdC4-2.mp4,C:\bdc_cache\meta\gd_1otj8NW62zkxMRuQVOz8oc0uzzpEdC4-2.json,,,,,0,,2026-08-08 00:33:43
gd_1pG2GATtjgaoBY-2E1_RkIJFu6DyppHfr,gdrive,https://drive.google.com/file/d/1pG2GATtjgaoBY-2E1_RkIJFu6DyppHfr/view?usp=sharing,ok,C:\bdc_cache\video\gd_1pG2GATtjgaoBY-2E1_RkIJFu6DyppHfr.mp4,C:\bdc_cache\meta\gd_1pG2GATtjgaoBY-2E1_RkIJFu6DyppHfr.json,,,,,0,,2026-08-07 22:49:46
gd_1pGzhGp_4Wns6Vu30UqnneRjaKOEfnlgv,gdrive,https://drive.google.com/file/d/1pGzhGp_4Wns6Vu30UqnneRjaKOEfnlgv/view?usp=sharing,ok,C:\bdc_cache\video\gd_1pGzhGp_4Wns6Vu30UqnneRjaKOEfnlgv.mp4,C:\bdc_cache\meta\gd_1pGzhGp_4Wns6Vu30UqnneRjaKOEfnlgv.json,,,,,0,,2026-08-08 00:19:36
gd_1pd2OIfxF_zAGs7IG6Mh-PjTiE6uZk8aO,gdrive,https://drive.google.com/file/d/1pd2OIfxF_zAGs7IG6Mh-PjTiE6uZk8aO/view?usp=drive_link,ok,C:\bdc_cache\video\gd_1pd2OIfxF_zAGs7IG6Mh-PjTiE6uZk8aO.mp4,C:\bdc_cache\meta\gd_1pd2OIfxF_zAGs7IG6Mh-PjTiE6uZk8aO.json,,,,,0,,2026-08-08 00:23:02
gd_1qAT4f_bKmaiLzUtmik8zSuMcv-ZPCgom,gdrive,https://drive.google.com/file/d/1qAT4f_bKmaiLzUtmik8zSuMcv-ZPCgom/view?usp=drive_link,ok,C:\bdc_cache\video\gd_1qAT4f_bKmaiLzUtmik8zSuMcv-ZPCgom.mp4,C:\bdc_cache\meta\gd_1qAT4f_bKmaiLzUtmik8zSuMcv-ZPCgom.json,,,,,0,,2026-08-08 00:32:10
gd_1qIq1UsEs-OgQahU8FAu93jkv7KpmlsKA,gdrive,https://drive.google.com/file/d/1qIq1UsEs-OgQahU8FAu93jkv7KpmlsKA/view?usp=sharing,failed,,,,,,,,"RuntimeError: jalur langsung & gdown gagal: Failed to retrieve file url:

	Cannot retrieve the public link of the file. You may need to change
	the permission to 'Anyone with the link', or have had many accesses.
	Check FAQ in https://github.com/wkentaro/gdown?tab=readme-ov-file#faq.

You may still ",2026-08-08 00:26:10
gd_1qQ5-Rhna3Sbd8zd_gRYJYyjKy_xF_nFB,gdrive,https://drive.google.com/file/d/1qQ5-Rhna3Sbd8zd_gRYJYyjKy_xF_nFB/view?usp=sharing,ok,C:\bdc_cache\video\gd_1qQ5-Rhna3Sbd8zd_gRYJYyjKy_xF_nFB.mp4,C:\bdc_cache\meta\gd_1qQ5-Rhna3Sbd8zd_gRYJYyjKy_xF_nFB.json,,,,,0,,2026-08-08 00:28:28
gd_1qafYENW_uZGnahRbSTvb3iOYv01wYmm5,gdrive,https://drive.google.com/file/d/1qafYENW_uZGnahRbSTvb3iOYv01wYmm5/view?usp=sharing,failed,,,,,,,,"RuntimeError: jalur langsung & gdown gagal: Failed to retrieve file url:

	Cannot retrieve the public link of the file. You may need to change
	the permission to 'Anyone with the link', or have had many accesses.
	Check FAQ in https://github.com/wkentaro/gdown?tab=readme-ov-file#faq.

You may still ",2026-08-08 00:38:09
gd_1r4rMWYYrMicgnn4QcZy80MAPrrLlTiQj,gdrive,https://drive.google.com/file/d/1r4rMWYYrMicgnn4QcZy80MAPrrLlTiQj/view?usp=sharing,ok,C:\bdc_cache\video\gd_1r4rMWYYrMicgnn4QcZy80MAPrrLlTiQj.mp4,C:\bdc_cache\meta\gd_1r4rMWYYrMicgnn4QcZy80MAPrrLlTiQj.json,,,,,0,,2026-08-08 00:26:35
gd_1rEv2BCHM-w0kGESW7zArV0hwbxMeTzhR,gdrive,https://drive.google.com/file/d/1rEv2BCHM-w0kGESW7zArV0hwbxMeTzhR/view?usp=drive_link,ok,C:\bdc_cache\video\gd_1rEv2BCHM-w0kGESW7zArV0hwbxMeTzhR.mp4,C:\bdc_cache\meta\gd_1rEv2BCHM-w0kGESW7zArV0hwbxMeTzhR.json,,,,,0,,2026-08-08 00:21:38
gd_1rMIe5I873yBTKrmAlSZTjUoV4eZkZhas,gdrive,https://drive.google.com/file/d/1rMIe5I873yBTKrmAlSZTjUoV4eZkZhas/view?usp=drive_link,ok,C:\bdc_cache\video\gd_1rMIe5I873yBTKrmAlSZTjUoV4eZkZhas.mp4,C:\bdc_cache\meta\gd_1rMIe5I873yBTKrmAlSZTjUoV4eZkZhas.json,,,,,0,,2026-08-08 00:38:31
gd_1rNStUG8X1s7Gxsk7ppUkboM1bgs74ldO,gdrive,https://drive.google.com/file/d/1rNStUG8X1s7Gxsk7ppUkboM1bgs74ldO/view?usp=share_link,ok,C:\bdc_cache\video\gd_1rNStUG8X1s7Gxsk7ppUkboM1bgs74ldO.mp4,C:\bdc_cache\meta\gd_1rNStUG8X1s7Gxsk7ppUkboM1bgs74ldO.json,,,,,0,,2026-08-07 22:51:22
gd_1rfwlzR9i7EpPyZvb_1frZyRyHlAwYkhz,gdrive,https://drive.google.com/file/d/1rfwlzR9i7EpPyZvb_1frZyRyHlAwYkhz/view?usp=sharing,ok,C:\bdc_cache\video\gd_1rfwlzR9i7EpPyZvb_1frZyRyHlAwYkhz.mp4,C:\bdc_cache\meta\gd_1rfwlzR9i7EpPyZvb_1frZyRyHlAwYkhz.json,,,,,0,,2026-08-07 22:53:36
gd_1rpAoVyWkv1g8-ennorDmvMbMONApc1yi,gdrive,https://drive.google.com/file/d/1rpAoVyWkv1g8-ennorDmvMbMONApc1yi/view?usp=drive_link,ok,C:\bdc_cache\video\gd_1rpAoVyWkv1g8-ennorDmvMbMONApc1yi.mp4,C:\bdc_cache\meta\gd_1rpAoVyWkv1g8-ennorDmvMbMONApc1yi.json,,,,,0,,2026-08-08 00:29:24
gd_1sCo2Ny7hibq0PBNPA8idlyUyWrkjAK51,gdrive,https://drive.google.com/file/d/1sCo2Ny7hibq0PBNPA8idlyUyWrkjAK51/view?usp=drive_link,ok,C:\bdc_cache\video\gd_1sCo2Ny7hibq0PBNPA8idlyUyWrkjAK51.mp4,C:\bdc_cache\meta\gd_1sCo2Ny7hibq0PBNPA8idlyUyWrkjAK51.json,,,,,0,,2026-08-08 00:34:17
gd_1sQ5YuTsgyWV6iUdtxPN3PcYZzI_WmTSd,gdrive,https://drive.google.com/file/d/1sQ5YuTsgyWV6iUdtxPN3PcYZzI_WmTSd/view?usp=drive_link,ok,C:\bdc_cache\video\gd_1sQ5YuTsgyWV6iUdtxPN3PcYZzI_WmTSd.mp4,C:\bdc_cache\meta\gd_1sQ5YuTsgyWV6iUdtxPN3PcYZzI_WmTSd.json,,,,,0,,2026-08-08 00:39:56
gd_1scUxliWkEMlJAtMjyX4_zf1hpTzc-11m,gdrive,https://drive.google.com/file/d/1scUxliWkEMlJAtMjyX4_zf1hpTzc-11m/view?usp=drive_link,ok,C:\bdc_cache\video\gd_1scUxliWkEMlJAtMjyX4_zf1hpTzc-11m.mp4,C:\bdc_cache\meta\gd_1scUxliWkEMlJAtMjyX4_zf1hpTzc-11m.json,,,,,0,,2026-08-08 00:38:41
gd_1sfDbRuqnnfX49DXlxNJ5lTfz7xuRD4x2,gdrive,https://drive.google.com/file/d/1sfDbRuqnnfX49DXlxNJ5lTfz7xuRD4x2/view?usp=share_link,ok,C:\bdc_cache\video\gd_1sfDbRuqnnfX49DXlxNJ5lTfz7xuRD4x2.mp4,C:\bdc_cache\meta\gd_1sfDbRuqnnfX49DXlxNJ5lTfz7xuRD4x2.json,,,,,0,,2026-08-07 22:50:38
gd_1tP3XU9n0Hz7bw-i-xeARwqGVsOrUcRUN,gdrive,https://drive.google.com/file/d/1tP3XU9n0Hz7bw-i-xeARwqGVsOrUcRUN/view?usp=share_link,ok,C:\bdc_cache\video\gd_1tP3XU9n0Hz7bw-i-xeARwqGVsOrUcRUN.mp4,C:\bdc_cache\meta\gd_1tP3XU9n0Hz7bw-i-xeARwqGVsOrUcRUN.json,,,,,0,,2026-08-07 22:51:32
gd_1tQOKBy4t_zaTLxZv_RyZ0uWc-VEV4yS1,gdrive,https://drive.google.com/file/d/1tQOKBy4t_zaTLxZv_RyZ0uWc-VEV4yS1/view?usp=drive_link,ok,C:\bdc_cache\video\gd_1tQOKBy4t_zaTLxZv_RyZ0uWc-VEV4yS1.mp4,C:\bdc_cache\meta\gd_1tQOKBy4t_zaTLxZv_RyZ0uWc-VEV4yS1.json,,,,,0,,2026-08-08 00:34:42
gd_1tdwOb8cuBXpbAGX8hOmG4K62c4JP9GR5,gdrive,https://drive.google.com/file/d/1tdwOb8cuBXpbAGX8hOmG4K62c4JP9GR5/view?usp=sharing,ok,C:\bdc_cache\video\gd_1tdwOb8cuBXpbAGX8hOmG4K62c4JP9GR5.mp4,C:\bdc_cache\meta\gd_1tdwOb8cuBXpbAGX8hOmG4K62c4JP9GR5.json,,,,,0,,2026-08-07 22:49:32
gd_1u4RaQEcXtvZ3PcEZ_3XxdvZbd3LehmUA,gdrive,https://drive.google.com/file/d/1u4RaQEcXtvZ3PcEZ_3XxdvZbd3LehmUA/view?usp=sharing,failed,,,,,,,,"RuntimeError: jalur langsung & gdown gagal: Failed to retrieve file url:

	Cannot retrieve the public link of the file. You may need to change
	the permission to 'Anyone with the link', or have had many accesses.
	Check FAQ in https://github.com/wkentaro/gdown?tab=readme-ov-file#faq.

You may still ",2026-08-08 00:20:59
gd_1u5RE2qDiN4SbtFHDd0zIIEP9er1-Y2Uq,gdrive,https://drive.google.com/file/d/1u5RE2qDiN4SbtFHDd0zIIEP9er1-Y2Uq/view?usp=sharing,ok,C:\bdc_cache\video\gd_1u5RE2qDiN4SbtFHDd0zIIEP9er1-Y2Uq.mp4,C:\bdc_cache\meta\gd_1u5RE2qDiN4SbtFHDd0zIIEP9er1-Y2Uq.json,,,,,0,,2026-08-08 00:27:11
gd_1uJrAub9Ht_4X_u2RXk6hkbxupGZCRqmU,gdrive,https://drive.google.com/file/d/1uJrAub9Ht_4X_u2RXk6hkbxupGZCRqmU/view?usp=drive_link,ok,C:\bdc_cache\video\gd_1uJrAub9Ht_4X_u2RXk6hkbxupGZCRqmU.mp4,C:\bdc_cache\meta\gd_1uJrAub9Ht_4X_u2RXk6hkbxupGZCRqmU.json,,,,,0,,2026-08-08 00:23:54
gd_1uKt0ZxUDJREefKMGeMMsaS3_IWOC3P1o,gdrive,https://drive.google.com/file/d/1uKt0ZxUDJREefKMGeMMsaS3_IWOC3P1o/view?usp=sharing,ok,C:\bdc_cache\video\gd_1uKt0ZxUDJREefKMGeMMsaS3_IWOC3P1o.mp4,C:\bdc_cache\meta\gd_1uKt0ZxUDJREefKMGeMMsaS3_IWOC3P1o.json,,,,,0,,2026-08-08 00:37:43
gd_1uMJkn9Et2wBjAtSTAfGq0agFf1JQYv5S,gdrive,https://drive.google.com/file/d/1uMJkn9Et2wBjAtSTAfGq0agFf1JQYv5S/view?usp=sharing,ok,C:\bdc_cache\video\gd_1uMJkn9Et2wBjAtSTAfGq0agFf1JQYv5S.mp4,C:\bdc_cache\meta\gd_1uMJkn9Et2wBjAtSTAfGq0agFf1JQYv5S.json,,,,,0,,2026-08-07 22:50:15
gd_1uO88nbGfXcPblVLxHpOlFCRf80wDPVxU,gdrive,https://drive.google.com/file/d/1uO88nbGfXcPblVLxHpOlFCRf80wDPVxU/view?usp=drive_link,ok,C:\bdc_cache\video\gd_1uO88nbGfXcPblVLxHpOlFCRf80wDPVxU.mp4,C:\bdc_cache\meta\gd_1uO88nbGfXcPblVLxHpOlFCRf80wDPVxU.json,,,,,0,,2026-08-08 00:31:07
gd_1vjaFMg4gcw513QhmK2q3d2gg-Y5oB71U,gdrive,https://drive.google.com/file/d/1vjaFMg4gcw513QhmK2q3d2gg-Y5oB71U/view?usp=sharing,failed,,,,,,,,"RuntimeError: jalur langsung & gdown gagal: Failed to retrieve file url:

	Cannot retrieve the public link of the file. You may need to change
	the permission to 'Anyone with the link', or have had many accesses.
	Check FAQ in https://github.com/wkentaro/gdown?tab=readme-ov-file#faq.

You may still ",2026-08-08 00:26:12
gd_1vpPEfSUKGoFWSpXdk3HBblneBShmz6eK,gdrive,https://drive.google.com/file/d/1vpPEfSUKGoFWSpXdk3HBblneBShmz6eK/view?usp=sharing,ok,C:\bdc_cache\video\gd_1vpPEfSUKGoFWSpXdk3HBblneBShmz6eK.mp4,C:\bdc_cache\meta\gd_1vpPEfSUKGoFWSpXdk3HBblneBShmz6eK.json,,,,,0,,2026-08-08 00:18:41
gd_1vzv8NfEpiz9SIowXAIIfMyygq7EcmEUm,gdrive,https://drive.google.com/file/d/1vzv8NfEpiz9SIowXAIIfMyygq7EcmEUm/view?usp=drive_link,ok,C:\bdc_cache\video\gd_1vzv8NfEpiz9SIowXAIIfMyygq7EcmEUm.mp4,C:\bdc_cache\meta\gd_1vzv8NfEpiz9SIowXAIIfMyygq7EcmEUm.json,,,,,0,,2026-08-08 00:29:05
gd_1w-TQaLmAmRWnegKNoVEioBMkDb_QOrgE,gdrive,https://drive.google.com/file/d/1w-TQaLmAmRWnegKNoVEioBMkDb_QOrgE/view?usp=drive_link,ok,C:\bdc_cache\video\gd_1w-TQaLmAmRWnegKNoVEioBMkDb_QOrgE.mp4,C:\bdc_cache\meta\gd_1w-TQaLmAmRWnegKNoVEioBMkDb_QOrgE.json,,,,,0,,2026-08-08 00:33:01
gd_1wCIyDhTVr-SO6Z6hY5XMdn-gEgmRcamD,gdrive,https://drive.google.com/file/d/1wCIyDhTVr-SO6Z6hY5XMdn-gEgmRcamD/view?usp=drive_link,ok,C:\bdc_cache\video\gd_1wCIyDhTVr-SO6Z6hY5XMdn-gEgmRcamD.mp4,C:\bdc_cache\meta\gd_1wCIyDhTVr-SO6Z6hY5XMdn-gEgmRcamD.json,,,,,0,,2026-08-08 00:38:45
gd_1wadNVxw-weTOGpTtdcvf1Gp55-HmpyZw,gdrive,https://drive.google.com/file/d/1wadNVxw-weTOGpTtdcvf1Gp55-HmpyZw/view?usp=sharing,ok,C:\bdc_cache\video\gd_1wadNVxw-weTOGpTtdcvf1Gp55-HmpyZw.mp4,C:\bdc_cache\meta\gd_1wadNVxw-weTOGpTtdcvf1Gp55-HmpyZw.json,,,,,0,,2026-08-08 00:26:46
gd_1wr145RnytH5fnStLBsCJzMhUDMyt3up3,gdrive,https://drive.google.com/file/d/1wr145RnytH5fnStLBsCJzMhUDMyt3up3/view?usp=sharing,ok,C:\bdc_cache\video\gd_1wr145RnytH5fnStLBsCJzMhUDMyt3up3.mp4,C:\bdc_cache\meta\gd_1wr145RnytH5fnStLBsCJzMhUDMyt3up3.json,,,,,0,,2026-08-08 00:18:48
gd_1x50LZ0k1yXgSGNIjv0md22yM06WKPKuU,gdrive,https://drive.google.com/file/d/1x50LZ0k1yXgSGNIjv0md22yM06WKPKuU/view?usp=sharing,failed,,,,,,,,"RuntimeError: jalur langsung & gdown gagal: Failed to retrieve file url:

	Cannot retrieve the public link of the file. You may need to change
	the permission to 'Anyone with the link', or have had many accesses.
	Check FAQ in https://github.com/wkentaro/gdown?tab=readme-ov-file#faq.

You may still ",2026-08-08 00:26:15
gd_1xSQdvW4eV85M8MtKiLxEbiRAnyymwnyE,gdrive,https://drive.google.com/file/d/1xSQdvW4eV85M8MtKiLxEbiRAnyymwnyE/view?usp=sharing,ok,C:\bdc_cache\video\gd_1xSQdvW4eV85M8MtKiLxEbiRAnyymwnyE.mp4,C:\bdc_cache\meta\gd_1xSQdvW4eV85M8MtKiLxEbiRAnyymwnyE.json,,,,,0,,2026-08-07 22:52:09
gd_1xUD-KfpibrnAHW3-uCISWwU527AQ-BUN,gdrive,https://drive.google.com/file/d/1xUD-KfpibrnAHW3-uCISWwU527AQ-BUN/view?usp=sharing,ok,C:\bdc_cache\video\gd_1xUD-KfpibrnAHW3-uCISWwU527AQ-BUN.mp4,C:\bdc_cache\meta\gd_1xUD-KfpibrnAHW3-uCISWwU527AQ-BUN.json,,,,,0,,2026-08-08 00:27:39
gd_1xdNwtzW3NkRnczPZMlvWKNiXK0AVOb8q,gdrive,https://drive.google.com/file/d/1xdNwtzW3NkRnczPZMlvWKNiXK0AVOb8q/view?usp=drive_link,ok,C:\bdc_cache\video\gd_1xdNwtzW3NkRnczPZMlvWKNiXK0AVOb8q.mp4,C:\bdc_cache\meta\gd_1xdNwtzW3NkRnczPZMlvWKNiXK0AVOb8q.json,,,,,0,,2026-08-08 00:40:38
gd_1xnnqC_dCycMn_WX7uTEjgat_XSnfRYaF,gdrive,https://drive.google.com/file/d/1xnnqC_dCycMn_WX7uTEjgat_XSnfRYaF/view?usp=sharing,ok,C:\bdc_cache\video\gd_1xnnqC_dCycMn_WX7uTEjgat_XSnfRYaF.mp4,C:\bdc_cache\meta\gd_1xnnqC_dCycMn_WX7uTEjgat_XSnfRYaF.json,,,,,0,,2026-08-07 22:52:15
gd_1xohZ4PTuUWwJKHH-nlKLsfWgcUe6q0gE,gdrive,https://drive.google.com/file/d/1xohZ4PTuUWwJKHH-nlKLsfWgcUe6q0gE/view?usp=sharing,failed,,,,,,,,"RuntimeError: jalur langsung & gdown gagal: Failed to retrieve file url:

	Cannot retrieve the public link of the file. You may need to change
	the permission to 'Anyone with the link', or have had many accesses.
	Check FAQ in https://github.com/wkentaro/gdown?tab=readme-ov-file#faq.

You may still ",2026-08-08 00:26:18
gd_1yLyoC9nI4gazvTGLfppJVKitpQA1xb9K,gdrive,https://drive.google.com/file/d/1yLyoC9nI4gazvTGLfppJVKitpQA1xb9K/view?usp=sharing,failed,,,,,,,,"RuntimeError: jalur langsung & gdown gagal: Failed to retrieve file url:

	Cannot retrieve the public link of the file. You may need to change
	the permission to 'Anyone with the link', or have had many accesses.
	Check FAQ in https://github.com/wkentaro/gdown?tab=readme-ov-file#faq.

You may still ",2026-08-08 00:26:21
gd_1ymuQGbpxBhsDT62QSXfa6R1067HMAJlS,gdrive,https://drive.google.com/file/d/1ymuQGbpxBhsDT62QSXfa6R1067HMAJlS/view?usp=share_link,ok,C:\bdc_cache\video\gd_1ymuQGbpxBhsDT62QSXfa6R1067HMAJlS.mp4,C:\bdc_cache\meta\gd_1ymuQGbpxBhsDT62QSXfa6R1067HMAJlS.json,,,,,0,,2026-08-08 00:36:27
gd_1z2XXkOsrht4DoaCiESXM57fZPD19uVeF,gdrive,https://drive.google.com/file/d/1z2XXkOsrht4DoaCiESXM57fZPD19uVeF/view?usp=sharing,ok,C:\bdc_cache\video\gd_1z2XXkOsrht4DoaCiESXM57fZPD19uVeF.mp4,C:\bdc_cache\meta\gd_1z2XXkOsrht4DoaCiESXM57fZPD19uVeF.json,,,,,0,,2026-08-08 00:19:42
gd_1z9-ww8CVET21pVgUMOXyoK2hjllGYJUD,gdrive,https://drive.google.com/file/d/1z9-ww8CVET21pVgUMOXyoK2hjllGYJUD/view?usp=sharing,ok,C:\bdc_cache\video\gd_1z9-ww8CVET21pVgUMOXyoK2hjllGYJUD.mp4,C:\bdc_cache\meta\gd_1z9-ww8CVET21pVgUMOXyoK2hjllGYJUD.json,,,,,0,,2026-08-08 00:18:35
gd_1zM_ds6y4N-22v49ZU2rB_Sv5vgsKOLt4,gdrive,https://drive.google.com/file/d/1zM_ds6y4N-22v49ZU2rB_Sv5vgsKOLt4/view?usp=drive_link,ok,C:\bdc_cache\video\gd_1zM_ds6y4N-22v49ZU2rB_Sv5vgsKOLt4.mp4,C:\bdc_cache\meta\gd_1zM_ds6y4N-22v49ZU2rB_Sv5vgsKOLt4.json,,,,,0,,2026-08-08 00:22:37
gd_1z_ht8tUGHqrXLijQntzDHDGvnVxYvp67,gdrive,https://drive.google.com/file/d/1z_ht8tUGHqrXLijQntzDHDGvnVxYvp67/view?usp=drive_link,failed,,,,,,,,"RuntimeError: jalur langsung & gdown gagal: Failed to retrieve file url:

	Cannot retrieve the public link of the file. You may need to change
	the permission to 'Anyone with the link', or have had many accesses.
	Check FAQ in https://github.com/wkentaro/gdown?tab=readme-ov-file#faq.

You may still ",2026-08-08 00:19:56
gd_1zqccjSV6gPHkAfzaTElVisBYWO3ZL5lB,gdrive,https://drive.google.com/file/d/1zqccjSV6gPHkAfzaTElVisBYWO3ZL5lB/view?usp=drive_link,ok,C:\bdc_cache\video\gd_1zqccjSV6gPHkAfzaTElVisBYWO3ZL5lB.mp4,C:\bdc_cache\meta\gd_1zqccjSV6gPHkAfzaTElVisBYWO3ZL5lB.json,,,,,0,,2026-08-08 00:35:07
gd_1zwprulKsqNYyLDn40h1Of-iKmfy9KPem,gdrive,https://drive.google.com/file/d/1zwprulKsqNYyLDn40h1Of-iKmfy9KPem/view?usp=drive_link,ok,C:\bdc_cache\video\gd_1zwprulKsqNYyLDn40h1Of-iKmfy9KPem.mp4,C:\bdc_cache\meta\gd_1zwprulKsqNYyLDn40h1Of-iKmfy9KPem.json,,,,,0,,2026-08-08 00:31:38
gdf_1gtVlXrcEb9ApSc7YGvod5ADHpW4E-Cxe,gdrive_folder,https://drive.google.com/drive/u/7/folders/1gtVlXrcEb9ApSc7YGvod5ADHpW4E-Cxe,failed,,,,,,,,"RuntimeError: perlu penanganan manual (link folder, bukan file video)",2026-08-07 22:21:05
ig_C-359jxSftg,instagram,https://www.instagram.com/reel/C-359jxSftg/?igsh=MTF1cGZqaWY5OGFwdg==,ok,C:\bdc_cache\video\ig_C-359jxSftg.mp4,C:\bdc_cache\meta\ig_C-359jxSftg.json,,93,7,,822,,2026-08-07 21:57:11
ig_C-9fgpUqHzV,instagram,https://www.instagram.com/reel/C-9fgpUqHzV/?utm_source=ig_web_copy_link&igsh=MzRlODBiNWFlZA==,ok,C:\bdc_cache\video\ig_C-9fgpUqHzV.mp4,C:\bdc_cache\meta\ig_C-9fgpUqHzV.json,,128,5,,441,,2026-08-07 21:37:06
ig_C-KmtFmhA3N,instagram,https://www.instagram.com/reel/C-KmtFmhA3N/?igsh=bG85dmNhMG5kZ3hy,ok,C:\bdc_cache\video\ig_C-KmtFmhA3N.mp4,C:\bdc_cache\meta\ig_C-KmtFmhA3N.json,,32,0,,131,,2026-08-07 21:08:27
ig_C-Z7nYGSBGb,instagram,https://www.instagram.com/reel/C-Z7nYGSBGb/?igsh=MTYzZDMxNXdnd244Mg==,ok,C:\bdc_cache\video\ig_C-Z7nYGSBGb.mp4,C:\bdc_cache\meta\ig_C-Z7nYGSBGb.json,,11856,76,,308,,2026-08-07 21:48:06
ig_C-gxoVOye6p,instagram,https://www.instagram.com/reel/C-gxoVOye6p/?igsh=MWxxZXNzOWNnZG05OA==,ok,C:\bdc_cache\video\ig_C-gxoVOye6p.mp4,C:\bdc_cache\meta\ig_C-gxoVOye6p.json,,10093,80,,261,,2026-08-07 21:47:57
ig_C-j1feey-EQ,instagram,https://www.instagram.com/reel/C-j1feey-EQ/?igsh=MWJqNmw0dDZwdW1yeQ==,ok,C:\bdc_cache\video\ig_C-j1feey-EQ.mp4,C:\bdc_cache\meta\ig_C-j1feey-EQ.json,,60838,130,,203,,2026-08-07 21:47:47
ig_C-wcAZ2vJSE,instagram,https://www.instagram.com/reel/C-wcAZ2vJSE/?igsh=MWtwa2Q2aTQxZ2U0Zg==,failed,,,,,,,,DownloadError: ERROR: [Instagram] C-wcAZ2vJSE: Video info extraction failed: HTTP Error 400: Bad Request (caused by <HTTPError 400: Bad Request>),2026-08-08 01:16:27
ig_C0l49jmyA52,instagram,https://www.instagram.com/reel/C0l49jmyA52/?igsh=MTNsZ3o0bWlleDYwZw==,ok,C:\bdc_cache\video\ig_C0l49jmyA52.mp4,C:\bdc_cache\meta\ig_C0l49jmyA52.json,,5882,29,,355,,2026-08-07 20:57:28
ig_C166gkuSDof,instagram,https://www.instagram.com/reel/C166gkuSDof/?igsh=ejhrbjRwcXFtdmU2,ok,C:\bdc_cache\video\ig_C166gkuSDof.mp4,C:\bdc_cache\meta\ig_C166gkuSDof.json,,23706,225,,90,,2026-08-07 20:57:18
ig_C16YyX3pXsB,instagram,https://www.instagram.com/reel/C16YyX3pXsB/?utm_source=ig_web_copy_link&igsh=MzRlODBiNWFlZA==,ok,C:\bdc_cache\video\ig_C16YyX3pXsB.mp4,C:\bdc_cache\meta\ig_C16YyX3pXsB.json,,1126,71,,281,,2026-08-07 22:32:22
ig_C1WmIidBhoS,instagram,https://www.instagram.com/reel/C1WmIidBhoS/?utm_source=ig_web_copy_link&igsh=MzRlODBiNWFlZA==,ok,C:\bdc_cache\video\ig_C1WmIidBhoS.mp4,C:\bdc_cache\meta\ig_C1WmIidBhoS.json,,586,13,,173,,2026-08-07 21:08:19
ig_C1gZ3ujhSJA,instagram,https://www.instagram.com/reel/C1gZ3ujhSJA/?utm_source=ig_web_copy_link&igsh=MzRlODBiNWFlZA==,ok,C:\bdc_cache\video\ig_C1gZ3ujhSJA.mp4,C:\bdc_cache\meta\ig_C1gZ3ujhSJA.json,,879,53,,130,,2026-08-07 21:07:15
ig_C219ewlJWmN,instagram,https://www.instagram.com/reel/C219ewlJWmN/?igsh=MWt2NWN1dG5zYW1xdA==,ok,C:\bdc_cache\video\ig_C219ewlJWmN.mp4,C:\bdc_cache\meta\ig_C219ewlJWmN.json,,3705,58,,142,,2026-08-07 20:57:00
ig_C2OhxcdSOZ7,instagram,https://www.instagram.com/reel/C2OhxcdSOZ7/?igsh=MXhmYmYwenJ1MThieA==,ok,C:\bdc_cache\video\ig_C2OhxcdSOZ7.mp4,C:\bdc_cache\meta\ig_C2OhxcdSOZ7.json,,25135,504,,292,,2026-08-07 20:57:09
ig_C3IElC8SxjY,instagram,https://www.instagram.com/reel/C3IElC8SxjY/?utm_source=ig_web_copy_link,ok,C:\bdc_cache\video\ig_C3IElC8SxjY.mp4,C:\bdc_cache\meta\ig_C3IElC8SxjY.json,,47,0,,390,,2026-08-07 22:07:40
ig_C3ZwNdMS3F8,instagram,https://www.instagram.com/reel/C3ZwNdMS3F8/?igsh=dm5xY2l0cG5rcDF3,ok,C:\bdc_cache\video\ig_C3ZwNdMS3F8.mp4,C:\bdc_cache\meta\ig_C3ZwNdMS3F8.json,,3273,15,,703,,2026-08-07 22:15:21
ig_C3cOphfynPw,instagram,https://www.instagram.com/reel/C3cOphfynPw/?utm_source=ig_web_copy_link&igsh=MzRlODBiNWFlZA==,ok,C:\bdc_cache\video\ig_C3cOphfynPw.mp4,C:\bdc_cache\meta\ig_C3cOphfynPw.json,,3,1,,409,,2026-08-07 21:30:32
ig_C3hOMl-xrZM,instagram,https://www.instagram.com/reel/C3hOMl-xrZM/?igsh=ZDJ0aDVwNmwxOWVy,ok,C:\bdc_cache\video\ig_C3hOMl-xrZM.mp4,C:\bdc_cache\meta\ig_C3hOMl-xrZM.json,,708044,8350,,120,,2026-08-07 20:56:54
ig_C3pEeaaS7oG,instagram,https://www.instagram.com/reel/C3pEeaaS7oG/?igsh=azlzYWJpbjR2eGc1,ok,C:\bdc_cache\video\ig_C3pEeaaS7oG.mp4,C:\bdc_cache\meta\ig_C3pEeaaS7oG.json,,24488,179,,364,,2026-08-07 22:15:12
ig_C40TPV7SXUx,instagram,https://www.instagram.com/reel/C40TPV7SXUx/?igsh=MWM5MmFic3NzdmR3OA==,ok,C:\bdc_cache\video\ig_C40TPV7SXUx.mp4,C:\bdc_cache\meta\ig_C40TPV7SXUx.json,,7509,52,,331,,2026-08-07 21:49:13
ig_C40lvFkSMlc,instagram,https://www.instagram.com/reel/C40lvFkSMlc/?utm_source=ig_web_copy_link&igsh=MzRlODBiNWFlZA==,ok,C:\bdc_cache\video\ig_C40lvFkSMlc.mp4,C:\bdc_cache\meta\ig_C40lvFkSMlc.json,,3,0,,449,,2026-08-07 22:32:13
ig_C429IqZNFFM,instagram,https://www.instagram.com/reel/C429IqZNFFM/?igsh=MXEwY3lndWEwODU1MA==,ok,C:\bdc_cache\video\ig_C429IqZNFFM.mp4,C:\bdc_cache\meta\ig_C429IqZNFFM.json,,6049,44,,25,,2026-08-07 20:56:37
ig_C4AE88eSl1g,instagram,https://www.instagram.com/reel/C4AE88eSl1g/?igsh=YzRqZHUwM2xnbHNv,ok,C:\bdc_cache\video\ig_C4AE88eSl1g.mp4,C:\bdc_cache\meta\ig_C4AE88eSl1g.json,,5448,27,,275,,2026-08-07 20:56:46
ig_C4CdSr-riJj,instagram,https://www.instagram.com/reel/C4CdSr-riJj/?utm_source=ig_web_copy_link&igsh=a2dia2hpZ24weGQ=,ok,C:\bdc_cache\video\ig_C4CdSr-riJj.mp4,C:\bdc_cache\meta\ig_C4CdSr-riJj.json,,3,0,,637,,2026-08-07 21:40:14
ig_C4fOsjPRoPl,instagram,https://www.instagram.com/reel/C4fOsjPRoPl/?igsh=bXlqMDg4NmdsbDYw,ok,C:\bdc_cache\video\ig_C4fOsjPRoPl.mp4,C:\bdc_cache\meta\ig_C4fOsjPRoPl.json,,8150,197,,96,,2026-08-07 22:09:18
ig_C4ijfChSaGd,instagram,https://www.instagram.com/reel/C4ijfChSaGd/?utm_source=ig_web_copy_link&igsh=MzRlODBiNWFlZA==,ok,C:\bdc_cache\video\ig_C4ijfChSaGd.mp4,C:\bdc_cache\meta\ig_C4ijfChSaGd.json,,3,3,,358,,2026-08-07 22:07:16
ig_C4lUFhgSkS-,instagram,https://www.instagram.com/reel/C4lUFhgSkS-/?utm_source=ig_web_copy_link&igsh=MzRlODBiNWFlZA==,ok,C:\bdc_cache\video\ig_C4lUFhgSkS-.mp4,C:\bdc_cache\meta\ig_C4lUFhgSkS-.json,,3,0,,557,,2026-08-07 22:07:08
ig_C5QYc03yVnT,instagram,https://www.instagram.com/reel/C5QYc03yVnT/?igsh=NWducDVqMHR3NWZq,ok,C:\bdc_cache\video\ig_C5QYc03yVnT.mp4,C:\bdc_cache\meta\ig_C5QYc03yVnT.json,,73471,1766,,105,,2026-08-07 20:56:28
ig_C5iAg4arHiQ,instagram,https://www.instagram.com/reel/C5iAg4arHiQ/?igsh=MWgxYjkyZncxbTVmag==,ok,C:\bdc_cache\video\ig_C5iAg4arHiQ.mp4,C:\bdc_cache\meta\ig_C5iAg4arHiQ.json,,10409,175,,17,,2026-08-07 22:09:08
ig_C678u8PrEqV,instagram,https://www.instagram.com/reel/C678u8PrEqV/?igsh=aG83czhwZXlyajdq,ok,C:\bdc_cache\video\ig_C678u8PrEqV.mp4,C:\bdc_cache\meta\ig_C678u8PrEqV.json,,3719,96,,184,,2026-08-07 22:08:51
ig_C6QVpj1rLCi,instagram,https://www.instagram.com/reel/C6QVpj1rLCi/?igsh=MTVqdmMwcnFkdHFqZg==,ok,C:\bdc_cache\video\ig_C6QVpj1rLCi.mp4,C:\bdc_cache\meta\ig_C6QVpj1rLCi.json,,1660,57,,41,,2026-08-07 22:09:01
ig_C7HBU_XPxmC,instagram,https://www.instagram.com/reel/C7HBU_XPxmC/?igsh=cWx4dDN5c2VoOTls,ok,C:\bdc_cache\video\ig_C7HBU_XPxmC.mp4,C:\bdc_cache\meta\ig_C7HBU_XPxmC.json,,5275,175,,21,,2026-08-07 22:08:44
ig_C7Th3O_SMo_,instagram,https://www.instagram.com/reel/C7Th3O_SMo_/?igsh=azVseHdna29mZW8w,ok,C:\bdc_cache\video\ig_C7Th3O_SMo_.mp4,C:\bdc_cache\meta\ig_C7Th3O_SMo_.json,,15591,202,,263,,2026-08-07 20:55:17
ig_C7gsk4eSpe0,instagram,https://www.instagram.com/reel/C7gsk4eSpe0/?igsh=YW1wdzRqMDRlODFh,ok,C:\bdc_cache\video\ig_C7gsk4eSpe0.mp4,C:\bdc_cache\meta\ig_C7gsk4eSpe0.json,,24918,382,,449,,2026-08-07 20:55:10
ig_C7oa-5upVHh,instagram,https://www.instagram.com/reel/C7oa-5upVHh/?igsh=MWNkczZ5ZmFqZHpnZA==,ok,C:\bdc_cache\video\ig_C7oa-5upVHh.mp4,C:\bdc_cache\meta\ig_C7oa-5upVHh.json,,10966,176,,91,,2026-08-07 21:40:22
ig_C7rBV9xySyp,instagram,https://www.instagram.com/reel/C7rBV9xySyp/?igsh=MWpldno4ZXpzdXEwMA==,ok,C:\bdc_cache\video\ig_C7rBV9xySyp.mp4,C:\bdc_cache\meta\ig_C7rBV9xySyp.json,,13461,97,,193,,2026-08-07 22:14:46
ig_C85yjQUSK3w,instagram,https://www.instagram.com/reel/C85yjQUSK3w/?igsh=MXIxd2hneXNlZDV1cQ==,ok,C:\bdc_cache\video\ig_C85yjQUSK3w.mp4,C:\bdc_cache\meta\ig_C85yjQUSK3w.json,,24436,872,,313,,2026-08-07 22:14:37
ig_C88qHd7y-BT,instagram,https://www.instagram.com/reel/C88qHd7y-BT/?igsh=MWplejY1cWw2NGFnMg==,ok,C:\bdc_cache\video\ig_C88qHd7y-BT.mp4,C:\bdc_cache\meta\ig_C88qHd7y-BT.json,,5149,48,,273,,2026-08-07 20:56:17
ig_C8HUehCSH9y,instagram,https://www.instagram.com/reel/C8HUehCSH9y/?igsh=MWs4MDZrOHVzZzExcg==,ok,C:\bdc_cache\video\ig_C8HUehCSH9y.mp4,C:\bdc_cache\meta\ig_C8HUehCSH9y.json,,4654,30,,526,,2026-08-07 20:55:02
ig_C8bZNf8piGK,instagram,https://www.instagram.com/reel/C8bZNf8piGK/?igsh=MTlmajA4OTNram1jeA==,ok,C:\bdc_cache\video\ig_C8bZNf8piGK.mp4,C:\bdc_cache\meta\ig_C8bZNf8piGK.json,,2534,25,,190,,2026-08-07 20:54:54
ig_C8rVD7Tv7uo,instagram,https://www.instagram.com/reel/C8rVD7Tv7uo/?igsh=MWI1aGx5bXdnZjRwZA==,ok,C:\bdc_cache\video\ig_C8rVD7Tv7uo.mp4,C:\bdc_cache\meta\ig_C8rVD7Tv7uo.json,,2954,14,,270,,2026-08-07 22:08:37
ig_C912wNXS2Ma,instagram,https://www.instagram.com/reel/C912wNXS2Ma/?igsh=MTM0bzkwcDBuM2liYQ==,ok,C:\bdc_cache\video\ig_C912wNXS2Ma.mp4,C:\bdc_cache\meta\ig_C912wNXS2Ma.json,,23593,229,,95,,2026-08-07 20:55:36
ig_C96dU_ESVLA,instagram,https://www.instagram.com/reel/C96dU_ESVLA/?igsh=MXRoOHljMm5mNDRsNQ==,ok,C:\bdc_cache\video\ig_C96dU_ESVLA.mp4,C:\bdc_cache\meta\ig_C96dU_ESVLA.json,,6285,29,,260,,2026-08-07 22:15:03
ig_C9AAAeSS1qm,instagram,https://www.instagram.com/reel/C9AAAeSS1qm/?igsh=ZGxwMzJvcTE4MXRw,ok,C:\bdc_cache\video\ig_C9AAAeSS1qm.mp4,C:\bdc_cache\meta\ig_C9AAAeSS1qm.json,,9217,52,,168,,2026-08-07 20:56:10
ig_C9O5vosydAJ,instagram,https://www.instagram.com/reel/C9O5vosydAJ/?igsh=MXE5Z2x0Zjd5cHRveg==,ok,C:\bdc_cache\video\ig_C9O5vosydAJ.mp4,C:\bdc_cache\meta\ig_C9O5vosydAJ.json,,17961,79,,219,,2026-08-07 20:56:02
ig_C9ThsOBybkL,instagram,https://www.instagram.com/reel/C9ThsOBybkL/?igsh=MTE5cXVodnpmczJvaQ==,ok,C:\bdc_cache\video\ig_C9ThsOBybkL.mp4,C:\bdc_cache\meta\ig_C9ThsOBybkL.json,,4973,49,,388,,2026-08-07 21:49:05
ig_C9YyheLyNPk,instagram,https://www.instagram.com/reel/C9YyheLyNPk/?igsh=MTZ3d2dzdHMyeXh1bg==,ok,C:\bdc_cache\video\ig_C9YyheLyNPk.mp4,C:\bdc_cache\meta\ig_C9YyheLyNPk.json,,4061,11,,491,,2026-08-07 21:48:58
ig_C9ecLnSOrIV,instagram,https://www.instagram.com/reel/C9ecLnSOrIV/,ok,C:\bdc_cache\video\ig_C9ecLnSOrIV.mp4,C:\bdc_cache\meta\ig_C9ecLnSOrIV.json,,12155,217,,142,,2026-08-07 20:47:51
ig_C9hTBa0Szhb,instagram,https://www.instagram.com/reel/C9hTBa0Szhb/?igsh=b2M1cHFtdWZpZmp5,ok,C:\bdc_cache\video\ig_C9hTBa0Szhb.mp4,C:\bdc_cache\meta\ig_C9hTBa0Szhb.json,,5298,33,,300,,2026-08-07 21:48:19
ig_C9l-N3VyaRp,instagram,https://www.instagram.com/reel/C9l-N3VyaRp/?igsh=b2N3amd1NWduZmRz,ok,C:\bdc_cache\video\ig_C9l-N3VyaRp.mp4,C:\bdc_cache\meta\ig_C9l-N3VyaRp.json,,2740,26,,93,,2026-08-07 20:55:54
ig_C9mg-D4SY5R,instagram,https://www.instagram.com/reel/C9mg-D4SY5R/?igsh=NHd3NTlwNnIwMzNr,ok,C:\bdc_cache\video\ig_C9mg-D4SY5R.mp4,C:\bdc_cache\meta\ig_C9mg-D4SY5R.json,68.36599731445312,4781,18,,248,,2026-08-07 21:48:14
ig_C9ruCj2NU48,instagram,https://www.instagram.com/reel/C9ruCj2NU48/?igsh=bmFtMmVudjFlMGYw,ok,C:\bdc_cache\video\ig_C9ruCj2NU48.mp4,C:\bdc_cache\meta\ig_C9ruCj2NU48.json,,5882,21,,75,,2026-08-07 20:54:45
ig_C9uSnn4yIed,instagram,https://www.instagram.com/reel/C9uSnn4yIed/?igsh=MWVmbGYzcmR0MzFibw==,ok,C:\bdc_cache\video\ig_C9uSnn4yIed.mp4,C:\bdc_cache\meta\ig_C9uSnn4yIed.json,,4336,23,,177,,2026-08-07 20:54:35
ig_C9wKwPpSfOn,instagram,https://www.instagram.com/reel/C9wKwPpSfOn/?igsh=MXh5d3l5dHRlOXJ6ZA==,ok,C:\bdc_cache\video\ig_C9wKwPpSfOn.mp4,C:\bdc_cache\meta\ig_C9wKwPpSfOn.json,,16584,201,,242,,2026-08-07 20:55:44
ig_C9zeHtmSftf,instagram,https://www.instagram.com/reel/C9zeHtmSftf/?igsh=ODNoZDlveWRjOGV6,ok,C:\bdc_cache\video\ig_C9zeHtmSftf.mp4,C:\bdc_cache\meta\ig_C9zeHtmSftf.json,,1858,89,,39,,2026-08-07 22:24:51
ig_CCOSpdujJ4k,instagram,https://www.instagram.com/tv/CCOSpdujJ4k/,ok,C:\bdc_cache\video\ig_CCOSpdujJ4k.mp4,C:\bdc_cache\meta\ig_CCOSpdujJ4k.json,,11876,133,,18,,2026-08-07 20:42:54
ig_CFKGsqVlylO,instagram,https://www.instagram.com/p/CFKGsqVlylO/?utm_source=ig_web_copy_link&igsh=MzRlODBiNWFlZA==,ok,C:\bdc_cache\video\ig_CFKGsqVlylO.mp4,C:\bdc_cache\meta\ig_CFKGsqVlylO.json,,936,9,,256,,2026-08-07 21:31:29
ig_C_2iOlQygzj,instagram,https://www.instagram.com/reel/C_2iOlQygzj/?igsh=ZDBpbTZncDc0NDBu,ok,C:\bdc_cache\video\ig_C_2iOlQygzj.mp4,C:\bdc_cache\meta\ig_C_2iOlQygzj.json,,15618,1546,,666,,2026-08-07 20:54:25
ig_C_7Rh6ISqSO,instagram,https://www.instagram.com/reel/C_7Rh6ISqSO/?igsh=MzZobGkzNXF6ZDNx,ok,C:\bdc_cache\video\ig_C_7Rh6ISqSO.mp4,C:\bdc_cache\meta\ig_C_7Rh6ISqSO.json,,5145,29,,365,,2026-08-07 21:47:30
ig_C_Uu_rSygjN,instagram,https://www.instagram.com/reel/C_Uu_rSygjN/?igsh=cGljbzg5NnZ3Y2d1,ok,C:\bdc_cache\video\ig_C_Uu_rSygjN.mp4,C:\bdc_cache\meta\ig_C_Uu_rSygjN.json,,18172,164,,349,,2026-08-07 21:40:36
ig_C_XMt92y79O,instagram,https://www.instagram.com/reel/C_XMt92y79O/?igsh=NXl4Z3J0cjR2ZHhp,ok,C:\bdc_cache\video\ig_C_XMt92y79O.mp4,C:\bdc_cache\meta\ig_C_XMt92y79O.json,,14213,80,,94,,2026-08-07 22:14:55
ig_C_aZ8XNS1Yx,instagram,https://www.instagram.com/reel/C_aZ8XNS1Yx/?utm_source=ig_web_copy_link&igsh=MzRlODBiNWFlZA==,ok,C:\bdc_cache\video\ig_C_aZ8XNS1Yx.mp4,C:\bdc_cache\meta\ig_C_aZ8XNS1Yx.json,,2690,21,,498,,2026-08-07 21:33:11
ig_C_anlr5vVn8,instagram,https://www.instagram.com/reel/C_anlr5vVn8/?utm_source=ig_web_copy_link&igsh=MzRlODBiNWFlZA==,ok,C:\bdc_cache\video\ig_C_anlr5vVn8.mp4,C:\bdc_cache\meta\ig_C_anlr5vVn8.json,,1765,13,,291,,2026-08-07 21:37:14
ig_C_cy6a1vJ6K,instagram,https://www.instagram.com/reel/C_cy6a1vJ6K/?utm_source=ig_web_copy_link&igsh=MzRlODBiNWFlZA==,ok,C:\bdc_cache\video\ig_C_cy6a1vJ6K.mp4,C:\bdc_cache\meta\ig_C_cy6a1vJ6K.json,,1015,18,,211,,2026-08-07 21:37:22
ig_C_dRijAvKd7,instagram,https://www.instagram.com/reel/C_dRijAvKd7/?utm_source=ig_web_copy_link&igsh=MzRlODBiNWFlZA==,ok,C:\bdc_cache\video\ig_C_dRijAvKd7.mp4,C:\bdc_cache\meta\ig_C_dRijAvKd7.json,,262,4,,249,,2026-08-07 21:37:30
ig_C_f3qbRKG_L,instagram,https://www.instagram.com/reel/C_f3qbRKG_L/?utm_source=ig_web_copy_link&igsh=MzRlODBiNWFlZA==,ok,C:\bdc_cache\video\ig_C_f3qbRKG_L.mp4,C:\bdc_cache\meta\ig_C_f3qbRKG_L.json,,1039,22,,392,,2026-08-07 21:36:13
ig_C_fE3M7yLww,instagram,https://www.instagram.com/reel/C_fE3M7yLww/?igsh=bDdxaTU3cGxpZDMx,ok,C:\bdc_cache\video\ig_C_fE3M7yLww.mp4,C:\bdc_cache\meta\ig_C_fE3M7yLww.json,,104048,237,,381,,2026-08-07 21:47:38
ig_C_hD24zhPj3,instagram,https://www.instagram.com/reel/C_hD24zhPj3/?utm_source=ig_web_copy_link&igsh=MzRlODBiNWFlZA==,ok,C:\bdc_cache\video\ig_C_hD24zhPj3.mp4,C:\bdc_cache\meta\ig_C_hD24zhPj3.json,,169,1,,384,,2026-08-07 21:37:39
ig_C_iEMTMSYJe,instagram,https://www.instagram.com/reel/C_iEMTMSYJe/?igsh=MWowMzA2cmdta3RlYw==,ok,C:\bdc_cache\video\ig_C_iEMTMSYJe.mp4,C:\bdc_cache\meta\ig_C_iEMTMSYJe.json,,13590,104,,270,,2026-08-07 22:26:46
ig_C_reJDqSNno,instagram,https://www.instagram.com/reel/C_reJDqSNno/?igsh=ZDIzc2owNWgxdmJk,ok,C:\bdc_cache\video\ig_C_reJDqSNno.mp4,C:\bdc_cache\meta\ig_C_reJDqSNno.json,,8161,101,,450,,2026-08-07 22:25:00
ig_C_xrYxqgSp8,instagram,https://www.instagram.com/reel/C_xrYxqgSp8/?igsh=YWR5eGFlbzA5ZzBq,ok,C:\bdc_cache\video\ig_C_xrYxqgSp8.mp4,C:\bdc_cache\meta\ig_C_xrYxqgSp8.json,,1639,5,,234,,2026-08-07 20:55:27
ig_Cij2OK1LiDG,instagram,https://www.instagram.com/reel/Cij2OK1LiDG/?utm_source=ig_web_copy_link&igsh=MzRlODBiNWFlZA==,ok,C:\bdc_cache\video\ig_Cij2OK1LiDG.mp4,C:\bdc_cache\meta\ig_Cij2OK1LiDG.json,,64,5,,283,,2026-08-07 21:31:22
ig_Cjc9mzVDnK1,instagram,https://www.instagram.com/reel/Cjc9mzVDnK1/?igsh=cmhqb2Fhc3gyamdm,ok,C:\bdc_cache\video\ig_Cjc9mzVDnK1.mp4,C:\bdc_cache\meta\ig_Cjc9mzVDnK1.json,,939,37,,125,,2026-08-07 21:10:51
ig_CjwRCdzDarC,instagram,https://www.instagram.com/reel/CjwRCdzDarC/?utm_source=ig_web_copy_link&igsh=bXRhNmI1NTRxMWc3,ok,C:\bdc_cache\video\ig_CjwRCdzDarC.mp4,C:\bdc_cache\meta\ig_CjwRCdzDarC.json,,3627,39,,176,,2026-08-07 21:40:45
ig_CntID4iDMB_,instagram,https://www.instagram.com/reel/CntID4iDMB_/?utm_source=ig_web_copy_link&igsh=MzRlODBiNWFlZA==,ok,C:\bdc_cache\video\ig_CntID4iDMB_.mp4,C:\bdc_cache\meta\ig_CntID4iDMB_.json,,342,7,,223,,2026-08-07 21:07:07
ig_CoGKcP0BYcu,instagram,https://www.instagram.com/reel/CoGKcP0BYcu/?igsh=OGh3aXFpc3BidmZl,ok,C:\bdc_cache\video\ig_CoGKcP0BYcu.mp4,C:\bdc_cache\meta\ig_CoGKcP0BYcu.json,,160,0,,204,,2026-08-07 21:10:42
ig_CqCw06QvVa4,instagram,https://www.instagram.com/reel/CqCw06QvVa4/?utm_source=ig_web_copy_link,ok,C:\bdc_cache\video\ig_CqCw06QvVa4.mp4,C:\bdc_cache\meta\ig_CqCw06QvVa4.json,,15419,5523,,825,,2026-08-07 22:02:04
ig_CrSuJLgNyRK,instagram,https://www.instagram.com/reel/CrSuJLgNyRK/?utm_source=ig_web_copy_link,ok,C:\bdc_cache\video\ig_CrSuJLgNyRK.mp4,C:\bdc_cache\meta\ig_CrSuJLgNyRK.json,,49,7,,141,,2026-08-07 21:40:53
ig_Cv1eEmSs7DX,instagram,https://www.instagram.com/reel/Cv1eEmSs7DX/,failed,,,,,,,,DownloadError: ERROR: [Instagram] Cv1eEmSs7DX: Video info extraction failed: HTTP Error 400: Bad Request (caused by <HTTPError 400: Bad Request>),2026-08-08 01:12:57
ig_Cx920V4Khr2,instagram,https://www.instagram.com/reel/Cx920V4Khr2/?utm_source=ig_web_copy_link&igsh=MzRlODBiNWFlZA==,ok,C:\bdc_cache\video\ig_Cx920V4Khr2.mp4,C:\bdc_cache\meta\ig_Cx920V4Khr2.json,,125,1,,1050,,2026-08-07 21:36:55
ig_DA-sMIEyXtI,instagram,https://www.instagram.com/reel/DA-sMIEyXtI/?utm_source=ig_web_copy_link&igsh=MzRlODBiNWFlZA==,ok,C:\bdc_cache\video\ig_DA-sMIEyXtI.mp4,C:\bdc_cache\meta\ig_DA-sMIEyXtI.json,,131040,1316,,1008,,2026-08-07 22:21:37
ig_DA0PU30q5U2,instagram,https://www.instagram.com/reel/DA0PU30q5U2/?utm_source=ig_web_copy_link&igsh=MzRlODBiNWFlZA==,ok,C:\bdc_cache\video\ig_DA0PU30q5U2.mp4,C:\bdc_cache\meta\ig_DA0PU30q5U2.json,,199,1,,564,,2026-08-07 21:35:37
ig_DA2qr_qqUmX,instagram,https://www.instagram.com/reel/DA2qr_qqUmX/?utm_source=ig_web_copy_link&igsh=MzRlODBiNWFlZA==,ok,C:\bdc_cache\video\ig_DA2qr_qqUmX.mp4,C:\bdc_cache\meta\ig_DA2qr_qqUmX.json,,78,0,,748,,2026-08-07 21:35:29
ig_DAQaie5ybcg,instagram,https://www.instagram.com/reel/DAQaie5ybcg/?igsh=a2FkYnN1bjFhdXNz,ok,C:\bdc_cache\video\ig_DAQaie5ybcg.mp4,C:\bdc_cache\meta\ig_DAQaie5ybcg.json,60.93299865722656,12795,121,,301,,2026-08-07 21:47:24
ig_DAUxpi3y_7G,instagram,https://www.instagram.com/reel/DAUxpi3y_7G/?utm_source=ig_web_copy_link&igsh=MzRlODBiNWFlZA==,ok,C:\bdc_cache\video\ig_DAUxpi3y_7G.mp4,C:\bdc_cache\meta\ig_DAUxpi3y_7G.json,,98,0,,189,,2026-08-07 22:23:37
ig_DAYFDAQSh20,instagram,https://www.instagram.com/reel/DAYFDAQSh20/?igsh=OWlreGRuYXdzY3ly,ok,C:\bdc_cache\video\ig_DAYFDAQSh20.mp4,C:\bdc_cache\meta\ig_DAYFDAQSh20.json,,2639,62,,736,,2026-08-07 21:41:01
ig_DAaxBJBSZ1K,instagram,https://www.instagram.com/reel/DAaxBJBSZ1K/?utm_source=ig_web_copy_link,ok,C:\bdc_cache\video\ig_DAaxBJBSZ1K.mp4,C:\bdc_cache\meta\ig_DAaxBJBSZ1K.json,,2746,16,,43,,2026-08-07 20:45:42
ig_DAf3elTy1yM,instagram,https://www.instagram.com/reel/DAf3elTy1yM/?igsh=MWhiNDIwMzA4ZnBmMw==,ok,C:\bdc_cache\video\ig_DAf3elTy1yM.mp4,C:\bdc_cache\meta\ig_DAf3elTy1yM.json,,8220,49,,382,,2026-08-07 21:47:12
ig_DAp9h5-tsxa,instagram,https://www.instagram.com/reel/DAp9h5-tsxa/?igsh=MTk0MDNuNzZxcXBwZQ==,ok,C:\bdc_cache\video\ig_DAp9h5-tsxa.mp4,C:\bdc_cache\meta\ig_DAp9h5-tsxa.json,,3210,78,,167,,2026-08-07 22:32:31
ig_DAqlYu_sQgD,instagram,https://www.instagram.com/reel/DAqlYu_sQgD/?utm_source=ig_web_copy_link&igsh=MzRlODBiNWFlZA==,ok,C:\bdc_cache\video\ig_DAqlYu_sQgD.mp4,C:\bdc_cache\meta\ig_DAqlYu_sQgD.json,,121,0,,297,,2026-08-07 22:24:08
ig_DAr7Shbz01_,instagram,https://www.instagram.com/reel/DAr7Shbz01_/,ok,C:\bdc_cache\video\ig_DAr7Shbz01_.mp4,C:\bdc_cache\meta\ig_DAr7Shbz01_.json,,11518,102,,55,,2026-08-07 22:16:08
ig_DAvco06yQ0e,instagram,https://www.instagram.com/reel/DAvco06yQ0e/?igsh=MTJkNmMwZTQyMGp4dQ==,ok,C:\bdc_cache\video\ig_DAvco06yQ0e.mp4,C:\bdc_cache\meta\ig_DAvco06yQ0e.json,,7703,45,,267,,2026-08-07 21:47:04
ig_DAxrfeVPeV-,instagram,https://www.instagram.com/reel/DAxrfeVPeV-/?utm_source=ig_web_copy_link&igsh=MzRlODBiNWFlZA==,ok,C:\bdc_cache\video\ig_DAxrfeVPeV-.mp4,C:\bdc_cache\meta\ig_DAxrfeVPeV-.json,,230,3,,292,,2026-08-07 21:36:47
ig_DB-ZPagSfcY,instagram,https://www.instagram.com/reel/DB-ZPagSfcY/?utm_source=ig_web_copy_link&igsh=MzRlODBiNWFlZA==,ok,C:\bdc_cache\video\ig_DB-ZPagSfcY.mp4,C:\bdc_cache\meta\ig_DB-ZPagSfcY.json,,17862,1148,,913,,2026-08-07 21:33:01
ig_DB-yXGOxwsm,instagram,https://www.instagram.com/reel/DB-yXGOxwsm/?utm_source=ig_web_copy_link&igsh=MzRlODBiNWFlZA==,ok,C:\bdc_cache\video\ig_DB-yXGOxwsm.mp4,C:\bdc_cache\meta\ig_DB-yXGOxwsm.json,,626,10,,132,,2026-08-07 21:30:59
ig_DB75GW9K-9q,instagram,https://www.instagram.com/reel/DB75GW9K-9q/?utm_source=ig_web_copy_link&igsh=MzRlODBiNWFlZA==,ok,C:\bdc_cache\video\ig_DB75GW9K-9q.mp4,C:\bdc_cache\meta\ig_DB75GW9K-9q.json,,149,6,,878,,2026-08-07 22:23:29
ig_DB7wNtHygCF,instagram,https://www.instagram.com/reel/DB7wNtHygCF/?igsh=a2ozNjY3Y21wOTVs,ok,C:\bdc_cache\video\ig_DB7wNtHygCF.mp4,C:\bdc_cache\meta\ig_DB7wNtHygCF.json,,46492,761,,60,,2026-08-07 20:54:18
ig_DBK5AWaKwS_,instagram,https://www.instagram.com/reel/DBK5AWaKwS_/?utm_source=ig_web_copy_link&igsh=MzRlODBiNWFlZA==,ok,C:\bdc_cache\video\ig_DBK5AWaKwS_.mp4,C:\bdc_cache\meta\ig_DBK5AWaKwS_.json,,150,1,,829,,2026-08-07 21:35:22
ig_DBNjRxeqv8F,instagram,https://www.instagram.com/reel/DBNjRxeqv8F/?utm_source=ig_web_copy_link&igsh=MzRlODBiNWFlZA==,ok,C:\bdc_cache\video\ig_DBNjRxeqv8F.mp4,C:\bdc_cache\meta\ig_DBNjRxeqv8F.json,,144,3,,856,,2026-08-07 21:35:13
ig_DBP8wzKyRg8,instagram,https://www.instagram.com/reel/DBP8wzKyRg8/?utm_source=ig_web_copy_link&igsh=MzRlODBiNWFlZA==,ok,C:\bdc_cache\video\ig_DBP8wzKyRg8.mp4,C:\bdc_cache\meta\ig_DBP8wzKyRg8.json,,1474,59,,1175,,2026-08-07 22:22:27
ig_DBSQKPcuq4V,instagram,https://www.instagram.com/reel/DBSQKPcuq4V/?igsh=MTl3YWVpZWVkbmlxOA%3D%3D,ok,C:\bdc_cache\video\ig_DBSQKPcuq4V.mp4,C:\bdc_cache\meta\ig_DBSQKPcuq4V.json,,14,0,,300,,2026-08-07 22:07:24
ig_DBYfWZ9y-KV,instagram,https://www.instagram.com/reel/DBYfWZ9y-KV/?igsh=MWo1NzlnbTYzdTQycA==,ok,C:\bdc_cache\video\ig_DBYfWZ9y-KV.mp4,C:\bdc_cache\meta\ig_DBYfWZ9y-KV.json,,313,10,,246,,2026-08-07 22:18:36
ig_DBaikZOqWNY,instagram,https://www.instagram.com/reel/DBaikZOqWNY/?utm_source=ig_web_copy_link&igsh=MzRlODBiNWFlZA==,ok,C:\bdc_cache\video\ig_DBaikZOqWNY.mp4,C:\bdc_cache\meta\ig_DBaikZOqWNY.json,,78,0,,1065,,2026-08-07 21:35:04
ig_DBi0z74Pqig,instagram,https://www.instagram.com/reel/DBi0z74Pqig/?igsh=djdsMDlhazJvdjVr,ok,C:\bdc_cache\video\ig_DBi0z74Pqig.mp4,C:\bdc_cache\meta\ig_DBi0z74Pqig.json,,393,12,,156,,2026-08-07 22:05:07
ig_DBqeh0PSvPN,instagram,https://www.instagram.com/reel/DBqeh0PSvPN/?utm_source=ig_web_copy_link&igsh=MzRlODBiNWFlZA==,ok,C:\bdc_cache\video\ig_DBqeh0PSvPN.mp4,C:\bdc_cache\meta\ig_DBqeh0PSvPN.json,,14424,431,,1044,,2026-08-07 21:25:44
ig_DBvnOvrPthT,instagram,https://www.instagram.com/reel/DBvnOvrPthT/?igsh=cTR1b3FoNjR3b2Nm,ok,C:\bdc_cache\video\ig_DBvnOvrPthT.mp4,C:\bdc_cache\meta\ig_DBvnOvrPthT.json,,424,13,,221,,2026-08-07 22:05:57
ig_DC5s_nJS-Df,instagram,https://www.instagram.com/moladin_id/reel/DC5s_nJS-Df/,ok,C:\bdc_cache\video\ig_DC5s_nJS-Df.mp4,C:\bdc_cache\meta\ig_DC5s_nJS-Df.json,,339,13,,521,,2026-08-07 20:51:40
ig_DC6uguvT834,instagram,https://www.instagram.com/reel/DC6uguvT834/,ok,C:\bdc_cache\video\ig_DC6uguvT834.mp4,C:\bdc_cache\meta\ig_DC6uguvT834.json,,5757,153,,142,,2026-08-07 21:01:34
ig_DCGpN-1qRtj,instagram,https://www.instagram.com/reel/DCGpN-1qRtj/?utm_source=ig_web_copy_link&igsh=MzRlODBiNWFlZA==,ok,C:\bdc_cache\video\ig_DCGpN-1qRtj.mp4,C:\bdc_cache\meta\ig_DCGpN-1qRtj.json,,111,6,,835,,2026-08-07 21:34:57
ig_DCTGsD5BY8_,instagram,https://www.instagram.com/reel/DCTGsD5BY8_/,ok,C:\bdc_cache\video\ig_DCTGsD5BY8_.mp4,C:\bdc_cache\meta\ig_DCTGsD5BY8_.json,,367945,1624,,321,,2026-08-07 20:47:06
ig_DCUXkGTyqKb,instagram,https://www.instagram.com/reel/DCUXkGTyqKb/?utm_source=ig_web_copy_link&igsh=MzRlODBiNWFlZA==,ok,C:\bdc_cache\video\ig_DCUXkGTyqKb.mp4,C:\bdc_cache\meta\ig_DCUXkGTyqKb.json,,633,6,,35,,2026-08-07 21:31:08
ig_DCWYeZGyB4L,instagram,https://www.instagram.com/reel/DCWYeZGyB4L/?utm_source=ig_web_copy_link&igsh=MzRlODBiNWFlZA==,ok,C:\bdc_cache\video\ig_DCWYeZGyB4L.mp4,C:\bdc_cache\meta\ig_DCWYeZGyB4L.json,,402502,5268,,196,,2026-08-07 21:32:25
ig_DCYdNL5B3rE,instagram,https://www.instagram.com/reel/DCYdNL5B3rE/?utm_source=ig_web_copy_link&igsh=MzRlODBiNWFlZA==,ok,C:\bdc_cache\video\ig_DCYdNL5B3rE.mp4,C:\bdc_cache\meta\ig_DCYdNL5B3rE.json,,499,14,,385,,2026-08-07 21:32:52
ig_DCYxVATvxDu,instagram,https://www.instagram.com/reel/DCYxVATvxDu/?igsh=bTI4cHhqajE5ZWE5,ok,C:\bdc_cache\video\ig_DCYxVATvxDu.mp4,C:\bdc_cache\meta\ig_DCYxVATvxDu.json,,235,2,,127,,2026-08-07 22:31:37
ig_DC_j_grTwnj,instagram,https://www.instagram.com/reel/DC_j_grTwnj/,failed,,,,,,,,DownloadError: ERROR: [Instagram] DC_j_grTwnj: Video info extraction failed: HTTP Error 400: Bad Request (caused by <HTTPError 400: Bad Request>),2026-08-08 01:12:22
ig_DCjIJOzvpDB,instagram,https://www.instagram.com/reel/DCjIJOzvpDB/?igsh=MnQwbWhuMnVnM3R2,ok,C:\bdc_cache\video\ig_DCjIJOzvpDB.mp4,C:\bdc_cache\meta\ig_DCjIJOzvpDB.json,,111,2,,127,,2026-08-07 22:07:32
ig_DCmBdX8sqGo,instagram,https://www.instagram.com/reel/DCmBdX8sqGo/,ok,C:\bdc_cache\video\ig_DCmBdX8sqGo.mp4,C:\bdc_cache\meta\ig_DCmBdX8sqGo.json,,10465,293,,387,,2026-08-07 21:01:44
ig_DCrH5IdzQCj,instagram,https://www.instagram.com/reel/DCrH5IdzQCj/?igsh=aHAwbmN2amJqeXpy,ok,C:\bdc_cache\video\ig_DCrH5IdzQCj.mp4,C:\bdc_cache\meta\ig_DCrH5IdzQCj.json,,27,0,,269,,2026-08-07 22:31:46
ig_DCtamoISITr,instagram,https://www.instagram.com/reel/DCtamoISITr/?utm_source=ig_web_copy_link,ok,C:\bdc_cache\video\ig_DCtamoISITr.mp4,C:\bdc_cache\meta\ig_DCtamoISITr.json,,115789,695,,1201,,2026-08-07 21:25:35
ig_DCtexMdPltz,instagram,https://www.instagram.com/reel/DCtexMdPltz/?igsh=MXhoMjk2MnIyOGR5,ok,C:\bdc_cache\video\ig_DCtexMdPltz.mp4,C:\bdc_cache\meta\ig_DCtexMdPltz.json,,106,0,,115,,2026-08-07 22:04:49
ig_DCwMSoDNbxa,instagram,https://www.instagram.com/reel/DCwMSoDNbxa/,ok,C:\bdc_cache\video\ig_DCwMSoDNbxa.mp4,C:\bdc_cache\meta\ig_DCwMSoDNbxa.json,,142199,1227,,440,,2026-08-07 20:46:30
ig_DDFCBDQS1J3,instagram,https://www.instagram.com/reel/DDFCBDQS1J3/,ok,C:\bdc_cache\video\ig_DDFCBDQS1J3.mp4,C:\bdc_cache\meta\ig_DDFCBDQS1J3.json,,446,12,,686,,2026-08-07 20:51:33
ig_DDHd4XSzhZf,instagram,https://www.instagram.com/reel/DDHd4XSzhZf/,ok,C:\bdc_cache\video\ig_DDHd4XSzhZf.mp4,C:\bdc_cache\meta\ig_DDHd4XSzhZf.json,,10209,256,,624,,2026-08-07 21:01:55
ig_DDJ--z-zkrH,instagram,https://www.instagram.com/reel/DDJ--z-zkrH/,ok,C:\bdc_cache\video\ig_DDJ--z-zkrH.mp4,C:\bdc_cache\meta\ig_DDJ--z-zkrH.json,,3738,50,,196,,2026-08-07 21:02:05
ig_DDJwtwyJDeV,instagram,https://www.instagram.com/reel/DDJwtwyJDeV/?utm_source=ig_web_copy_link&igsh=MzRlODBiNWFlZA==,ok,C:\bdc_cache\video\ig_DDJwtwyJDeV.mp4,C:\bdc_cache\meta\ig_DDJwtwyJDeV.json,,43919,209,,126,,2026-08-07 21:32:17
ig_DDMT07Zy3Yu,instagram,https://www.instagram.com/reel/DDMT07Zy3Yu/?utm_source=ig_web_copy_link,ok,C:\bdc_cache\video\ig_DDMT07Zy3Yu.mp4,C:\bdc_cache\meta\ig_DDMT07Zy3Yu.json,,52393,659,,1123,,2026-08-07 21:25:28
ig_DDPkkpoyq9G,instagram,https://www.instagram.com/reel/DDPkkpoyq9G/?utm_source=ig_web_copy_link&igsh=MzRlODBiNWFlZA==,ok,C:\bdc_cache\video\ig_DDPkkpoyq9G.mp4,C:\bdc_cache\meta\ig_DDPkkpoyq9G.json,,228492,1050,,225,,2026-08-07 21:32:07
ig_DDRjJrgykQO,instagram,https://www.instagram.com/reel/DDRjJrgykQO/?utm_source=ig_web_copy_link&igsh=MzRlODBiNWFlZA==,ok,C:\bdc_cache\video\ig_DDRjJrgykQO.mp4,C:\bdc_cache\meta\ig_DDRjJrgykQO.json,,238732,625,,395,,2026-08-07 21:31:57
ig_DDUjYZUzgmI,instagram,https://www.instagram.com/reel/DDUjYZUzgmI/,failed,,,,,,,,"DownloadError: ERROR: [Instagram] DDUjYZUzgmI: Instagram sent an empty media response. Check if this post is accessible in your browser without being logged-in. If it is not, then use --cookies-from-browser or --cookies for the authentication. See  https://github.com/yt-dlp/yt-dlp/wiki/FAQ#how-do-i-",2026-08-07 22:11:45
ig_DDbwsT-SvYX,instagram,https://www.instagram.com/reel/DDbwsT-SvYX/?igsh=a2NqZnhmczM3NjE1,ok,C:\bdc_cache\video\ig_DDbwsT-SvYX.mp4,C:\bdc_cache\meta\ig_DDbwsT-SvYX.json,,5447,60,,601,,2026-08-07 21:41:09
ig_DDekDLFTq1a,instagram,https://www.instagram.com/reel/DDekDLFTq1a/?igsh=dXVxMGlzdndwM3E2,ok,C:\bdc_cache\video\ig_DDekDLFTq1a.mp4,C:\bdc_cache\meta\ig_DDekDLFTq1a.json,,1683,9,,111,,2026-08-07 21:41:17
ig_DDjf9gkyFlQ,instagram,https://www.instagram.com/reel/DDjf9gkyFlQ/?utm_source=ig_web_copy_link&igsh=MzRlODBiNWFlZA==,ok,C:\bdc_cache\video\ig_DDjf9gkyFlQ.mp4,C:\bdc_cache\meta\ig_DDjf9gkyFlQ.json,,18914,1138,,1324,,2026-08-07 21:25:20
ig_DDlSrZYSvAN,instagram,https://www.instagram.com/moladin_id/reel/DDlSrZYSvAN/,ok,C:\bdc_cache\video\ig_DDlSrZYSvAN.mp4,C:\bdc_cache\meta\ig_DDlSrZYSvAN.json,,188855,5081,,289,,2026-08-07 20:51:23
ig_DDq5sbiSdfx,instagram,https://www.instagram.com/moladin_id/reel/DDq5sbiSdfx/,ok,C:\bdc_cache\video\ig_DDq5sbiSdfx.mp4,C:\bdc_cache\meta\ig_DDq5sbiSdfx.json,,368,5,,430,,2026-08-07 20:51:16
ig_DDqXKnISXIM,instagram,https://www.instagram.com/reel/DDqXKnISXIM/?igsh=MThhNGtkaGZ5Y3Vxcg==,ok,C:\bdc_cache\video\ig_DDqXKnISXIM.mp4,C:\bdc_cache\meta\ig_DDqXKnISXIM.json,,6050,85,,82,,2026-08-07 22:08:29
ig_DDtwlcqydxs,instagram,https://www.instagram.com/reel/DDtwlcqydxs/?utm_source=ig_web_copy_link&igsh=MzRlODBiNWFlZA==,ok,C:\bdc_cache\video\ig_DDtwlcqydxs.mp4,C:\bdc_cache\meta\ig_DDtwlcqydxs.json,,544,18,,393,,2026-08-07 21:36:06
ig_DDwztOvzIA_,instagram,https://www.instagram.com/reel/DDwztOvzIA_/,ok,C:\bdc_cache\video\ig_DDwztOvzIA_.mp4,C:\bdc_cache\meta\ig_DDwztOvzIA_.json,,6915,92,,278,,2026-08-07 21:02:13
ig_DE1HlaaS03V,instagram,https://www.instagram.com/reel/DE1HlaaS03V/?igsh=MTNyd2J6OGpzbXhqMg==,ok,C:\bdc_cache\video\ig_DE1HlaaS03V.mp4,C:\bdc_cache\meta\ig_DE1HlaaS03V.json,,36387,401,,416,,2026-08-07 22:14:27
ig_DE4sP3FTR1p,instagram,https://www.instagram.com/reel/DE4sP3FTR1p/,ok,C:\bdc_cache\video\ig_DE4sP3FTR1p.mp4,C:\bdc_cache\meta\ig_DE4sP3FTR1p.json,,5862,51,,342,,2026-08-07 21:02:22
ig_DEH-AmOTZDB,instagram,https://www.instagram.com/reel/DEH-AmOTZDB/,ok,C:\bdc_cache\video\ig_DEH-AmOTZDB.mp4,C:\bdc_cache\meta\ig_DEH-AmOTZDB.json,,51684,290,,52,,2026-08-07 20:41:24
ig_DEHjCwLyXiO,instagram,https://www.instagram.com/reel/DEHjCwLyXiO/?utm_source=ig_web_copy_link&igsh=MzRlODBiNWFlZA==,ok,C:\bdc_cache\video\ig_DEHjCwLyXiO.mp4,C:\bdc_cache\meta\ig_DEHjCwLyXiO.json,,74089,784,,2137,,2026-08-07 21:25:13
ig_DEWsCChyN_T,instagram,https://www.instagram.com/reel/DEWsCChyN_T/?igsh=MXNscmNnbWdwenVpeQ==,ok,C:\bdc_cache\video\ig_DEWsCChyN_T.mp4,C:\bdc_cache\meta\ig_DEWsCChyN_T.json,,35,0,,413,,2026-08-07 21:11:01
ig_DEhTARAyJyw,instagram,https://www.instagram.com/reel/DEhTARAyJyw/?utm_source=ig_web_copy_link&igsh=MzRlODBiNWFlZA==,ok,C:\bdc_cache\video\ig_DEhTARAyJyw.mp4,C:\bdc_cache\meta\ig_DEhTARAyJyw.json,,29847,724,,1268,,2026-08-07 22:21:27
ig_DEhZ4GazM-B,instagram,https://www.instagram.com/reel/DEhZ4GazM-B/,ok,C:\bdc_cache\video\ig_DEhZ4GazM-B.mp4,C:\bdc_cache\meta\ig_DEhZ4GazM-B.json,,51673,252,,346,,2026-08-07 20:41:33
ig_DEl-hhEyCX4,instagram,https://www.instagram.com/reel/DEl-hhEyCX4/,ok,C:\bdc_cache\video\ig_DEl-hhEyCX4.mp4,C:\bdc_cache\meta\ig_DEl-hhEyCX4.json,,1300,3,,528,,2026-08-07 22:10:15
ig_DElz8FpS2rg,instagram,https://www.instagram.com/moladin_id/reel/DElz8FpS2rg/,ok,C:\bdc_cache\video\ig_DElz8FpS2rg.mp4,C:\bdc_cache\meta\ig_DElz8FpS2rg.json,59.650001525878906,493,21,,578,,2026-08-08 01:14:08
ig_DEm23d2yzeu,instagram,https://www.instagram.com/moladin_id/reel/DEm23d2yzeu/,ok,C:\bdc_cache\video\ig_DEm23d2yzeu.mp4,C:\bdc_cache\meta\ig_DEm23d2yzeu.json,,374,35,,565,,2026-08-07 20:50:19
ig_DEoDrO0Tm6c,instagram,https://www.instagram.com/reel/DEoDrO0Tm6c/?utm_source=ig_web_copy_link&igsh=MzRlODBiNWFlZA==,ok,C:\bdc_cache\video\ig_DEoDrO0Tm6c.mp4,C:\bdc_cache\meta\ig_DEoDrO0Tm6c.json,,1877,1494,,684,,2026-08-07 22:01:55
ig_DExIKhNyAqa,instagram,https://www.instagram.com/reel/DExIKhNyAqa/,ok,C:\bdc_cache\video\ig_DExIKhNyAqa.mp4,C:\bdc_cache\meta\ig_DExIKhNyAqa.json,80.38600158691406,968,25,,354,,2026-08-08 01:14:44
ig_DEzgcQJy-yy,instagram,https://www.instagram.com/reel/DEzgcQJy-yy/?utm_source=ig_web_copy_link&igsh=MzRlODBiNWFlZA==,ok,C:\bdc_cache\video\ig_DEzgcQJy-yy.mp4,C:\bdc_cache\meta\ig_DEzgcQJy-yy.json,,16320,95,,85,,2026-08-07 21:30:05
ig_DF0LwJfzPPv,instagram,https://www.instagram.com/reel/DF0LwJfzPPv/,ok,C:\bdc_cache\video\ig_DF0LwJfzPPv.mp4,C:\bdc_cache\meta\ig_DF0LwJfzPPv.json,,163846,1461,,294,,2026-08-07 22:11:51
ig_DF1kmTKSWHf,instagram,https://www.instagram.com/reel/DF1kmTKSWHf/,ok,C:\bdc_cache\video\ig_DF1kmTKSWHf.mp4,C:\bdc_cache\meta\ig_DF1kmTKSWHf.json,,230,0,,688,,2026-08-07 22:13:35
ig_DF7l5nZSRLF,instagram,https://www.instagram.com/reel/DF7l5nZSRLF/?igsh=NHk3YjA3cWFjM3gy,ok,C:\bdc_cache\video\ig_DF7l5nZSRLF.mp4,C:\bdc_cache\meta\ig_DF7l5nZSRLF.json,,77581,943,,132,,2026-08-07 21:46:07
ig_DFFR1ZMyEnh,instagram,https://www.instagram.com/reel/DFFR1ZMyEnh/?utm_source=ig_web_copy_link&igsh=MzRlODBiNWFlZA==,ok,C:\bdc_cache\video\ig_DFFR1ZMyEnh.mp4,C:\bdc_cache\meta\ig_DFFR1ZMyEnh.json,,45759,859,,1204,,2026-08-07 21:25:05
ig_DFF_Fz7TaBk,instagram,https://www.instagram.com/reel/DFF_Fz7TaBk/?utm_source=ig_web_copy_link&igsh=MzRlODBiNWFlZA==,ok,C:\bdc_cache\video\ig_DFF_Fz7TaBk.mp4,C:\bdc_cache\meta\ig_DFF_Fz7TaBk.json,,81396,2240,,100,,2026-08-07 21:30:50
ig_DFKlv-PTlV1,instagram,https://www.instagram.com/reel/DFKlv-PTlV1/,ok,C:\bdc_cache\video\ig_DFKlv-PTlV1.mp4,C:\bdc_cache\meta\ig_DFKlv-PTlV1.json,,11520,98,,59,,2026-08-07 21:02:39
ig_DFXxK6cSSuh,instagram,https://www.instagram.com/moladin_id/reel/DFXxK6cSSuh/,ok,C:\bdc_cache\video\ig_DFXxK6cSSuh.mp4,C:\bdc_cache\meta\ig_DFXxK6cSSuh.json,,463,0,,344,,2026-08-07 20:50:11
ig_DFZNh3Gz4pv,instagram,https://www.instagram.com/reel/DFZNh3Gz4pv/,ok,C:\bdc_cache\video\ig_DFZNh3Gz4pv.mp4,C:\bdc_cache\meta\ig_DFZNh3Gz4pv.json,,7432,118,,363,,2026-08-07 22:16:28
ig_DF_rs9LByYo,instagram,https://www.instagram.com/reel/DF_rs9LByYo/?utm_source=ig_web_copy_link&igsh=MzRlODBiNWFlZA==,ok,C:\bdc_cache\video\ig_DF_rs9LByYo.mp4,C:\bdc_cache\meta\ig_DF_rs9LByYo.json,,483,21,,131,,2026-08-07 22:29:50
ig_DFaLH18SJAa,instagram,https://www.instagram.com/moladin_id/reel/DFaLH18SJAa/,ok,C:\bdc_cache\video\ig_DFaLH18SJAa.mp4,C:\bdc_cache\meta\ig_DFaLH18SJAa.json,,8535,479,,530,,2026-08-07 20:50:04
ig_DFgs65Lzp1y,instagram,https://www.instagram.com/reel/DFgs65Lzp1y/,ok,C:\bdc_cache\video\ig_DFgs65Lzp1y.mp4,C:\bdc_cache\meta\ig_DFgs65Lzp1y.json,,200562,153,,86,,2026-08-07 21:02:30
ig_DFhid58y-oG,instagram,https://www.instagram.com/reel/DFhid58y-oG/?igsh=ejlmaXNtenVtbm8=,ok,C:\bdc_cache\video\ig_DFhid58y-oG.mp4,C:\bdc_cache\meta\ig_DFhid58y-oG.json,,3870,37,,371,,2026-08-07 21:45:58
ig_DFmyGRDyxoN,instagram,https://www.instagram.com/reel/DFmyGRDyxoN/?utm_source=ig_web_copy_link&igsh=MzRlODBiNWFlZA==,ok,C:\bdc_cache\video\ig_DFmyGRDyxoN.mp4,C:\bdc_cache\meta\ig_DFmyGRDyxoN.json,,49966,796,,1119,,2026-08-07 21:24:56
ig_DFp8hyZyAna,instagram,https://www.instagram.com/reel/DFp8hyZyAna/,ok,C:\bdc_cache\video\ig_DFp8hyZyAna.mp4,C:\bdc_cache\meta\ig_DFp8hyZyAna.json,,148,5,,294,,2026-08-07 20:49:57
ig_DFsLF_Vzf7Q,instagram,https://www.instagram.com/reel/DFsLF_Vzf7Q/,ok,C:\bdc_cache\video\ig_DFsLF_Vzf7Q.mp4,C:\bdc_cache\meta\ig_DFsLF_Vzf7Q.json,,6115,59,,129,,2026-08-07 21:02:49
ig_DFu7bn8S5k8,instagram,https://www.instagram.com/moladin_id/reel/DFu7bn8S5k8/,ok,C:\bdc_cache\video\ig_DFu7bn8S5k8.mp4,C:\bdc_cache\meta\ig_DFu7bn8S5k8.json,,141,7,,565,,2026-08-07 20:49:49
ig_DFwZIZdTdxi,instagram,https://www.instagram.com/reel/DFwZIZdTdxi/,ok,C:\bdc_cache\video\ig_DFwZIZdTdxi.mp4,C:\bdc_cache\meta\ig_DFwZIZdTdxi.json,,8104,68,,225,,2026-08-07 21:02:58
ig_DFzqLdTSoPw,instagram,https://www.instagram.com/reel/DFzqLdTSoPw/?igsh=Yzd4OXZmcGR2emZy,ok,C:\bdc_cache\video\ig_DFzqLdTSoPw.mp4,C:\bdc_cache\meta\ig_DFzqLdTSoPw.json,82.98600006103516,9960,85,,288,,2026-08-07 21:44:26
ig_DG0Nu85ycJK,instagram,https://www.instagram.com/reel/DG0Nu85ycJK/?igsh=eTU0ZnZrMjVpa2d4,ok,C:\bdc_cache\video\ig_DG0Nu85ycJK.mp4,C:\bdc_cache\meta\ig_DG0Nu85ycJK.json,,25281,278,,101,,2026-08-07 20:39:00
ig_DG0miMMTIRb,instagram,https://www.instagram.com/reel/DG0miMMTIRb/,ok,C:\bdc_cache\video\ig_DG0miMMTIRb.mp4,C:\bdc_cache\meta\ig_DG0miMMTIRb.json,,8764,83,,122,,2026-08-07 22:16:35
ig_DG4y1j8RlwX,instagram,https://www.instagram.com/reel/DG4y1j8RlwX/?hl=id,ok,C:\bdc_cache\video\ig_DG4y1j8RlwX.mp4,C:\bdc_cache\meta\ig_DG4y1j8RlwX.json,,414,0,,360,,2026-08-07 21:53:35
ig_DG5nD_aykGo,instagram,https://www.instagram.com/reel/DG5nD_aykGo/,ok,C:\bdc_cache\video\ig_DG5nD_aykGo.mp4,C:\bdc_cache\meta\ig_DG5nD_aykGo.json,,2356,88,,432,,2026-08-07 20:49:29
ig_DG7zJbchwR7,instagram,https://www.instagram.com/reel/DG7zJbchwR7/?utm_source=ig_web_copy_link&igsh=MzRlODBiNWFlZA==,ok,C:\bdc_cache\video\ig_DG7zJbchwR7.mp4,C:\bdc_cache\meta\ig_DG7zJbchwR7.json,,19195,15957,,111,,2026-08-07 21:59:29
ig_DGKpBnFSzTN,instagram,https://www.instagram.com/reel/DGKpBnFSzTN/,ok,C:\bdc_cache\video\ig_DGKpBnFSzTN.mp4,C:\bdc_cache\meta\ig_DGKpBnFSzTN.json,,59,0,,1072,,2026-08-07 20:49:40
ig_DGKvY7Lz-z6,instagram,https://www.instagram.com/reel/DGKvY7Lz-z6/?utm_source=ig_web_copy_link&igsh=MzRlODBiNWFlZA==,ok,C:\bdc_cache\video\ig_DGKvY7Lz-z6.mp4,C:\bdc_cache\meta\ig_DGKvY7Lz-z6.json,,28074,1048,,87,,2026-08-07 22:22:14
ig_DGPWEjaTtAS,instagram,https://www.instagram.com/reel/DGPWEjaTtAS/?utm_source=ig_web_copy_link,ok,C:\bdc_cache\video\ig_DGPWEjaTtAS.mp4,C:\bdc_cache\meta\ig_DGPWEjaTtAS.json,,638,52,,192,,2026-08-07 22:30:25
ig_DGQqs6uSQZ2,instagram,https://www.instagram.com/otomotif_tv/reel/DGQqs6uSQZ2/,ok,C:\bdc_cache\video\ig_DGQqs6uSQZ2.mp4,C:\bdc_cache\meta\ig_DGQqs6uSQZ2.json,,1903,83,,388,,2026-08-07 21:15:19
ig_DGSl5zUyuZk,instagram,https://www.instagram.com/reel/DGSl5zUyuZk/?hl=id,ok,C:\bdc_cache\video\ig_DGSl5zUyuZk.mp4,C:\bdc_cache\meta\ig_DGSl5zUyuZk.json,,92,0,,455,,2026-08-07 21:49:21
ig_DGT-0jQz_xm,instagram,https://www.instagram.com/reel/DGT-0jQz_xm/?utm_source=ig_web_copy_link&igsh=MzRlODBiNWFlZA==,ok,C:\bdc_cache\video\ig_DGT-0jQz_xm.mp4,C:\bdc_cache\meta\ig_DGT-0jQz_xm.json,,801,14,,924,,2026-08-07 21:36:37
ig_DGVdOe8zMbx,instagram,https://www.instagram.com/otomotif_tv/reel/DGVdOe8zMbx/,ok,C:\bdc_cache\video\ig_DGVdOe8zMbx.mp4,C:\bdc_cache\meta\ig_DGVdOe8zMbx.json,,681,4,,675,,2026-08-07 21:15:27
ig_DGVfxbYSfzC,instagram,https://www.instagram.com/reel/DGVfxbYSfzC/?igsh=MThyNmluZ3ZzZGR6Yw==,ok,C:\bdc_cache\video\ig_DGVfxbYSfzC.mp4,C:\bdc_cache\meta\ig_DGVfxbYSfzC.json,,12412,50,,428,,2026-08-07 21:46:17
ig_DGVkYrhzf3h,instagram,https://www.instagram.com/reel/DGVkYrhzf3h/?utm_source=ig_web_copy_link&igsh=MzRlODBiNWFlZA==,ok,C:\bdc_cache\video\ig_DGVkYrhzf3h.mp4,C:\bdc_cache\meta\ig_DGVkYrhzf3h.json,,10349,65,,180,,2026-08-07 21:31:38
ig_DGW9kcAz5DN,instagram,https://www.instagram.com/reel/DGW9kcAz5DN/,ok,C:\bdc_cache\video\ig_DGW9kcAz5DN.mp4,C:\bdc_cache\meta\ig_DGW9kcAz5DN.json,,9512,102,,144,,2026-08-07 22:16:45
ig_DGc5DvuyaqN,instagram,https://www.instagram.com/reel/DGc5DvuyaqN/?hl=id,ok,C:\bdc_cache\video\ig_DGc5DvuyaqN.mp4,C:\bdc_cache\meta\ig_DGc5DvuyaqN.json,,206,0,,1469,,2026-08-07 21:53:59
ig_DGdDelfzAwD,instagram,https://www.instagram.com/reel/DGdDelfzAwD/,ok,C:\bdc_cache\video\ig_DGdDelfzAwD.mp4,C:\bdc_cache\meta\ig_DGdDelfzAwD.json,,8878,233,,142,,2026-08-07 22:12:04
ig_DGf0F9eSmj-,instagram,https://www.instagram.com/reel/DGf0F9eSmj-/?hl=id,ok,C:\bdc_cache\video\ig_DGf0F9eSmj-.mp4,C:\bdc_cache\meta\ig_DGf0F9eSmj-.json,,102,16,,358,,2026-08-07 22:28:06
ig_DGfd2gZyeOa,instagram,https://www.instagram.com/reel/DGfd2gZyeOa/?hl=id,ok,C:\bdc_cache\video\ig_DGfd2gZyeOa.mp4,C:\bdc_cache\meta\ig_DGfd2gZyeOa.json,,27,0,,543,,2026-08-07 21:53:51
ig_DGfpHvTyYhM,instagram,https://www.instagram.com/reel/DGfpHvTyYhM/?utm_source=ig_web_copy_link&igsh=MzRlODBiNWFlZA==,ok,C:\bdc_cache\video\ig_DGfpHvTyYhM.mp4,C:\bdc_cache\meta\ig_DGfpHvTyYhM.json,,86988,1526,,415,,2026-08-07 21:31:47
ig_DGmwCehPHVX,instagram,https://www.instagram.com/otomotif_tv/reel/DGmwCehPHVX/,ok,C:\bdc_cache\video\ig_DGmwCehPHVX.mp4,C:\bdc_cache\meta\ig_DGmwCehPHVX.json,,1781,48,,353,,2026-08-07 21:15:10
ig_DGmzQ0Nyjlo,instagram,https://www.instagram.com/reel/DGmzQ0Nyjlo/?igsh=MW5scHM5ZzNpNGlrOQ==,ok,C:\bdc_cache\video\ig_DGmzQ0Nyjlo.mp4,C:\bdc_cache\meta\ig_DGmzQ0Nyjlo.json,,66132,1968,,357,,2026-08-07 20:54:09
ig_DGpzBnQS4HL,instagram,https://www.instagram.com/reel/DGpzBnQS4HL/?igsh=aTA0ODJiNXdpcG5l,ok,C:\bdc_cache\video\ig_DGpzBnQS4HL.mp4,C:\bdc_cache\meta\ig_DGpzBnQS4HL.json,,9750,80,,80,,2026-08-07 22:26:21
ig_DGsKrpyyPZW,instagram,https://instagram.com/p/DGsKrpyyPZW/,failed,,,,,,,,"DownloadError: ERROR: [Instagram] DGsKrpyyPZW: Instagram sent an empty media response. Check if this post is accessible in your browser without being logged-in. If it is not, then use --cookies-from-browser or --cookies for the authentication. See  https://github.com/yt-dlp/yt-dlp/wiki/FAQ#how-do-i-",2026-08-07 21:46:25
ig_DGsQu9JRm79,instagram,https://www.instagram.com/reel/DGsQu9JRm79/?utm_source=ig_web_copy_link&igsh=MzRlODBiNWFlZA==,ok,C:\bdc_cache\video\ig_DGsQu9JRm79.mp4,C:\bdc_cache\meta\ig_DGsQu9JRm79.json,,742,36,,136,,2026-08-07 21:28:21
ig_DGsQvfWxMt6,instagram,https://www.instagram.com/reel/DGsQvfWxMt6/?utm_source=ig_web_copy_link&igsh=MzRlODBiNWFlZA==,ok,C:\bdc_cache\video\ig_DGsQvfWxMt6.mp4,C:\bdc_cache\meta\ig_DGsQvfWxMt6.json,,3631,31,,172,,2026-08-07 22:21:45
ig_DGu41vfRlg-,instagram,https://www.instagram.com/reel/DGu41vfRlg-/?utm_source=ig_web_copy_link&igsh=MzRlODBiNWFlZA==,ok,C:\bdc_cache\video\ig_DGu41vfRlg-.mp4,C:\bdc_cache\meta\ig_DGu41vfRlg-.json,,14368,491,,1349,,2026-08-07 22:21:18
ig_DGuKn9eS6IT,instagram,https://www.instagram.com/reel/DGuKn9eS6IT/?igsh=MTl4ZnBkcWp1MXJzMQ%3D%3D,ok,C:\bdc_cache\video\ig_DGuKn9eS6IT.mp4,C:\bdc_cache\meta\ig_DGuKn9eS6IT.json,,140665,1441,,97,,2026-08-07 20:23:57
ig_DGwrd_DStnQ,instagram,https://www.instagram.com/reel/DGwrd_DStnQ/?igsh=MWY3bTZsZWhydm44ZA==,ok,C:\bdc_cache\video\ig_DGwrd_DStnQ.mp4,C:\bdc_cache\meta\ig_DGwrd_DStnQ.json,,7167,57,,335,,2026-08-07 21:44:32
ig_DGziblxTo_v,instagram,https://www.instagram.com/reel/DGziblxTo_v/?hl=id,ok,C:\bdc_cache\video\ig_DGziblxTo_v.mp4,C:\bdc_cache\meta\ig_DGziblxTo_v.json,,267,0,,1034,,2026-08-07 21:53:42
ig_DH-GDEuTDrH,instagram,https://www.instagram.com/reel/DH-GDEuTDrH/?hl=id,ok,C:\bdc_cache\video\ig_DH-GDEuTDrH.mp4,C:\bdc_cache\meta\ig_DH-GDEuTDrH.json,,276,1,,919,,2026-08-07 21:53:07
ig_DH0pH5vSZQy,instagram,https://www.instagram.com/moladin_id/reel/DH0pH5vSZQy/,ok,C:\bdc_cache\video\ig_DH0pH5vSZQy.mp4,C:\bdc_cache\meta\ig_DH0pH5vSZQy.json,,5961,134,,359,,2026-08-07 22:13:45
ig_DH5DVpFyEXV,instagram,https://www.instagram.com/reel/DH5DVpFyEXV/,ok,C:\bdc_cache\video\ig_DH5DVpFyEXV.mp4,C:\bdc_cache\meta\ig_DH5DVpFyEXV.json,,436,0,,518,,2026-08-07 20:49:16
ig_DHC-rVIzFqv,instagram,https://www.instagram.com/reel/DHC-rVIzFqv/?hl=id,ok,C:\bdc_cache\video\ig_DHC-rVIzFqv.mp4,C:\bdc_cache\meta\ig_DHC-rVIzFqv.json,,227,0,,1411,,2026-08-07 22:27:58
ig_DHFjsc_TWVh,instagram,https://www.instagram.com/reel/DHFjsc_TWVh/?utm_source=ig_web_copy_link&igsh=MzRlODBiNWFlZA==,ok,C:\bdc_cache\video\ig_DHFjsc_TWVh.mp4,C:\bdc_cache\meta\ig_DHFjsc_TWVh.json,,2483,14,,121,,2026-08-07 21:32:43
ig_DHK03enJEes,instagram,https://www.instagram.com/reel/DHK03enJEes/,ok,C:\bdc_cache\video\ig_DHK03enJEes.mp4,C:\bdc_cache\meta\ig_DHK03enJEes.json,,4834,52,,785,,2026-08-07 20:40:55
ig_DHMcfp5zmrx,instagram,https://www.instagram.com/reel/DHMcfp5zmrx/,ok,C:\bdc_cache\video\ig_DHMcfp5zmrx.mp4,C:\bdc_cache\meta\ig_DHMcfp5zmrx.json,,2267,28,,30,,2026-08-07 22:11:38
ig_DHMczehTEgW,instagram,https://www.instagram.com/reel/DHMczehTEgW/,ok,C:\bdc_cache\video\ig_DHMczehTEgW.mp4,C:\bdc_cache\meta\ig_DHMczehTEgW.json,,3486,21,,172,,2026-08-07 20:40:46
ig_DHNEbgDB6_C,instagram,https://www.instagram.com/reel/DHNEbgDB6_C/?utm_source=ig_web_copy_link,ok,C:\bdc_cache\video\ig_DHNEbgDB6_C.mp4,C:\bdc_cache\meta\ig_DHNEbgDB6_C.json,,841,114,,95,,2026-08-07 21:59:18
ig_DHNODLIpQ_y,instagram,https://www.instagram.com/reel/DHNODLIpQ_y/,ok,C:\bdc_cache\video\ig_DHNODLIpQ_y.mp4,C:\bdc_cache\meta\ig_DHNODLIpQ_y.json,,2207,16,,448,,2026-08-07 22:11:29
ig_DHNXNrQyMqc,instagram,https://www.instagram.com/reel/DHNXNrQyMqc/,ok,C:\bdc_cache\video\ig_DHNXNrQyMqc.mp4,C:\bdc_cache\meta\ig_DHNXNrQyMqc.json,,9762,48,,93,,2026-08-07 22:11:21
ig_DHQSOWGzVd1,instagram,https://www.instagram.com/reel/DHQSOWGzVd1/?utm_source=ig_web_copy_link,ok,C:\bdc_cache\video\ig_DHQSOWGzVd1.mp4,C:\bdc_cache\meta\ig_DHQSOWGzVd1.json,,82,7,,498,,2026-08-07 22:06:59
ig_DHTC04Vybkk,instagram,https://www.instagram.com/reel/DHTC04Vybkk/?igsh=MXIzYmx6NXBzdzdqOQ%3D%3D,ok,C:\bdc_cache\video\ig_DHTC04Vybkk.mp4,C:\bdc_cache\meta\ig_DHTC04Vybkk.json,115.3550033569336,256436,2948,,113,,2026-08-08 01:11:10
ig_DHUqgc8y-Vj,instagram,https://www.instagram.com/reel/DHUqgc8y-Vj/?igsh=NGx4dnRndDQ2ang0,failed,,,,,,,,"DownloadError: ERROR: [Instagram] DHUqgc8y-Vj: Instagram sent an empty media response. Check if this post is accessible in your browser without being logged-in. If it is not, then use --cookies-from-browser or --cookies for the authentication. See  https://github.com/yt-dlp/yt-dlp/wiki/FAQ#how-do-i-",2026-08-07 22:26:15
ig_DHVANHRzBpb,instagram,https://www.instagram.com/reel/DHVANHRzBpb/?hl=id,ok,C:\bdc_cache\video\ig_DHVANHRzBpb.mp4,C:\bdc_cache\meta\ig_DHVANHRzBpb.json,,139,1,,519,,2026-08-07 21:53:26
ig_DHX5b6cTPxY,instagram,https://www.instagram.com/reel/DHX5b6cTPxY/,ok,C:\bdc_cache\video\ig_DHX5b6cTPxY.mp4,C:\bdc_cache\meta\ig_DHX5b6cTPxY.json,,5729,68,,338,,2026-08-07 21:03:24
ig_DHXk1LGTQo2,instagram,https://www.instagram.com/reel/DHXk1LGTQo2/?igsh=MTd2NmhrYWZiMGE2Yw==,ok,C:\bdc_cache\video\ig_DHXk1LGTQo2.mp4,C:\bdc_cache\meta\ig_DHXk1LGTQo2.json,,403,5,,224,,2026-08-07 21:54:42
ig_DHXzccxR3hL,instagram,https://www.instagram.com/reel/DHXzccxR3hL/?utm_source=ig_web_copy_link&igsh=MzRlODBiNWFlZA==,ok,C:\bdc_cache\video\ig_DHXzccxR3hL.mp4,C:\bdc_cache\meta\ig_DHXzccxR3hL.json,,372,32,,85,,2026-08-07 21:59:06
ig_DHanJvYJ5-D,instagram,https://www.instagram.com/otomotif_tv/reel/DHanJvYJ5-D/,ok,C:\bdc_cache\video\ig_DHanJvYJ5-D.mp4,C:\bdc_cache\meta\ig_DHanJvYJ5-D.json,,585,60,,740,,2026-08-07 21:15:01
ig_DHdOWYPRngR,instagram,https://www.instagram.com/reel/DHdOWYPRngR/?utm_source=ig_web_copy_link&igsh=MzRlODBiNWFlZA==,ok,C:\bdc_cache\video\ig_DHdOWYPRngR.mp4,C:\bdc_cache\meta\ig_DHdOWYPRngR.json,,19597,523,,1037,,2026-08-07 21:24:48
ig_DHdhJZfhnbw,instagram,https://www.instagram.com/reel/DHdhJZfhnbw/?utm_source=ig_web_copy_link&igsh=MzRlODBiNWFlZA==,ok,C:\bdc_cache\video\ig_DHdhJZfhnbw.mp4,C:\bdc_cache\meta\ig_DHdhJZfhnbw.json,,2925,377,,95,,2026-08-07 21:58:56
ig_DHdsmZEyc94,instagram,https://www.instagram.com/reel/DHdsmZEyc94/,ok,C:\bdc_cache\video\ig_DHdsmZEyc94.mp4,C:\bdc_cache\meta\ig_DHdsmZEyc94.json,,411,20,,554,,2026-08-07 22:13:27
ig_DHfoGSPTG67,instagram,https://www.instagram.com/reel/DHfoGSPTG67/,ok,C:\bdc_cache\video\ig_DHfoGSPTG67.mp4,C:\bdc_cache\meta\ig_DHfoGSPTG67.json,,8877,107,,16,,2026-08-07 21:03:06
ig_DHfq6pzz5va,instagram,https://www.instagram.com/reel/DHfq6pzz5va/,ok,C:\bdc_cache\video\ig_DHfq6pzz5va.mp4,C:\bdc_cache\meta\ig_DHfq6pzz5va.json,,10058,43,,131,,2026-08-07 20:41:45
ig_DHkjTIYx70F,instagram,https://www.instagram.com/reel/DHkjTIYx70F/?igsh=MWY3am80ZGc2aXdsOQ==,ok,C:\bdc_cache\video\ig_DHkjTIYx70F.mp4,C:\bdc_cache\meta\ig_DHkjTIYx70F.json,,1291,88,,381,,2026-08-07 21:54:50
ig_DHnNXV3JFse,instagram,https://www.instagram.com/reel/DHnNXV3JFse/,ok,C:\bdc_cache\video\ig_DHnNXV3JFse.mp4,C:\bdc_cache\meta\ig_DHnNXV3JFse.json,,3171,43,,722,,2026-08-07 20:40:37
ig_DHoTHN3zNpE,instagram,https://www.instagram.com/reel/DHoTHN3zNpE/?utm_source=ig_web_copy_link&igsh=MzRlODBiNWFlZA==,ok,C:\bdc_cache\video\ig_DHoTHN3zNpE.mp4,C:\bdc_cache\meta\ig_DHoTHN3zNpE.json,,358272,5841,,84,,2026-08-07 21:30:40
ig_DHoxp-nTr5A,instagram,https://www.instagram.com/reel/DHoxp-nTr5A/,ok,C:\bdc_cache\video\ig_DHoxp-nTr5A.mp4,C:\bdc_cache\meta\ig_DHoxp-nTr5A.json,,1212,30,,38,,2026-08-07 20:40:27
ig_DHp-TW1yo-x,instagram,https://www.instagram.com/reel/DHp-TW1yo-x/,ok,C:\bdc_cache\video\ig_DHp-TW1yo-x.mp4,C:\bdc_cache\meta\ig_DHp-TW1yo-x.json,,2249,33,,235,,2026-08-07 22:11:13
ig_DHppRXQyl6Q,instagram,https://www.instagram.com/reel/DHppRXQyl6Q/,ok,C:\bdc_cache\video\ig_DHppRXQyl6Q.mp4,C:\bdc_cache\meta\ig_DHppRXQyl6Q.json,,6133,29,,183,,2026-08-07 20:40:18
ig_DHqFhQ9vp-O,instagram,https://www.instagram.com/reel/DHqFhQ9vp-O/?hl=id,ok,C:\bdc_cache\video\ig_DHqFhQ9vp-O.mp4,C:\bdc_cache\meta\ig_DHqFhQ9vp-O.json,,50,0,,528,,2026-08-07 21:53:18
ig_DHqIf4GzSSJ,instagram,https://www.instagram.com/reel/DHqIf4GzSSJ/,ok,C:\bdc_cache\video\ig_DHqIf4GzSSJ.mp4,C:\bdc_cache\meta\ig_DHqIf4GzSSJ.json,,4851,35,,267,,2026-08-07 21:03:16
ig_DHqKyb0yi6S,instagram,https://www.instagram.com/reel/DHqKyb0yi6S/?igsh=anI4YnN4bzR3emU1,ok,C:\bdc_cache\video\ig_DHqKyb0yi6S.mp4,C:\bdc_cache\meta\ig_DHqKyb0yi6S.json,,35618,506,,215,,2026-08-07 21:44:40
ig_DHqYoypJhJm,instagram,https://www.instagram.com/otomotif_tv/reel/DHqYoypJhJm/,ok,C:\bdc_cache\video\ig_DHqYoypJhJm.mp4,C:\bdc_cache\meta\ig_DHqYoypJhJm.json,,2808,111,,254,,2026-08-07 21:14:33
ig_DHrWmL0zzRB,instagram,https://www.instagram.com/reel/DHrWmL0zzRB/,ok,C:\bdc_cache\video\ig_DHrWmL0zzRB.mp4,C:\bdc_cache\meta\ig_DHrWmL0zzRB.json,,1362,7,,37,,2026-08-07 20:40:08
ig_DHt61dSzxF5,instagram,https://www.instagram.com/reel/DHt61dSzxF5/,ok,C:\bdc_cache\video\ig_DHt61dSzxF5.mp4,C:\bdc_cache\meta\ig_DHt61dSzxF5.json,,723,2,,35,,2026-08-07 20:40:00
ig_DHubvAIyjA_,instagram,https://www.instagram.com/reel/DHubvAIyjA_/?igsh=anp1aGhqM2docmd5,ok,C:\bdc_cache\video\ig_DHubvAIyjA_.mp4,C:\bdc_cache\meta\ig_DHubvAIyjA_.json,,23551,240,,115,,2026-08-07 20:38:43
ig_DHuzjz-yZON,instagram,https://www.instagram.com/reel/DHuzjz-yZON/?igsh=MWViYjBtbDg4bGEwcQ==,ok,C:\bdc_cache\video\ig_DHuzjz-yZON.mp4,C:\bdc_cache\meta\ig_DHuzjz-yZON.json,,4605,35,,366,,2026-08-07 22:15:30
ig_DHwfy_cT9QI,instagram,https://www.instagram.com/reel/DHwfy_cT9QI/,ok,C:\bdc_cache\video\ig_DHwfy_cT9QI.mp4,C:\bdc_cache\meta\ig_DHwfy_cT9QI.json,,2369,39,,39,,2026-08-07 20:39:52
ig_DI0vYVERmjI,instagram,https://www.instagram.com/reel/DI0vYVERmjI/?utm_source=ig_web_copy_link,ok,C:\bdc_cache\video\ig_DI0vYVERmjI.mp4,C:\bdc_cache\meta\ig_DI0vYVERmjI.json,,7797,83,,626,,2026-08-07 21:27:55
ig_DI1C7yEBiqe,instagram,https://www.instagram.com/reel/DI1C7yEBiqe/,ok,C:\bdc_cache\video\ig_DI1C7yEBiqe.mp4,C:\bdc_cache\meta\ig_DI1C7yEBiqe.json,,228,6,,623,,2026-08-07 22:13:19
ig_DI24B5NS1Ng,instagram,https://www.instagram.com/reel/DI24B5NS1Ng/?igsh=MTh6d2pjcXRsZmZ2aw%3D%3D,ok,C:\bdc_cache\video\ig_DI24B5NS1Ng.mp4,C:\bdc_cache\meta\ig_DI24B5NS1Ng.json,,13115,136,,223,,2026-08-07 20:23:07
ig_DI50BT5y4Hb,instagram,https://www.instagram.com/reel/DI50BT5y4Hb/?igsh=MTViNHhxejBhZnl3dg==,ok,C:\bdc_cache\video\ig_DI50BT5y4Hb.mp4,C:\bdc_cache\meta\ig_DI50BT5y4Hb.json,,27222,344,,292,,2026-08-07 22:14:19
ig_DI8zcF4yMIj,instagram,https://www.instagram.com/reel/DI8zcF4yMIj/?utm_source=ig_web_copy_link&igsh=MzRlODBiNWFlZA==,ok,C:\bdc_cache\video\ig_DI8zcF4yMIj.mp4,C:\bdc_cache\meta\ig_DI8zcF4yMIj.json,,1262,5,,325,,2026-08-07 21:37:46
ig_DIDobXFv_kT,instagram,https://www.instagram.com/reel/DIDobXFv_kT/?utm_source=ig_web_copy_link&igsh=MzRlODBiNWFlZA==,ok,C:\bdc_cache\video\ig_DIDobXFv_kT.mp4,C:\bdc_cache\meta\ig_DIDobXFv_kT.json,,212,2,,94,,2026-08-07 22:06:52
ig_DIJCesyRjMz,instagram,https://www.instagram.com/reel/DIJCesyRjMz/?hl=id,ok,C:\bdc_cache\video\ig_DIJCesyRjMz.mp4,C:\bdc_cache\meta\ig_DIJCesyRjMz.json,,598,12,,483,,2026-08-07 21:52:59
ig_DIKxaN2TXsS,instagram,https://www.instagram.com/reel/DIKxaN2TXsS/?utm_source=ig_web_copy_link&igsh=MzRlODBiNWFlZA==,ok,C:\bdc_cache\video\ig_DIKxaN2TXsS.mp4,C:\bdc_cache\meta\ig_DIKxaN2TXsS.json,,914,19,,270,,2026-08-07 22:01:44
ig_DILI4hbxFvy,instagram,https://www.instagram.com/reel/DILI4hbxFvy/?utm_source=ig_web_copy_link&igsh=MzRlODBiNWFlZA==,ok,C:\bdc_cache\video\ig_DILI4hbxFvy.mp4,C:\bdc_cache\meta\ig_DILI4hbxFvy.json,,3135,369,,118,,2026-08-07 21:58:47
ig_DILkjVTRceX,instagram,https://www.instagram.com/reel/DILkjVTRceX/?utm_source=ig_web_copy_link&igsh=MzRlODBiNWFlZA==,ok,C:\bdc_cache\video\ig_DILkjVTRceX.mp4,C:\bdc_cache\meta\ig_DILkjVTRceX.json,,40390,479,,1151,,2026-08-07 21:24:40
ig_DIPxjcdSdYv,instagram,https://www.instagram.com/reel/DIPxjcdSdYv/,ok,C:\bdc_cache\video\ig_DIPxjcdSdYv.mp4,C:\bdc_cache\meta\ig_DIPxjcdSdYv.json,,3414,51,,100,,2026-08-07 20:43:24
ig_DIQvqyBR1r-,instagram,https://www.instagram.com/reel/DIQvqyBR1r-/?utm_source=ig_web_copy_link&igsh=MzRlODBiNWFlZA==,ok,C:\bdc_cache\video\ig_DIQvqyBR1r-.mp4,C:\bdc_cache\meta\ig_DIQvqyBR1r-.json,,8398,138,,1521,,2026-08-07 21:24:31
ig_DITVpnbTrvK,instagram,https://www.instagram.com/reel/DITVpnbTrvK/?hl=id,ok,C:\bdc_cache\video\ig_DITVpnbTrvK.mp4,C:\bdc_cache\meta\ig_DITVpnbTrvK.json,,48,0,,519,,2026-08-07 21:52:47
ig_DIV-dAmz2Ny,instagram,https://www.instagram.com/reel/DIV-dAmz2Ny/?utm_source=ig_web_copy_link&igsh=MzRlODBiNWFlZA==,ok,C:\bdc_cache\video\ig_DIV-dAmz2Ny.mp4,C:\bdc_cache\meta\ig_DIV-dAmz2Ny.json,,704,17,,77,,2026-08-07 21:28:11
ig_DIYnoCfT-bt,instagram,https://www.instagram.com/reel/DIYnoCfT-bt/,ok,C:\bdc_cache\video\ig_DIYnoCfT-bt.mp4,C:\bdc_cache\meta\ig_DIYnoCfT-bt.json,,11872,71,,848,,2026-08-07 21:22:09
ig_DI_U3jSzixs,instagram,https://www.instagram.com/reel/DI_U3jSzixs/?hl=id,ok,C:\bdc_cache\video\ig_DI_U3jSzixs.mp4,C:\bdc_cache\meta\ig_DI_U3jSzixs.json,,32,0,,570,,2026-08-07 21:52:22
ig_DIbKUhAyTQ0,instagram,https://instagram.com/p/DIbKUhAyTQ0/,ok,C:\bdc_cache\video\ig_DIbKUhAyTQ0.mp4,C:\bdc_cache\meta\ig_DIbKUhAyTQ0.json,68.66600036621094,10230,217,,238,,2026-08-07 21:44:48
ig_DIeEU4QT63m,instagram,https://www.instagram.com/reel/DIeEU4QT63m/,ok,C:\bdc_cache\video\ig_DIeEU4QT63m.mp4,C:\bdc_cache\meta\ig_DIeEU4QT63m.json,,30374,154,,237,,2026-08-07 21:03:41
ig_DIgc83ySemo,instagram,https://www.instagram.com/reel/DIgc83ySemo/?utm_source=ig_web_copy_link&igsh=MzRlODBiNWFlZA==,ok,C:\bdc_cache\video\ig_DIgc83ySemo.mp4,C:\bdc_cache\meta\ig_DIgc83ySemo.json,,942,11,,1168,,2026-08-07 21:35:57
ig_DIlVg8KRPlj,instagram,https://www.instagram.com/reel/DIlVg8KRPlj/?utm_source=ig_web_copy_link,ok,C:\bdc_cache\video\ig_DIlVg8KRPlj.mp4,C:\bdc_cache\meta\ig_DIlVg8KRPlj.json,,2117,83,,138,,2026-08-07 21:28:03
ig_DIlmd-4SO7s,instagram,https://www.instagram.com/reel/DIlmd-4SO7s/,ok,C:\bdc_cache\video\ig_DIlmd-4SO7s.mp4,C:\bdc_cache\meta\ig_DIlmd-4SO7s.json,,1625,126,,609,,2026-08-07 20:49:08
ig_DIq791DyhWA,instagram,https://www.instagram.com/reel/DIq791DyhWA/?igsh=MWF3eWN0MHR5b2c1MQ==,ok,C:\bdc_cache\video\ig_DIq791DyhWA.mp4,C:\bdc_cache\meta\ig_DIq791DyhWA.json,,27660,314,,32,,2026-08-07 22:26:07
ig_DItFdaJz6m9,instagram,https://www.instagram.com/reel/DItFdaJz6m9/?hl=id,ok,C:\bdc_cache\video\ig_DItFdaJz6m9.mp4,C:\bdc_cache\meta\ig_DItFdaJz6m9.json,,34,0,,429,,2026-08-07 21:52:39
ig_DIthToJzFls,instagram,https://www.instagram.com/reel/DIthToJzFls/,ok,C:\bdc_cache\video\ig_DIthToJzFls.mp4,C:\bdc_cache\meta\ig_DIthToJzFls.json,,12522,92,,155,,2026-08-07 21:01:24
ig_DIu8g5XSNwT,instagram,https://www.instagram.com/reel/DIu8g5XSNwT/?igsh=ejI0aWFzbDJpZmF4,ok,C:\bdc_cache\video\ig_DIu8g5XSNwT.mp4,C:\bdc_cache\meta\ig_DIu8g5XSNwT.json,,256206,3156,,184,,2026-08-07 20:38:34
ig_DIv0YHdyB5I,instagram,https://instagram.com/p/DIv0YHdyB5I/,ok,C:\bdc_cache\video\ig_DIv0YHdyB5I.mp4,C:\bdc_cache\meta\ig_DIv0YHdyB5I.json,,11886,74,,159,,2026-08-07 21:44:53
ig_DIxchZfIBBj,instagram,https://www.instagram.com/jagat.review/reel/DIxchZfIBBj/,ok,C:\bdc_cache\video\ig_DIxchZfIBBj.mp4,C:\bdc_cache\meta\ig_DIxchZfIBBj.json,,555,34,,298,,2026-08-07 22:20:17
ig_DIyUyveT0SA,instagram,https://www.instagram.com/reel/DIyUyveT0SA/?igsh=ZTEyaGRjc2dpZzhi,ok,C:\bdc_cache\video\ig_DIyUyveT0SA.mp4,C:\bdc_cache\meta\ig_DIyUyveT0SA.json,,409,30,,306,,2026-08-07 22:28:55
ig_DJ1JEKvx6vX,instagram,https://www.instagram.com/jagat.review/reel/DJ1JEKvx6vX/,ok,C:\bdc_cache\video\ig_DJ1JEKvx6vX.mp4,C:\bdc_cache\meta\ig_DJ1JEKvx6vX.json,,2569,113,,305,,2026-08-07 21:18:49
ig_DJ3-adDTEyM,instagram,https://www.instagram.com/reel/DJ3-adDTEyM/?hl=id,ok,C:\bdc_cache\video\ig_DJ3-adDTEyM.mp4,C:\bdc_cache\meta\ig_DJ3-adDTEyM.json,,1386,0,,910,,2026-08-07 21:51:48
ig_DJ3CggBSV0c,instagram,https://www.instagram.com/reel/DJ3CggBSV0c/?igsh=emx2ZXFpc2lrYmt6,ok,C:\bdc_cache\video\ig_DJ3CggBSV0c.mp4,C:\bdc_cache\meta\ig_DJ3CggBSV0c.json,,19284,315,,158,,2026-08-07 20:22:51
ig_DJ3wmd7PCCv,instagram,https://www.instagram.com/reel/DJ3wmd7PCCv/,ok,C:\bdc_cache\video\ig_DJ3wmd7PCCv.mp4,C:\bdc_cache\meta\ig_DJ3wmd7PCCv.json,,1625,27,,249,,2026-08-07 20:43:33
ig_DJ5sGBJPo-t,instagram,https://www.instagram.com/reel/DJ5sGBJPo-t/,ok,C:\bdc_cache\video\ig_DJ5sGBJPo-t.mp4,C:\bdc_cache\meta\ig_DJ5sGBJPo-t.json,,3853,77,,160,,2026-08-07 20:43:42
ig_DJ6jYu2T7G-,instagram,https://www.instagram.com/reel/DJ6jYu2T7G-/,ok,C:\bdc_cache\video\ig_DJ6jYu2T7G-.mp4,C:\bdc_cache\meta\ig_DJ6jYu2T7G-.json,,6064,73,,127,,2026-08-07 20:57:45
ig_DJ6v90oT6gf,instagram,https://www.instagram.com/reel/DJ6v90oT6gf/,ok,C:\bdc_cache\video\ig_DJ6v90oT6gf.mp4,C:\bdc_cache\meta\ig_DJ6v90oT6gf.json,,5537,69,,113,,2026-08-07 20:57:55
ig_DJ835krx3c5,instagram,https://www.instagram.com/reel/DJ835krx3c5/?utm_source=ig_web_copy_link&igsh=MzRlODBiNWFlZA==,ok,C:\bdc_cache\video\ig_DJ835krx3c5.mp4,C:\bdc_cache\meta\ig_DJ835krx3c5.json,,29406,548,,1178,,2026-08-07 22:21:09
ig_DJ9CDZnB6Em,instagram,https://www.instagram.com/reel/DJ9CDZnB6Em/,ok,C:\bdc_cache\video\ig_DJ9CDZnB6Em.mp4,C:\bdc_cache\meta\ig_DJ9CDZnB6Em.json,,903,32,,249,,2026-08-07 20:47:12
ig_DJ9CRHlPX1f,instagram,https://www.instagram.com/reel/DJ9CRHlPX1f/,ok,C:\bdc_cache\video\ig_DJ9CRHlPX1f.mp4,C:\bdc_cache\meta\ig_DJ9CRHlPX1f.json,,6192,127,,74,,2026-08-07 20:46:47
ig_DJ9NPQSvxPw,instagram,https://www.instagram.com/reel/DJ9NPQSvxPw/?hl=id,ok,C:\bdc_cache\video\ig_DJ9NPQSvxPw.mp4,C:\bdc_cache\meta\ig_DJ9NPQSvxPw.json,,34,0,,433,,2026-08-07 22:27:35
ig_DJEQxnoPEJK,instagram,https://www.instagram.com/reel/DJEQxnoPEJK/?hl=id,ok,C:\bdc_cache\video\ig_DJEQxnoPEJK.mp4,C:\bdc_cache\meta\ig_DJEQxnoPEJK.json,,27,0,,546,,2026-08-07 21:52:11
ig_DJGWk0tJwe8,instagram,https://www.instagram.com/reel/DJGWk0tJwe8/,ok,C:\bdc_cache\video\ig_DJGWk0tJwe8.mp4,C:\bdc_cache\meta\ig_DJGWk0tJwe8.json,,21551,673,,133,,2026-08-07 22:11:06
ig_DJGz0HoRzAM,instagram,https://www.instagram.com/reel/DJGz0HoRzAM/?utm_source=ig_web_copy_link&igsh=MzRlODBiNWFlZA==,ok,C:\bdc_cache\video\ig_DJGz0HoRzAM.mp4,C:\bdc_cache\meta\ig_DJGz0HoRzAM.json,,242,11,,65,,2026-08-07 21:27:47
ig_DJJ4Z62SqvM,instagram,https://www.instagram.com/reel/DJJ4Z62SqvM/?igsh=MXJ2cTI0bjBuYjZzcw==,ok,C:\bdc_cache\video\ig_DJJ4Z62SqvM.mp4,C:\bdc_cache\meta\ig_DJJ4Z62SqvM.json,,4433,53,,81,,2026-08-07 21:46:31
ig_DJJHBZ5Sr_6,instagram,https://instagram.com/p/DJJHBZ5Sr_6/,ok,C:\bdc_cache\video\ig_DJJHBZ5Sr_6.mp4,C:\bdc_cache\meta\ig_DJJHBZ5Sr_6.json,,13795,134,,134,,2026-08-07 21:45:01
ig_DJJYlBxT21r,instagram,https://www.instagram.com/reel/DJJYlBxT21r/?utm_source=ig_web_copy_link&igsh=MzRlODBiNWFlZA==,ok,C:\bdc_cache\video\ig_DJJYlBxT21r.mp4,C:\bdc_cache\meta\ig_DJJYlBxT21r.json,,10585,104,,85,,2026-08-07 21:27:38
ig_DJK3Q_IzBmV,instagram,https://www.instagram.com/otomotif_tv/reel/DJK3Q_IzBmV/,ok,C:\bdc_cache\video\ig_DJK3Q_IzBmV.mp4,C:\bdc_cache\meta\ig_DJK3Q_IzBmV.json,,317,13,,407,,2026-08-07 21:14:52
ig_DJLkyiHzct1,instagram,https://www.instagram.com/reel/DJLkyiHzct1/,ok,C:\bdc_cache\video\ig_DJLkyiHzct1.mp4,C:\bdc_cache\meta\ig_DJLkyiHzct1.json,,49982,2075,,704,,2026-08-07 21:03:50
ig_DJLpZPuxSZY,instagram,https://www.instagram.com/otomotif_tv/reel/DJLpZPuxSZY/,ok,C:\bdc_cache\video\ig_DJLpZPuxSZY.mp4,C:\bdc_cache\meta\ig_DJLpZPuxSZY.json,,514,17,,353,,2026-08-07 21:14:42
ig_DJOn8XiTwyN,instagram,https://www.instagram.com/reel/DJOn8XiTwyN/?utm_source=ig_web_copy_link&igsh=MzRlODBiNWFlZA==,ok,C:\bdc_cache\video\ig_DJOn8XiTwyN.mp4,C:\bdc_cache\meta\ig_DJOn8XiTwyN.json,,5014,1400,,430,,2026-08-07 21:27:30
ig_DJQT-oLtCCx,instagram,https://www.instagram.com/reel/DJQT-oLtCCx/?utm_source=ig_web_copy_link,ok,C:\bdc_cache\video\ig_DJQT-oLtCCx.mp4,C:\bdc_cache\meta\ig_DJQT-oLtCCx.json,,1311,19,,191,,2026-08-07 22:01:07
ig_DJRcLlWvb8R,instagram,https://www.instagram.com/reel/DJRcLlWvb8R/,ok,C:\bdc_cache\video\ig_DJRcLlWvb8R.mp4,C:\bdc_cache\meta\ig_DJRcLlWvb8R.json,,1987,6,,170,,2026-08-07 20:42:28
ig_DJTQJ6zJA33,instagram,https://www.instagram.com/reel/DJTQJ6zJA33/,ok,C:\bdc_cache\video\ig_DJTQJ6zJA33.mp4,C:\bdc_cache\meta\ig_DJTQJ6zJA33.json,,4917,93,,253,,2026-08-07 20:27:56
ig_DJTspLTqKHT,instagram,https://www.instagram.com/reel/DJTspLTqKHT/?igsh=MWVoa3B0Y240dXk0Yw%3D%3D,ok,C:\bdc_cache\video\ig_DJTspLTqKHT.mp4,C:\bdc_cache\meta\ig_DJTspLTqKHT.json,,60,2,,181,,2026-08-07 22:06:44
ig_DJWSQBhxALE,instagram,https://www.instagram.com/reel/DJWSQBhxALE/?hl=id,failed,,,,,,,,DownloadError: ERROR: [Instagram] DJWSQBhxALE: This content isn't available to everyone: It can't be seen by certain audiences.,2026-08-07 21:52:02
ig_DJWYRiby-cY,instagram,https://www.instagram.com/reel/DJWYRiby-cY/,ok,C:\bdc_cache\video\ig_DJWYRiby-cY.mp4,C:\bdc_cache\meta\ig_DJWYRiby-cY.json,,423,5,,417,,2026-08-07 22:13:11
ig_DJWhd5lyqWL,instagram,https://www.instagram.com/reel/DJWhd5lyqWL/?igsh=MWd6ZjZ0cHF6b2ludg==,ok,C:\bdc_cache\video\ig_DJWhd5lyqWL.mp4,C:\bdc_cache\meta\ig_DJWhd5lyqWL.json,,5083,30,,164,,2026-08-07 22:26:30
ig_DJYt9haJ4uh,instagram,https://www.instagram.com/reel/DJYt9haJ4uh/,ok,C:\bdc_cache\video\ig_DJYt9haJ4uh.mp4,C:\bdc_cache\meta\ig_DJYt9haJ4uh.json,,4675,121,,138,,2026-08-07 22:10:57
ig_DJZEyNYRAge,instagram,https://www.instagram.com/reel/DJZEyNYRAge/?hl=id,ok,C:\bdc_cache\video\ig_DJZEyNYRAge.mp4,C:\bdc_cache\meta\ig_DJZEyNYRAge.json,,836,8,,426,,2026-08-07 22:27:49
ig_DJ_31q2pmIB,instagram,https://www.instagram.com/reel/DJ_31q2pmIB/,ok,C:\bdc_cache\video\ig_DJ_31q2pmIB.mp4,C:\bdc_cache\meta\ig_DJ_31q2pmIB.json,,1860,28,,86,,2026-08-07 22:10:41
ig_DJ_pmxePpO0,instagram,https://www.instagram.com/reel/DJ_pmxePpO0/,ok,C:\bdc_cache\video\ig_DJ_pmxePpO0.mp4,C:\bdc_cache\meta\ig_DJ_pmxePpO0.json,,10163,257,,55,,2026-08-07 20:46:57
ig_DJ_vMG1S3t2,instagram,https://instagram.com/p/DJ_vMG1S3t2/,ok,C:\bdc_cache\video\ig_DJ_vMG1S3t2.mp4,C:\bdc_cache\meta\ig_DJ_vMG1S3t2.json,,4634,58,,166,,2026-08-07 22:25:58
ig_DJ_x5YVPNwG,instagram,https://www.instagram.com/reel/DJ_x5YVPNwG/,ok,C:\bdc_cache\video\ig_DJ_x5YVPNwG.mp4,C:\bdc_cache\meta\ig_DJ_x5YVPNwG.json,,2317,17,,85,,2026-08-07 20:42:20
ig_DJa-JEDJv2q,instagram,https://www.instagram.com/reel/DJa-JEDJv2q/?utm_source=ig_web_copy_link&igsh=MzRlODBiNWFlZA==,ok,C:\bdc_cache\video\ig_DJa-JEDJv2q.mp4,C:\bdc_cache\meta\ig_DJa-JEDJv2q.json,,228,3,,524,,2026-08-07 21:34:49
ig_DJbQPPKSja2,instagram,https://www.instagram.com/reel/DJbQPPKSja2/?utm_source=ig_web_copy_link&igsh=MzRlODBiNWFlZA==,ok,C:\bdc_cache\video\ig_DJbQPPKSja2.mp4,C:\bdc_cache\meta\ig_DJbQPPKSja2.json,,3,16,,1136,,2026-08-07 21:32:35
ig_DJbVDSOx9Nk,instagram,https://www.instagram.com/reel/DJbVDSOx9Nk/?utm_source=ig_web_copy_link&igsh=MzRlODBiNWFlZA==,ok,C:\bdc_cache\video\ig_DJbVDSOx9Nk.mp4,C:\bdc_cache\meta\ig_DJbVDSOx9Nk.json,,1262,66,,60,,2026-08-07 21:27:06
ig_DJbiKpfSoQS,instagram,https://www.instagram.com/reel/DJbiKpfSoQS/?igsh=MTIzcWo1enhibjUydw%3D%3D,ok,C:\bdc_cache\video\ig_DJbiKpfSoQS.mp4,C:\bdc_cache\meta\ig_DJbiKpfSoQS.json,,156720,1895,,152,,2026-08-07 20:22:59
ig_DJbpoiZRBsL,instagram,https://www.instagram.com/reel/DJbpoiZRBsL/?hl=id,ok,C:\bdc_cache\video\ig_DJbpoiZRBsL.mp4,C:\bdc_cache\meta\ig_DJbpoiZRBsL.json,,1034,15,,422,,2026-08-07 22:27:42
ig_DJdL3I_vyn7,instagram,https://www.instagram.com/reel/DJdL3I_vyn7/,ok,C:\bdc_cache\video\ig_DJdL3I_vyn7.mp4,C:\bdc_cache\meta\ig_DJdL3I_vyn7.json,,2918,38,,61,,2026-08-07 20:43:53
ig_DJgfuikRLwi,instagram,https://www.instagram.com/reel/DJgfuikRLwi/?utm_source=ig_web_copy_link&igsh=MzRlODBiNWFlZA==,ok,C:\bdc_cache\video\ig_DJgfuikRLwi.mp4,C:\bdc_cache\meta\ig_DJgfuikRLwi.json,,6138,153,,98,,2026-08-07 21:27:14
ig_DJhUFq8vZQK,instagram,https://www.instagram.com/reel/DJhUFq8vZQK/,ok,C:\bdc_cache\video\ig_DJhUFq8vZQK.mp4,C:\bdc_cache\meta\ig_DJhUFq8vZQK.json,,12657,817,,60,,2026-08-07 20:44:02
ig_DJiHJRXzxEW,instagram,https://www.instagram.com/reel/DJiHJRXzxEW/,ok,C:\bdc_cache\video\ig_DJiHJRXzxEW.mp4,C:\bdc_cache\meta\ig_DJiHJRXzxEW.json,,6367,26,,78,,2026-08-07 22:10:50
ig_DJiX-UIvH9_,instagram,https://www.instagram.com/reel/DJiX-UIvH9_/,ok,C:\bdc_cache\video\ig_DJiX-UIvH9_.mp4,C:\bdc_cache\meta\ig_DJiX-UIvH9_.json,,45095,920,,45,,2026-08-07 20:44:10
ig_DJlvZ19pO3Z,instagram,https://www.instagram.com/reel/DJlvZ19pO3Z/,ok,C:\bdc_cache\video\ig_DJlvZ19pO3Z.mp4,C:\bdc_cache\meta\ig_DJlvZ19pO3Z.json,,2759,33,,133,,2026-08-07 20:27:48
ig_DJlxfv8yoVX,instagram,https://www.instagram.com/reel/DJlxfv8yoVX/?igsh=OWg2OTczd2M1cTNm,ok,C:\bdc_cache\video\ig_DJlxfv8yoVX.mp4,C:\bdc_cache\meta\ig_DJlxfv8yoVX.json,,15985,251,,129,,2026-08-07 22:10:08
ig_DJoU1SfxMXf,instagram,https://www.instagram.com/reel/DJoU1SfxMXf/?utm_source=ig_web_copy_link&igsh=MzRlODBiNWFlZA==,ok,C:\bdc_cache\video\ig_DJoU1SfxMXf.mp4,C:\bdc_cache\meta\ig_DJoU1SfxMXf.json,,1512,37,,49,,2026-08-07 21:27:22
ig_DJoejAOS-h2,instagram,https://www.instagram.com/reel/DJoejAOS-h2/,ok,C:\bdc_cache\video\ig_DJoejAOS-h2.mp4,C:\bdc_cache\meta\ig_DJoejAOS-h2.json,,336,3,,495,,2026-08-07 20:52:52
ig_DJofVAHTuMI,instagram,https://www.instagram.com/reel/DJofVAHTuMI/?igsh=Y2hvdHd0cHluMXFs,ok,C:\bdc_cache\video\ig_DJofVAHTuMI.mp4,C:\bdc_cache\meta\ig_DJofVAHTuMI.json,,456,7,,280,,2026-08-07 21:55:08
ig_DJotEW7T_4b,instagram,https://www.instagram.com/reel/DJotEW7T_4b/,ok,C:\bdc_cache\video\ig_DJotEW7T_4b.mp4,C:\bdc_cache\meta\ig_DJotEW7T_4b.json,,7446,93,,58,,2026-08-07 21:01:14
ig_DJova1xBz34,instagram,https://www.instagram.com/reel/DJova1xBz34/?igsh=MTY4bGEyZWYzeG4xMg==,ok,C:\bdc_cache\video\ig_DJova1xBz34.mp4,C:\bdc_cache\meta\ig_DJova1xBz34.json,,10645,148,,97,,2026-08-07 21:45:50
ig_DJqtB7upaqL,instagram,https://www.instagram.com/reel/DJqtB7upaqL/,ok,C:\bdc_cache\video\ig_DJqtB7upaqL.mp4,C:\bdc_cache\meta\ig_DJqtB7upaqL.json,,3786,71,,298,,2026-08-07 20:27:40
ig_DJrKhl0tg2k,instagram,https://www.instagram.com/reel/DJrKhl0tg2k/,ok,C:\bdc_cache\video\ig_DJrKhl0tg2k.mp4,C:\bdc_cache\meta\ig_DJrKhl0tg2k.json,,774,7,,253,,2026-08-07 20:47:24
ig_DJrZS4wvzA1,instagram,https://www.instagram.com/reel/DJrZS4wvzA1/,ok,C:\bdc_cache\video\ig_DJrZS4wvzA1.mp4,C:\bdc_cache\meta\ig_DJrZS4wvzA1.json,,1006,10,,187,,2026-08-07 20:44:19
ig_DJrjeGsSIyc,instagram,https://www.instagram.com/reel/DJrjeGsSIyc/,ok,C:\bdc_cache\video\ig_DJrjeGsSIyc.mp4,C:\bdc_cache\meta\ig_DJrjeGsSIyc.json,,692,62,,334,,2026-08-07 20:49:00
ig_DJsXnLOha8u,instagram,https://www.instagram.com/reel/DJsXnLOha8u/,ok,C:\bdc_cache\video\ig_DJsXnLOha8u.mp4,C:\bdc_cache\meta\ig_DJsXnLOha8u.json,,18128,186,,120,,2026-08-07 20:44:28
ig_DJsx6eyqa8U,instagram,https://www.instagram.com/reel/DJsx6eyqa8U/?utm_source=ig_web_copy_link&igsh=MzRlODBiNWFlZA==,ok,C:\bdc_cache\video\ig_DJsx6eyqa8U.mp4,C:\bdc_cache\meta\ig_DJsx6eyqa8U.json,,57,1,,800,,2026-08-07 21:34:40
ig_DJtG-oUylM-,instagram,https://www.instagram.com/otomotif_tv/reel/DJtG-oUylM-/,ok,C:\bdc_cache\video\ig_DJtG-oUylM-.mp4,C:\bdc_cache\meta\ig_DJtG-oUylM-.json,,359,41,,409,,2026-08-07 22:19:28
ig_DJvbFIVvlxT,instagram,https://www.instagram.com/reel/DJvbFIVvlxT/,ok,C:\bdc_cache\video\ig_DJvbFIVvlxT.mp4,C:\bdc_cache\meta\ig_DJvbFIVvlxT.json,,7256,613,,37,,2026-08-07 22:12:40
ig_DJwP5StPWix,instagram,https://www.instagram.com/reel/DJwP5StPWix/,ok,C:\bdc_cache\video\ig_DJwP5StPWix.mp4,C:\bdc_cache\meta\ig_DJwP5StPWix.json,,2174,16,,222,,2026-08-07 20:44:39
ig_DJx3eoqvDxX,instagram,https://www.instagram.com/reel/DJx3eoqvDxX/,ok,C:\bdc_cache\video\ig_DJx3eoqvDxX.mp4,C:\bdc_cache\meta\ig_DJx3eoqvDxX.json,,6891,89,,222,,2026-08-07 20:44:48
ig_DJxLuIuzx1u,instagram,https://www.instagram.com/reel/DJxLuIuzx1u/,ok,C:\bdc_cache\video\ig_DJxLuIuzx1u.mp4,C:\bdc_cache\meta\ig_DJxLuIuzx1u.json,,1092,10,,29,,2026-08-07 20:44:57
ig_DK1hPESxtmt,instagram,https://www.instagram.com/jagat.review/reel/DK1hPESxtmt/,ok,C:\bdc_cache\video\ig_DK1hPESxtmt.mp4,C:\bdc_cache\meta\ig_DK1hPESxtmt.json,,2211,147,,278,,2026-08-07 21:17:57
ig_DK1mAj0zf6k,instagram,https://www.instagram.com/reel/DK1mAj0zf6k/?igsh=b2dpcGU5OGdld2Fo,ok,C:\bdc_cache\video\ig_DK1mAj0zf6k.mp4,C:\bdc_cache\meta\ig_DK1mAj0zf6k.json,,365,92,,300,,2026-08-07 21:41:26
ig_DK2D0crz3Tc,instagram,https://www.instagram.com/reel/DK2D0crz3Tc/,ok,C:\bdc_cache\video\ig_DK2D0crz3Tc.mp4,C:\bdc_cache\meta\ig_DK2D0crz3Tc.json,,529012,3427,,655,,2026-08-07 20:41:54
ig_DK3mIHdzM65,instagram,https://www.instagram.com/reel/DK3mIHdzM65/,ok,C:\bdc_cache\video\ig_DK3mIHdzM65.mp4,C:\bdc_cache\meta\ig_DK3mIHdzM65.json,,1315,15,,270,,2026-08-07 20:27:30
ig_DK3wkQKzT6x,instagram,https://www.instagram.com/reel/DK3wkQKzT6x/,ok,C:\bdc_cache\video\ig_DK3wkQKzT6x.mp4,C:\bdc_cache\meta\ig_DK3wkQKzT6x.json,,26656,620,,194,,2026-08-07 20:59:35
ig_DK4nDMezW1C,instagram,https://www.instagram.com/reel/DK4nDMezW1C/,ok,C:\bdc_cache\video\ig_DK4nDMezW1C.mp4,C:\bdc_cache\meta\ig_DK4nDMezW1C.json,,333036,846,,83,,2026-08-07 20:42:02
ig_DK4vdrmvgWA,instagram,https://www.instagram.com/reel/DK4vdrmvgWA/,ok,C:\bdc_cache\video\ig_DK4vdrmvgWA.mp4,C:\bdc_cache\meta\ig_DK4vdrmvgWA.json,,83614,689,,234,,2026-08-07 22:15:41
ig_DK5v1dZysCd,instagram,https://www.instagram.com/reel/DK5v1dZysCd/?igsh=MWwwbGR2ZDBldzZhZg%3D%3D,ok,C:\bdc_cache\video\ig_DK5v1dZysCd.mp4,C:\bdc_cache\meta\ig_DK5v1dZysCd.json,,13233,218,,303,,2026-08-07 20:21:41
ig_DK62VvLzqpA,instagram,https://www.instagram.com/reel/DK62VvLzqpA/,ok,C:\bdc_cache\video\ig_DK62VvLzqpA.mp4,C:\bdc_cache\meta\ig_DK62VvLzqpA.json,,235464,524,,556,,2026-08-07 20:42:12
ig_DK68neNpv_z,instagram,https://www.instagram.com/reel/DK68neNpv_z/,ok,C:\bdc_cache\video\ig_DK68neNpv_z.mp4,C:\bdc_cache\meta\ig_DK68neNpv_z.json,,44553,80,,118,,2026-08-07 20:27:13
ig_DK6KDASJ9q8,instagram,https://www.instagram.com/reel/DK6KDASJ9q8/,ok,C:\bdc_cache\video\ig_DK6KDASJ9q8.mp4,C:\bdc_cache\meta\ig_DK6KDASJ9q8.json,,6955,51,,23,,2026-08-07 20:27:22
ig_DK6P7JxR2HP,instagram,https://www.instagram.com/reel/DK6P7JxR2HP/?igsh=cW1rb3J0aWg5ZTk3,ok,C:\bdc_cache\video\ig_DK6P7JxR2HP.mp4,C:\bdc_cache\meta\ig_DK6P7JxR2HP.json,,9706,95,,196,,2026-08-07 20:21:32
ig_DK6gKdAxavr,instagram,https://www.instagram.com/reel/DK6gKdAxavr/?igsh=MTFtcXMyZXFmMmk1Mg%3D%3D,ok,C:\bdc_cache\video\ig_DK6gKdAxavr.mp4,C:\bdc_cache\meta\ig_DK6gKdAxavr.json,,2473,61,,227,,2026-08-07 20:21:24
ig_DK9I9hwpBxE,instagram,https://www.instagram.com/reel/DK9I9hwpBxE/,ok,C:\bdc_cache\video\ig_DK9I9hwpBxE.mp4,C:\bdc_cache\meta\ig_DK9I9hwpBxE.json,,1477,35,,325,,2026-08-07 20:27:04
ig_DK9Qx0nRX1M,instagram,https://www.instagram.com/jagat.review/reel/DK9Qx0nRX1M/,ok,C:\bdc_cache\video\ig_DK9Qx0nRX1M.mp4,C:\bdc_cache\meta\ig_DK9Qx0nRX1M.json,,233,12,,543,,2026-08-07 21:17:48
ig_DK9T1pDPsuF,instagram,https://www.instagram.com/reel/DK9T1pDPsuF/?hl=id,ok,C:\bdc_cache\video\ig_DK9T1pDPsuF.mp4,C:\bdc_cache\meta\ig_DK9T1pDPsuF.json,,248,1,,672,,2026-08-07 21:50:57
ig_DK9fYkVz-pW,instagram,https://www.instagram.com/reel/DK9fYkVz-pW/,ok,C:\bdc_cache\video\ig_DK9fYkVz-pW.mp4,C:\bdc_cache\meta\ig_DK9fYkVz-pW.json,,7321,88,,41,,2026-08-07 22:15:53
ig_DKCaqeIBrun,instagram,https://www.instagram.com/reel/DKCaqeIBrun/?igsh=ZWdjNndtZ3Zhanhy,ok,C:\bdc_cache\video\ig_DKCaqeIBrun.mp4,C:\bdc_cache\meta\ig_DKCaqeIBrun.json,,7918,71,,192,,2026-08-07 21:45:40
ig_DKCpjyHIHtt,instagram,https://www.instagram.com/reel/DKCpjyHIHtt/?utm_source=ig_web_copy_link&igsh=MzRlODBiNWFlZA==,ok,C:\bdc_cache\video\ig_DKCpjyHIHtt.mp4,C:\bdc_cache\meta\ig_DKCpjyHIHtt.json,,1045,22,,107,,2026-08-07 22:01:00
ig_DKD7zPWot9i,instagram,https://www.instagram.com/jagat.review/reel/DKD7zPWot9i/,ok,C:\bdc_cache\video\ig_DKD7zPWot9i.mp4,C:\bdc_cache\meta\ig_DKD7zPWot9i.json,,678,51,,493,,2026-08-07 21:18:37
ig_DKJwRyOxSD-,instagram,https://www.instagram.com/reel/DKJwRyOxSD-/?utm_source=ig_web_copy_link,ok,C:\bdc_cache\video\ig_DKJwRyOxSD-.mp4,C:\bdc_cache\meta\ig_DKJwRyOxSD-.json,,674,33,,72,,2026-08-07 21:26:48
ig_DKL5mX2Sdi3,instagram,https://www.instagram.com/jagat.review/reel/DKL5mX2Sdi3/,ok,C:\bdc_cache\video\ig_DKL5mX2Sdi3.mp4,C:\bdc_cache\meta\ig_DKL5mX2Sdi3.json,,1615,58,,286,,2026-08-07 22:20:03
ig_DKL7wuPpSeU,instagram,https://www.instagram.com/reel/DKL7wuPpSeU/?utm_source=ig_web_copy_link&igsh=MzRlODBiNWFlZA==,ok,C:\bdc_cache\video\ig_DKL7wuPpSeU.mp4,C:\bdc_cache\meta\ig_DKL7wuPpSeU.json,,662,8,,118,,2026-08-07 22:00:53
ig_DKMXCa9PjO2,instagram,https://www.instagram.com/reel/DKMXCa9PjO2/?hl=id,ok,C:\bdc_cache\video\ig_DKMXCa9PjO2.mp4,C:\bdc_cache\meta\ig_DKMXCa9PjO2.json,,37,1,,353,,2026-08-07 22:27:27
ig_DKMdXCQT88v,instagram,https://www.instagram.com/reel/DKMdXCQT88v/,ok,C:\bdc_cache\video\ig_DKMdXCQT88v.mp4,C:\bdc_cache\meta\ig_DKMdXCQT88v.json,,4838,44,,443,,2026-08-07 20:58:05
ig_DKO6Tn7Rigx,instagram,https://www.instagram.com/reel/DKO6Tn7Rigx/?utm_source=ig_web_copy_link,ok,C:\bdc_cache\video\ig_DKO6Tn7Rigx.mp4,C:\bdc_cache\meta\ig_DKO6Tn7Rigx.json,,20649,281,,968,,2026-08-07 21:24:22
ig_DKOArYwti9c,instagram,https://www.instagram.com/reel/DKOArYwti9c/?utm_source=ig_web_copy_link&igsh=MzRlODBiNWFlZA==,ok,C:\bdc_cache\video\ig_DKOArYwti9c.mp4,C:\bdc_cache\meta\ig_DKOArYwti9c.json,,13135,905,,107,,2026-08-07 22:30:16
ig_DKOd9H9hnLI,instagram,https://www.instagram.com/otomotif_tv/reel/DKOd9H9hnLI/,ok,C:\bdc_cache\video\ig_DKOd9H9hnLI.mp4,C:\bdc_cache\meta\ig_DKOd9H9hnLI.json,,38993,1495,,334,,2026-08-07 21:14:25
ig_DKOlWzzyNtF,instagram,https://www.instagram.com/reel/DKOlWzzyNtF/?utm_source=ig_web_copy_link&igsh=MzRlODBiNWFlZA==,ok,C:\bdc_cache\video\ig_DKOlWzzyNtF.mp4,C:\bdc_cache\meta\ig_DKOlWzzyNtF.json,,7277,207,,146,,2026-08-07 22:29:42
ig_DKQ8RCqypek,instagram,https://www.instagram.com/reel/DKQ8RCqypek/?igsh=eXdiamQ2aXd0Zm5t,ok,C:\bdc_cache\video\ig_DKQ8RCqypek.mp4,C:\bdc_cache\meta\ig_DKQ8RCqypek.json,,10636,113,,66,,2026-08-07 20:22:43
ig_DKR1CJYT9ho,instagram,https://www.instagram.com/reel/DKR1CJYT9ho/,ok,C:\bdc_cache\video\ig_DKR1CJYT9ho.mp4,C:\bdc_cache\meta\ig_DKR1CJYT9ho.json,,5564,63,,209,,2026-08-07 20:58:32
ig_DKRh02wxJkq,instagram,https://www.instagram.com/reel/DKRh02wxJkq/?utm_source=ig_web_copy_link&igsh=MzRlODBiNWFlZA==,ok,C:\bdc_cache\video\ig_DKRh02wxJkq.mp4,C:\bdc_cache\meta\ig_DKRh02wxJkq.json,,1110,40,,1619,,2026-08-07 21:26:58
ig_DKRqwksS_WC,instagram,https://www.instagram.com/reel/DKRqwksS_WC/?igsh=MWVwMDB6Y2JhbnVuZg%3D%3D,ok,C:\bdc_cache\video\ig_DKRqwksS_WC.mp4,C:\bdc_cache\meta\ig_DKRqwksS_WC.json,68.68399810791016,26309,488,,170,,2026-08-08 01:09:48
ig_DKT5itwyTPp,instagram,https://www.instagram.com/reel/DKT5itwyTPp/,ok,C:\bdc_cache\video\ig_DKT5itwyTPp.mp4,C:\bdc_cache\meta\ig_DKT5itwyTPp.json,,143,10,,638,,2026-08-07 20:48:51
ig_DKTTiaqIA9e,instagram,https://instagram.com/p/DKTTiaqIA9e/,ok,C:\bdc_cache\video\ig_DKTTiaqIA9e.mp4,C:\bdc_cache\meta\ig_DKTTiaqIA9e.json,,90492,393,,180,,2026-08-07 21:45:09
ig_DKUTIIdRszz,instagram,https://www.instagram.com/reel/DKUTIIdRszz/?hl=id,failed,,,,,,,,"DownloadError: ERROR: [Instagram] DKUTIIdRszz: Unable to download webpage: ('Connection aborted.', RemoteDisconnected('Remote end closed connection without response')) (caused by TransportError(""('Connection aborted.', RemoteDisconnected('Remote end closed connection without response'))""))",2026-08-07 21:51:24
ig_DKVP0IxzhnY,instagram,https://www.instagram.com/reel/DKVP0IxzhnY/,ok,C:\bdc_cache\video\ig_DKVP0IxzhnY.mp4,C:\bdc_cache\meta\ig_DKVP0IxzhnY.json,,5336,122,,90,,2026-08-07 20:47:43
ig_DKVtuX8Stpq,instagram,https://www.instagram.com/reel/DKVtuX8Stpq/?utm_source=ig_web_copy_link&igsh=MzRlODBiNWFlZA==,ok,C:\bdc_cache\video\ig_DKVtuX8Stpq.mp4,C:\bdc_cache\meta\ig_DKVtuX8Stpq.json,,8305,284,,82,,2026-08-07 21:58:25
ig_DKWLTEUT9qE,instagram,https://www.instagram.com/reel/DKWLTEUT9qE/?utm_source=ig_web_copy_link&igsh=MzRlODBiNWFlZA==,ok,C:\bdc_cache\video\ig_DKWLTEUT9qE.mp4,C:\bdc_cache\meta\ig_DKWLTEUT9qE.json,,255525,1637,,348,,2026-08-07 22:02:13
ig_DKWLmlTSZ6-,instagram,https://instagram.com/p/DKWLmlTSZ6-/,ok,C:\bdc_cache\video\ig_DKWLmlTSZ6-.mp4,C:\bdc_cache\meta\ig_DKWLmlTSZ6-.json,,9042,66,,194,,2026-08-07 21:45:17
ig_DKWxq93yzSF,instagram,https://www.instagram.com/reel/DKWxq93yzSF/?igsh=MWNkOTB5aHlmczZ1Mg==,ok,C:\bdc_cache\video\ig_DKWxq93yzSF.mp4,C:\bdc_cache\meta\ig_DKWxq93yzSF.json,,9172,532,,157,,2026-08-07 21:54:30
ig_DKYsIP8TVcJ,instagram,https://www.instagram.com/reel/DKYsIP8TVcJ/?igsh=djZyM3RjZ2J2dW1t,ok,C:\bdc_cache\video\ig_DKYsIP8TVcJ.mp4,C:\bdc_cache\meta\ig_DKYsIP8TVcJ.json,,12548,378,,273,,2026-08-07 20:22:08
ig_DKZVA8DJq89,instagram,https://www.instagram.com/reel/DKZVA8DJq89/?igsh=YXUwbHBnOG5udTJt,ok,C:\bdc_cache\video\ig_DKZVA8DJq89.mp4,C:\bdc_cache\meta\ig_DKZVA8DJq89.json,,699,27,,263,,2026-08-07 22:09:52
ig_DK_GTyvSUiS,instagram,https://www.instagram.com/jagat.review/reel/DK_GTyvSUiS/,ok,C:\bdc_cache\video\ig_DK_GTyvSUiS.mp4,C:\bdc_cache\meta\ig_DK_GTyvSUiS.json,,352,3,,323,,2026-08-07 21:17:41
ig_DK_a9aazNPI,instagram,https://www.instagram.com/reel/DK_a9aazNPI/?igsh=MWJkNzhiamwwbjBxYw==,ok,C:\bdc_cache\video\ig_DK_a9aazNPI.mp4,C:\bdc_cache\meta\ig_DK_a9aazNPI.json,,3,331,,108,,2026-08-07 20:54:01
ig_DK_wDh1hwRG,instagram,https://www.instagram.com/reel/DK_wDh1hwRG/,ok,C:\bdc_cache\video\ig_DK_wDh1hwRG.mp4,C:\bdc_cache\meta\ig_DK_wDh1hwRG.json,,9295,139,,148,,2026-08-07 20:42:45
ig_DKbi4zyvG3T,instagram,https://www.instagram.com/reel/DKbi4zyvG3T/,ok,C:\bdc_cache\video\ig_DKbi4zyvG3T.mp4,C:\bdc_cache\meta\ig_DKbi4zyvG3T.json,,3981,72,,66,,2026-08-07 20:45:06
ig_DKcEvw-yNJd,instagram,https://www.instagram.com/moladin_id/reel/DKcEvw-yNJd/,ok,C:\bdc_cache\video\ig_DKcEvw-yNJd.mp4,C:\bdc_cache\meta\ig_DKcEvw-yNJd.json,,353,31,,474,,2026-08-07 22:13:53
ig_DKdef95Pp2Q,instagram,https://www.instagram.com/reel/DKdef95Pp2Q/,ok,C:\bdc_cache\video\ig_DKdef95Pp2Q.mp4,C:\bdc_cache\meta\ig_DKdef95Pp2Q.json,,4854,22,,84,,2026-08-07 20:45:15
ig_DKg21SpTZGs,instagram,https://www.instagram.com/reel/DKg21SpTZGs/,ok,C:\bdc_cache\video\ig_DKg21SpTZGs.mp4,C:\bdc_cache\meta\ig_DKg21SpTZGs.json,,12775,138,,144,,2026-08-07 20:58:43
ig_DKg9XtsRygF,instagram,https://www.instagram.com/reel/DKg9XtsRygF/?hl=id,ok,C:\bdc_cache\video\ig_DKg9XtsRygF.mp4,C:\bdc_cache\meta\ig_DKg9XtsRygF.json,,290,17,,667,,2026-08-07 21:51:14
ig_DKgoBraqcOf,instagram,https://www.instagram.com/reel/DKgoBraqcOf/?utm_source=ig_web_copy_link&igsh=MzRlODBiNWFlZA==,ok,C:\bdc_cache\video\ig_DKgoBraqcOf.mp4,C:\bdc_cache\meta\ig_DKgoBraqcOf.json,,5587,99,,89,,2026-08-07 22:00:44
ig_DKgtvrVu3yw,instagram,https://www.instagram.com/reel/DKgtvrVu3yw/,ok,C:\bdc_cache\video\ig_DKgtvrVu3yw.mp4,C:\bdc_cache\meta\ig_DKgtvrVu3yw.json,,2491,91,,338,,2026-08-07 20:47:35
ig_DKhARZmvGaY,instagram,https://www.instagram.com/reel/DKhARZmvGaY/,ok,C:\bdc_cache\video\ig_DKhARZmvGaY.mp4,C:\bdc_cache\meta\ig_DKhARZmvGaY.json,,29447,513,,57,,2026-08-07 20:45:23
ig_DKiuAisBYNW,instagram,https://www.instagram.com/reel/DKiuAisBYNW/?utm_source=ig_web_copy_link&igsh=MzRlODBiNWFlZA==,ok,C:\bdc_cache\video\ig_DKiuAisBYNW.mp4,C:\bdc_cache\meta\ig_DKiuAisBYNW.json,,3583,106,,92,,2026-08-07 22:00:36
ig_DKji0r6SU40,instagram,https://www.instagram.com/reel/DKji0r6SU40/,ok,C:\bdc_cache\video\ig_DKji0r6SU40.mp4,C:\bdc_cache\meta\ig_DKji0r6SU40.json,,4107,52,,446,,2026-08-07 20:48:42
ig_DKlkEsmSp2m,instagram,https://www.instagram.com/reel/DKlkEsmSp2m/?igsh=bnd3MnYyY3g0ZXZ4,ok,C:\bdc_cache\video\ig_DKlkEsmSp2m.mp4,C:\bdc_cache\meta\ig_DKlkEsmSp2m.json,,3377,58,,296,,2026-08-07 22:14:11
ig_DKmVdRnzRnT,instagram,https://www.instagram.com/reel/DKmVdRnzRnT/?utm_source=ig_web_copy_link,ok,C:\bdc_cache\video\ig_DKmVdRnzRnT.mp4,C:\bdc_cache\meta\ig_DKmVdRnzRnT.json,,5717,358,,414,,2026-08-07 21:26:40
ig_DKoahGuRUGB,instagram,https://www.instagram.com/reel/DKoahGuRUGB/?igsh=a3plZWs0cWx0ZWRz,ok,C:\bdc_cache\video\ig_DKoahGuRUGB.mp4,C:\bdc_cache\meta\ig_DKoahGuRUGB.json,,1950,15,,333,,2026-08-07 22:09:44
ig_DKqTFiyyCqU,instagram,https://www.instagram.com/reel/DKqTFiyyCqU/?igsh=c21yMHp5dDYzcWNy,ok,C:\bdc_cache\video\ig_DKqTFiyyCqU.mp4,C:\bdc_cache\meta\ig_DKqTFiyyCqU.json,,13666,350,,192,,2026-08-07 20:38:14
ig_DKqiyEhyXzF,instagram,https://www.instagram.com/jagat.review/reel/DKqiyEhyXzF/,ok,C:\bdc_cache\video\ig_DKqiyEhyXzF.mp4,C:\bdc_cache\meta\ig_DKqiyEhyXzF.json,,1174,44,,745,,2026-08-07 21:18:27
ig_DKtXhpBzDx_,instagram,https://www.instagram.com/reel/DKtXhpBzDx_/,ok,C:\bdc_cache\video\ig_DKtXhpBzDx_.mp4,C:\bdc_cache\meta\ig_DKtXhpBzDx_.json,,15338,150,,137,,2026-08-07 20:58:54
ig_DKuDDEMxI3k,instagram,https://www.instagram.com/reel/DKuDDEMxI3k/?hl=id,ok,C:\bdc_cache\video\ig_DKuDDEMxI3k.mp4,C:\bdc_cache\meta\ig_DKuDDEMxI3k.json,,28,2,,372,,2026-08-07 21:51:05
ig_DKuNykmzl8i,instagram,https://www.instagram.com/reel/DKuNykmzl8i/,ok,C:\bdc_cache\video\ig_DKuNykmzl8i.mp4,C:\bdc_cache\meta\ig_DKuNykmzl8i.json,,7012,38,,103,,2026-08-07 20:26:56
ig_DKuQ0pVzgN0,instagram,https://www.instagram.com/reel/DKuQ0pVzgN0/,ok,C:\bdc_cache\video\ig_DKuQ0pVzgN0.mp4,C:\bdc_cache\meta\ig_DKuQ0pVzgN0.json,,4511,58,,207,,2026-08-07 20:59:03
ig_DKv6hteyHsO,instagram,https://www.instagram.com/moladin_id/reel/DKv6hteyHsO/,ok,C:\bdc_cache\video\ig_DKv6hteyHsO.mp4,C:\bdc_cache\meta\ig_DKv6hteyHsO.json,,198,7,,288,,2026-08-07 20:52:45
ig_DKw1N3WT0It,instagram,https://www.instagram.com/reel/DKw1N3WT0It/,ok,C:\bdc_cache\video\ig_DKw1N3WT0It.mp4,C:\bdc_cache\meta\ig_DKw1N3WT0It.json,,4314,213,,152,,2026-08-07 20:59:12
ig_DKw8T_fyme8,instagram,https://www.instagram.com/reel/DKw8T_fyme8/?utm_source=ig_web_copy_link,ok,C:\bdc_cache\video\ig_DKw8T_fyme8.mp4,C:\bdc_cache\meta\ig_DKw8T_fyme8.json,,2069,19,,188,,2026-08-07 22:01:36
ig_DKwYXChxNDD,instagram,https://www.instagram.com/reel/DKwYXChxNDD/?utm_source=ig_web_copy_link&igsh=MzRlODBiNWFlZA==,ok,C:\bdc_cache\video\ig_DKwYXChxNDD.mp4,C:\bdc_cache\meta\ig_DKwYXChxNDD.json,,2535,388,,719,,2026-08-07 21:26:33
ig_DKyVUNlpBv-,instagram,https://www.instagram.com/reel/DKyVUNlpBv-/,ok,C:\bdc_cache\video\ig_DKyVUNlpBv-.mp4,C:\bdc_cache\meta\ig_DKyVUNlpBv-.json,,5257,34,,379,,2026-08-07 22:10:32
ig_DKyoWLZxUhw,instagram,https://www.instagram.com/reel/DKyoWLZxUhw/?igsh=MWptanFveHI0MTZvag%3D%3D,ok,C:\bdc_cache\video\ig_DKyoWLZxUhw.mp4,C:\bdc_cache\meta\ig_DKyoWLZxUhw.json,,2272,17,,94,,2026-08-07 20:21:51
ig_DKzV_YByh1A,instagram,https://www.instagram.com/reel/DKzV_YByh1A/,ok,C:\bdc_cache\video\ig_DKzV_YByh1A.mp4,C:\bdc_cache\meta\ig_DKzV_YByh1A.json,,4675,62,,256,,2026-08-07 20:48:34
ig_DL-BA3UpdIM,instagram,https://www.instagram.com/reel/DL-BA3UpdIM/?utm_source=ig_web_copy_link,ok,C:\bdc_cache\video\ig_DL-BA3UpdIM.mp4,C:\bdc_cache\meta\ig_DL-BA3UpdIM.json,,965,3,,388,,2026-08-07 22:06:05
ig_DL-OxKBPV2H,instagram,https://www.instagram.com/reel/DL-OxKBPV2H/?utm_source=ig_web_copy_link&igsh=MzRlODBiNWFlZA==,ok,C:\bdc_cache\video\ig_DL-OxKBPV2H.mp4,C:\bdc_cache\meta\ig_DL-OxKBPV2H.json,,891,0,,517,,2026-08-07 22:05:49
ig_DL17jAux0-f,instagram,https://www.instagram.com/reel/DL17jAux0-f/?hl=id,ok,C:\bdc_cache\video\ig_DL17jAux0-f.mp4,C:\bdc_cache\meta\ig_DL17jAux0-f.json,,119,1,,384,,2026-08-07 21:50:32
ig_DL1oBjdRc3-,instagram,https://www.instagram.com/reel/DL1oBjdRc3-/?igsh=Ynp1NnIxcHN3cm9t,ok,C:\bdc_cache\video\ig_DL1oBjdRc3-.mp4,C:\bdc_cache\meta\ig_DL1oBjdRc3-.json,,2514,40,,266,,2026-08-07 20:20:27
ig_DL2Ayq4TpNL,instagram,https://www.instagram.com/reel/DL2Ayq4TpNL/?igsh=djJiZXFtNHlpZ3Rm,ok,C:\bdc_cache\video\ig_DL2Ayq4TpNL.mp4,C:\bdc_cache\meta\ig_DL2Ayq4TpNL.json,,324,106,,445,,2026-08-07 21:41:35
ig_DL2ZmPxSsBF,instagram,https://www.instagram.com/reel/DL2ZmPxSsBF/?utm_source=ig_web_copy_link&igsh=MzRlODBiNWFlZA==,ok,C:\bdc_cache\video\ig_DL2ZmPxSsBF.mp4,C:\bdc_cache\meta\ig_DL2ZmPxSsBF.json,,2943,67,,143,,2026-08-07 21:29:56
ig_DL33OMYzrca,instagram,https://www.instagram.com/reel/DL33OMYzrca/?hl=id,ok,C:\bdc_cache\video\ig_DL33OMYzrca.mp4,C:\bdc_cache\meta\ig_DL33OMYzrca.json,,31,0,,214,,2026-08-07 21:50:24
ig_DL39mEOR7ll,instagram,https://www.instagram.com/otomotif_tv/reel/DL39mEOR7ll/,ok,C:\bdc_cache\video\ig_DL39mEOR7ll.mp4,C:\bdc_cache\meta\ig_DL39mEOR7ll.json,,991,100,,340,,2026-08-07 21:14:16
ig_DL4bTmcS4r8,instagram,https://www.instagram.com/reel/DL4bTmcS4r8/?utm_source=ig_web_copy_link&igsh=MzRlODBiNWFlZA==,failed,,,,,,,,"DownloadError: ERROR: [Instagram] DL4bTmcS4r8: Instagram sent an empty media response. Check if this post is accessible in your browser without being logged-in. If it is not, then use --cookies-from-browser or --cookies for the authentication. See  https://github.com/yt-dlp/yt-dlp/wiki/FAQ#how-do-i-",2026-08-07 22:32:08
ig_DL4ruJSyz6V,instagram,https://www.instagram.com/reel/DL4ruJSyz6V/?igsh=MWI2MDJ4N2o3b3ljcg%3D%3D,ok,C:\bdc_cache\video\ig_DL4ruJSyz6V.mp4,C:\bdc_cache\meta\ig_DL4ruJSyz6V.json,,176,2,,191,,2026-08-07 22:07:47
ig_DL4sfh7PK_y,instagram,https://www.instagram.com/reel/DL4sfh7PK_y/,ok,C:\bdc_cache\video\ig_DL4sfh7PK_y.mp4,C:\bdc_cache\meta\ig_DL4sfh7PK_y.json,,3476,10,,61,,2026-08-07 22:12:18
ig_DL4sxGuz4Tc,instagram,https://www.instagram.com/reel/DL4sxGuz4Tc/?igsh=MXR4MmtmM2lmZG02Yw==,ok,C:\bdc_cache\video\ig_DL4sxGuz4Tc.mp4,C:\bdc_cache\meta\ig_DL4sxGuz4Tc.json,,1521,64,,420,,2026-08-07 21:41:42
ig_DL4z55aJWpf,instagram,https://www.instagram.com/reel/DL4z55aJWpf/?utm_source=ig_web_copy_link,ok,C:\bdc_cache\video\ig_DL4z55aJWpf.mp4,C:\bdc_cache\meta\ig_DL4z55aJWpf.json,,200,1,,602,,2026-08-07 22:06:14
ig_DL6Zr4QSkUM,instagram,https://www.instagram.com/reel/DL6Zr4QSkUM/?utm_source=ig_web_copy_link&igsh=MzRlODBiNWFlZA==,ok,C:\bdc_cache\video\ig_DL6Zr4QSkUM.mp4,C:\bdc_cache\meta\ig_DL6Zr4QSkUM.json,,1164,51,,831,,2026-08-07 21:29:14
ig_DL7YTB0T4xF,instagram,https://www.instagram.com/reel/DL7YTB0T4xF/?igsh=dzZ0c3E2ZmRvMGVq,ok,C:\bdc_cache\video\ig_DL7YTB0T4xF.mp4,C:\bdc_cache\meta\ig_DL7YTB0T4xF.json,,399,32,,420,,2026-08-07 21:41:51
ig_DL86TnGJCJ2,instagram,https://www.instagram.com/otomotif_tv/reel/DL86TnGJCJ2/,ok,C:\bdc_cache\video\ig_DL86TnGJCJ2.mp4,C:\bdc_cache\meta\ig_DL86TnGJCJ2.json,,561,18,,782,,2026-08-07 21:14:08
ig_DL8oCzzyd9d,instagram,https://www.instagram.com/reel/DL8oCzzyd9d/,ok,C:\bdc_cache\video\ig_DL8oCzzyd9d.mp4,C:\bdc_cache\meta\ig_DL8oCzzyd9d.json,,4308,74,,196,,2026-08-07 20:26:38
ig_DL99KPdPUlQ,instagram,https://www.instagram.com/reel/DL99KPdPUlQ/,ok,C:\bdc_cache\video\ig_DL99KPdPUlQ.mp4,C:\bdc_cache\meta\ig_DL99KPdPUlQ.json,,1022,8,,593,,2026-08-07 20:43:08
ig_DL9UG94q6AG,instagram,https://www.instagram.com/reel/DL9UG94q6AG/?utm_source=ig_web_copy_link&igsh=MzRlODBiNWFlZA==,ok,C:\bdc_cache\video\ig_DL9UG94q6AG.mp4,C:\bdc_cache\meta\ig_DL9UG94q6AG.json,,31,0,,703,,2026-08-07 21:34:25
ig_DL9jmalyY0P,instagram,https://www.instagram.com/reel/DL9jmalyY0P/?utm_source=ig_web_copy_link&igsh=MzRlODBiNWFlZA==,ok,C:\bdc_cache\video\ig_DL9jmalyY0P.mp4,C:\bdc_cache\meta\ig_DL9jmalyY0P.json,,3,31,,1777,,2026-08-07 21:29:22
ig_DLCfYyTzM0B,instagram,https://www.instagram.com/reel/DLCfYyTzM0B/?igsh=MW8zMGNrMG00YmRrOA==,ok,C:\bdc_cache\video\ig_DLCfYyTzM0B.mp4,C:\bdc_cache\meta\ig_DLCfYyTzM0B.json,,583,97,,489,,2026-08-07 21:42:00
ig_DLCwhZMTMfo,instagram,https://www.instagram.com/reel/DLCwhZMTMfo/,ok,C:\bdc_cache\video\ig_DLCwhZMTMfo.mp4,C:\bdc_cache\meta\ig_DLCwhZMTMfo.json,,5547,98,,245,,2026-08-07 20:59:45
ig_DLEoOirRx_i,instagram,https://www.instagram.com/reel/DLEoOirRx_i/?igsh=MTVhOHdhNXRwandtZg==,ok,C:\bdc_cache\video\ig_DLEoOirRx_i.mp4,C:\bdc_cache\meta\ig_DLEoOirRx_i.json,,29190,165,,75,,2026-08-07 21:42:06
ig_DLG08iOSqJu,instagram,https://www.instagram.com/jagat.review/reel/DLG08iOSqJu/,ok,C:\bdc_cache\video\ig_DLG08iOSqJu.mp4,C:\bdc_cache\meta\ig_DLG08iOSqJu.json,,301,6,,555,,2026-08-07 21:17:34
ig_DLH7YTlhqpJ,instagram,https://www.instagram.com/reel/DLH7YTlhqpJ/?utm_source=ig_web_copy_link&igsh=MzRlODBiNWFlZA==,ok,C:\bdc_cache\video\ig_DLH7YTlhqpJ.mp4,C:\bdc_cache\meta\ig_DLH7YTlhqpJ.json,,631,26,,125,,2026-08-07 21:58:40
ig_DLH8CjbJ_we,instagram,https://www.instagram.com/reel/DLH8CjbJ_we/?utm_source=ig_web_copy_link&igsh=MzRlODBiNWFlZA==,ok,C:\bdc_cache\video\ig_DLH8CjbJ_we.mp4,C:\bdc_cache\meta\ig_DLH8CjbJ_we.json,,13104,65,,100,,2026-08-07 21:58:17
ig_DLJWgskSTkD,instagram,https://www.instagram.com/jagat.review/reel/DLJWgskSTkD/,ok,C:\bdc_cache\video\ig_DLJWgskSTkD.mp4,C:\bdc_cache\meta\ig_DLJWgskSTkD.json,,509,8,,900,,2026-08-07 21:17:27
ig_DLJoMUxTL2J,instagram,https://www.instagram.com/reel/DLJoMUxTL2J/?igsh=MTVkNnYwYTRxZmdqNw==,ok,C:\bdc_cache\video\ig_DLJoMUxTL2J.mp4,C:\bdc_cache\meta\ig_DLJoMUxTL2J.json,,517,57,,418,,2026-08-07 22:25:09
ig_DLJqzGNPgfT,instagram,https://www.instagram.com/reel/DLJqzGNPgfT/,ok,C:\bdc_cache\video\ig_DLJqzGNPgfT.mp4,C:\bdc_cache\meta\ig_DLJqzGNPgfT.json,,3671,39,,82,,2026-08-07 20:45:32
ig_DLL9bDXJTB_,instagram,https://www.instagram.com/reel/DLL9bDXJTB_/?utm_source=ig_web_copy_link&igsh=MzRlODBiNWFlZA==,ok,C:\bdc_cache\video\ig_DLL9bDXJTB_.mp4,C:\bdc_cache\meta\ig_DLL9bDXJTB_.json,,6097,36,,96,,2026-08-07 22:29:33
ig_DLMvuIku2O_,instagram,https://www.instagram.com/reel/DLMvuIku2O_/?igsh=MXIzNDNuamFpZnRlZg==,ok,C:\bdc_cache\video\ig_DLMvuIku2O_.mp4,C:\bdc_cache\meta\ig_DLMvuIku2O_.json,,2466,23,,110,,2026-08-07 21:46:38
ig_DLPIrtqTKSt,instagram,https://www.instagram.com/reel/DLPIrtqTKSt/?igsh=MWVvbzB5ZHV5cjgwbQ==,ok,C:\bdc_cache\video\ig_DLPIrtqTKSt.mp4,C:\bdc_cache\meta\ig_DLPIrtqTKSt.json,,334,48,,538,,2026-08-07 21:42:23
ig_DLPaRzgz3PT,instagram,https://www.instagram.com/reel/DLPaRzgz3PT/?igsh=MW4yNnZjb3NsejMzZg==,ok,C:\bdc_cache\video\ig_DLPaRzgz3PT.mp4,C:\bdc_cache\meta\ig_DLPaRzgz3PT.json,,321616,462,,510,,2026-08-07 22:08:15
ig_DLR4f13REQE,instagram,https://www.instagram.com/reel/DLR4f13REQE/?utm_source=ig_web_copy_link&igsh=MzRlODBiNWFlZA==,ok,C:\bdc_cache\video\ig_DLR4f13REQE.mp4,C:\bdc_cache\meta\ig_DLR4f13REQE.json,,445,43,,287,,2026-08-07 21:26:25
ig_DLRy8VqRyRC,instagram,https://www.instagram.com/jagat.review/reel/DLRy8VqRyRC/,ok,C:\bdc_cache\video\ig_DLRy8VqRyRC.mp4,C:\bdc_cache\meta\ig_DLRy8VqRyRC.json,,1869,44,,690,,2026-08-07 21:17:16
ig_DLSDweezMqt,instagram,https://www.instagram.com/reel/DLSDweezMqt/?igsh=MTB5d2Nib2l4YnVnMQ==,ok,C:\bdc_cache\video\ig_DLSDweezMqt.mp4,C:\bdc_cache\meta\ig_DLSDweezMqt.json,,5948,56,,480,,2026-08-07 21:42:30
ig_DLTsRcnTYOy,instagram,https://www.instagram.com/reel/DLTsRcnTYOy/,ok,C:\bdc_cache\video\ig_DLTsRcnTYOy.mp4,C:\bdc_cache\meta\ig_DLTsRcnTYOy.json,,450,0,,477,,2026-08-07 22:12:32
ig_DLUdR3BPRcQ,instagram,https://www.instagram.com/reel/DLUdR3BPRcQ/?hl=id,ok,C:\bdc_cache\video\ig_DLUdR3BPRcQ.mp4,C:\bdc_cache\meta\ig_DLUdR3BPRcQ.json,,617,4,,676,,2026-08-07 22:27:20
ig_DLUesJ4RTin,instagram,https://www.instagram.com/reel/DLUesJ4RTin/?utm_source=ig_web_copy_link&igsh=MzRlODBiNWFlZA==,failed,,,,,,,,DownloadError: ERROR: [Instagram] DLUesJ4RTin: Video info extraction failed: HTTP Error 400: Bad Request (caused by <HTTPError 400: Bad Request>),2026-08-08 01:15:53
ig_DLUnmw6TF--,instagram,https://www.instagram.com/reel/DLUnmw6TF--/?igsh=N3YwbzRyb2xtdjd0,ok,C:\bdc_cache\video\ig_DLUnmw6TF--.mp4,C:\bdc_cache\meta\ig_DLUnmw6TF--.json,,519,37,,268,,2026-08-07 21:42:47
ig_DLW9kprxKTe,instagram,https://www.instagram.com/reel/DLW9kprxKTe/?igsh=bmwxdWJmeGd0YXY1,ok,C:\bdc_cache\video\ig_DLW9kprxKTe.mp4,C:\bdc_cache\meta\ig_DLW9kprxKTe.json,,1655,9,,129,,2026-08-07 20:21:08
ig_DLXPnmazMa_,instagram,https://www.instagram.com/reel/DLXPnmazMa_/,ok,C:\bdc_cache\video\ig_DLXPnmazMa_.mp4,C:\bdc_cache\meta\ig_DLXPnmazMa_.json,,34486,484,,475,,2026-08-07 20:59:54
ig_DLXVnweSFFf,instagram,https://www.instagram.com/autonetmagz/reel/DLXVnweSFFf/,ok,C:\bdc_cache\video\ig_DLXVnweSFFf.mp4,C:\bdc_cache\meta\ig_DLXVnweSFFf.json,,819,20,,470,,2026-08-07 21:16:38
ig_DLY2Y8hTKqt,instagram,https://www.instagram.com/reel/DLY2Y8hTKqt/,ok,C:\bdc_cache\video\ig_DLY2Y8hTKqt.mp4,C:\bdc_cache\meta\ig_DLY2Y8hTKqt.json,,15851,109,,348,,2026-08-07 21:00:06
ig_DLZlNnoRLn1,instagram,https://www.instagram.com/reel/DLZlNnoRLn1/?utm_source=ig_web_copy_link&igsh=MzRlODBiNWFlZA==,failed,,,,,,,,DownloadError: ERROR: [Instagram] DLZlNnoRLn1: Video info extraction failed: HTTP Error 400: Bad Request (caused by <HTTPError 400: Bad Request>),2026-08-08 01:15:20
ig_DLZoJ8CytTe,instagram,https://www.instagram.com/reel/DLZoJ8CytTe/,ok,C:\bdc_cache\video\ig_DLZoJ8CytTe.mp4,C:\bdc_cache\meta\ig_DLZoJ8CytTe.json,,249,16,,821,,2026-08-07 20:48:26
ig_DLZug6lhD0d,instagram,https://www.instagram.com/reel/DLZug6lhD0d/?utm_source=ig_web_copy_link&igsh=MzRlODBiNWFlZA==,failed,,,,,,,,"DownloadError: ERROR: [Instagram] DLZug6lhD0d: Instagram sent an empty media response. Check if this post is accessible in your browser without being logged-in. If it is not, then use --cookies-from-browser or --cookies for the authentication. See  https://github.com/yt-dlp/yt-dlp/wiki/FAQ#how-do-i-",2026-08-07 22:01:31
ig_DLbUgLKzTdm,instagram,https://www.instagram.com/reel/DLbUgLKzTdm/,ok,C:\bdc_cache\video\ig_DLbUgLKzTdm.mp4,C:\bdc_cache\meta\ig_DLbUgLKzTdm.json,,11821,450,,858,,2026-08-07 21:00:37
ig_DLd7bkYyuV6,instagram,https://www.instagram.com/reel/DLd7bkYyuV6/?igsh=azBpd2VxMW5vM2I2,ok,C:\bdc_cache\video\ig_DLd7bkYyuV6.mp4,C:\bdc_cache\meta\ig_DLd7bkYyuV6.json,,28159,115,,1193,,2026-08-07 20:38:00
ig_DLhVH5tSeOQ,instagram,https://www.instagram.com/reel/DLhVH5tSeOQ/?igsh=MWFjamUxY3lybnN4NQ==,ok,C:\bdc_cache\video\ig_DLhVH5tSeOQ.mp4,C:\bdc_cache\meta\ig_DLhVH5tSeOQ.json,,2895,13,,260,,2026-08-07 21:45:25
ig_DLhe1uwT0ux,instagram,https://www.instagram.com/reel/DLhe1uwT0ux/?igsh=b3RsM3RkeGUxanln,ok,C:\bdc_cache\video\ig_DLhe1uwT0ux.mp4,C:\bdc_cache\meta\ig_DLhe1uwT0ux.json,,217,69,,331,,2026-08-07 21:42:14
ig_DLj6O_fSaTB,instagram,https://www.instagram.com/reel/DLj6O_fSaTB/?igsh=MWw2ZjBmNHozbnU2MQ==,ok,C:\bdc_cache\video\ig_DLj6O_fSaTB.mp4,C:\bdc_cache\meta\ig_DLj6O_fSaTB.json,,9695,206,,287,,2026-08-07 21:55:44
ig_DLkHxpXxXz0,instagram,https://www.instagram.com/reel/DLkHxpXxXz0/?hl=id,ok,C:\bdc_cache\video\ig_DLkHxpXxXz0.mp4,C:\bdc_cache\meta\ig_DLkHxpXxXz0.json,,50,0,,279,,2026-08-07 22:27:13
ig_DLluizmyaG9,instagram,https://www.instagram.com/reel/DLluizmyaG9/?igsh=MXRpYjVtYzZ5OHV5MQ%3D%3D,ok,C:\bdc_cache\video\ig_DLluizmyaG9.mp4,C:\bdc_cache\meta\ig_DLluizmyaG9.json,,8452,92,,1069,,2026-08-07 20:21:16
ig_DLlwAYFhEDG,instagram,https://www.instagram.com/otomotifweekly/reel/DLlwAYFhEDG/,ok,C:\bdc_cache\video\ig_DLlwAYFhEDG.mp4,C:\bdc_cache\meta\ig_DLlwAYFhEDG.json,,3575,101,,418,,2026-08-07 21:16:11
ig_DLm4ogqhswJ,instagram,https://www.instagram.com/reel/DLm4ogqhswJ/?igsh=NjR3dGN3bWN2dGNh,ok,C:\bdc_cache\video\ig_DLm4ogqhswJ.mp4,C:\bdc_cache\meta\ig_DLm4ogqhswJ.json,,8737,50,,166,,2026-08-07 22:26:38
ig_DLn8SMvyPca,instagram,https://www.instagram.com/reel/DLn8SMvyPca/?igsh=Z2tndjRmM2E4emhm,ok,C:\bdc_cache\video\ig_DLn8SMvyPca.mp4,C:\bdc_cache\meta\ig_DLn8SMvyPca.json,,70805,3450,,555,,2026-08-07 20:37:30
ig_DLpiur6yIvq,instagram,https://www.instagram.com/reel/DLpiur6yIvq/,ok,C:\bdc_cache\video\ig_DLpiur6yIvq.mp4,C:\bdc_cache\meta\ig_DLpiur6yIvq.json,,568,8,,338,,2026-08-07 20:48:17
ig_DLrCQUayqES,instagram,https://www.instagram.com/reel/DLrCQUayqES/?igsh=MXdoNm9qamZ2a3M2bA%3D%3D,ok,C:\bdc_cache\video\ig_DLrCQUayqES.mp4,C:\bdc_cache\meta\ig_DLrCQUayqES.json,,226175,2044,,102,,2026-08-07 20:38:25
ig_DLrdrg2K4Jm,instagram,https://www.instagram.com/reel/DLrdrg2K4Jm/?utm_source=ig_web_copy_link&igsh=MzRlODBiNWFlZA==,ok,C:\bdc_cache\video\ig_DLrdrg2K4Jm.mp4,C:\bdc_cache\meta\ig_DLrdrg2K4Jm.json,,23,1,,600,,2026-08-07 21:34:33
ig_DLt2FA7xvIz,instagram,https://www.instagram.com/reel/DLt2FA7xvIz/,ok,C:\bdc_cache\video\ig_DLt2FA7xvIz.mp4,C:\bdc_cache\meta\ig_DLt2FA7xvIz.json,,36400,120,,420,,2026-08-07 21:00:46
ig_DLtaRz5z_t2,instagram,https://www.instagram.com/reel/DLtaRz5z_t2/?igsh=bHhrem42ZzZwMHJo,ok,C:\bdc_cache\video\ig_DLtaRz5z_t2.mp4,C:\bdc_cache\meta\ig_DLtaRz5z_t2.json,,2807,35,,322,,2026-08-07 21:42:38
ig_DLtizEnyaOn,instagram,https://www.instagram.com/reel/DLtizEnyaOn/?igsh=MTIwMmlmZXRyMHl6eg%3D%3D,ok,C:\bdc_cache\video\ig_DLtizEnyaOn.mp4,C:\bdc_cache\meta\ig_DLtizEnyaOn.json,,111183,793,,102,,2026-08-07 22:10:01
ig_DLuM-zqy_vD,instagram,https://www.instagram.com/moladin_id/reel/DLuM-zqy_vD/,ok,C:\bdc_cache\video\ig_DLuM-zqy_vD.mp4,C:\bdc_cache\meta\ig_DLuM-zqy_vD.json,,369,8,,450,,2026-08-07 20:52:35
ig_DLuZNKOzFQ_,instagram,https://www.instagram.com/reel/DLuZNKOzFQ_/?igsh=M284bXZ6a3ppZHF5,ok,C:\bdc_cache\video\ig_DLuZNKOzFQ_.mp4,C:\bdc_cache\meta\ig_DLuZNKOzFQ_.json,,4054,19,,368,,2026-08-07 20:20:36
ig_DLuruPeBcAH,instagram,https://www.instagram.com/reel/DLuruPeBcAH/?utm_source=ig_web_copy_link&igsh=MXRhMTgyNHViZDRodg==,ok,C:\bdc_cache\video\ig_DLuruPeBcAH.mp4,C:\bdc_cache\meta\ig_DLuruPeBcAH.json,,127,5,,21,,2026-08-07 22:25:18
ig_DLw9ZLjTupS,instagram,https://www.instagram.com/reel/DLw9ZLjTupS/?igsh=MTg4cWw1ZDgyMjZzeA==,ok,C:\bdc_cache\video\ig_DLw9ZLjTupS.mp4,C:\bdc_cache\meta\ig_DLw9ZLjTupS.json,,320,23,,736,,2026-08-07 21:42:55
ig_DLwZD9OS3fI,instagram,https://www.instagram.com/reel/DLwZD9OS3fI/?igsh=c2huZ2p3enBpaTFx,ok,C:\bdc_cache\video\ig_DLwZD9OS3fI.mp4,C:\bdc_cache\meta\ig_DLwZD9OS3fI.json,,470,51,,196,,2026-08-07 21:54:20
ig_DLwrr-xSQTm,instagram,https://www.instagram.com/reel/DLwrr-xSQTm/?utm_source=ig_web_copy_link&igsh=MzRlODBiNWFlZA==,ok,C:\bdc_cache\video\ig_DLwrr-xSQTm.mp4,C:\bdc_cache\meta\ig_DLwrr-xSQTm.json,,8759,419,,95,,2026-08-07 21:58:09
ig_DLxGptdBbjR,instagram,https://www.instagram.com/reel/DLxGptdBbjR/?utm_source=ig_web_copy_link&igsh=MXJkajNtd29hdnM2dw==,ok,C:\bdc_cache\video\ig_DLxGptdBbjR.mp4,C:\bdc_cache\meta\ig_DLxGptdBbjR.json,,148,8,,27,,2026-08-07 21:43:02
ig_DLy-zgyxL7P,instagram,https://www.instagram.com/reel/DLy-zgyxL7P/,ok,C:\bdc_cache\video\ig_DLy-zgyxL7P.mp4,C:\bdc_cache\meta\ig_DLy-zgyxL7P.json,,10153,64,,98,,2026-08-07 21:00:56
ig_DLys1UgTaDP,instagram,https://www.instagram.com/reel/DLys1UgTaDP/?igsh=MTI0ZDM5Y2t3azg3bA==,ok,C:\bdc_cache\video\ig_DLys1UgTaDP.mp4,C:\bdc_cache\meta\ig_DLys1UgTaDP.json,,380,53,,432,,2026-08-07 22:25:25
ig_DLytlpgzeLF,instagram,https://www.instagram.com/reel/DLytlpgzeLF/?hl=id,ok,C:\bdc_cache\video\ig_DLytlpgzeLF.mp4,C:\bdc_cache\meta\ig_DLytlpgzeLF.json,,29,0,,503,,2026-08-07 21:50:48
ig_DLzEOuRJyY9,instagram,https://www.instagram.com/reel/DLzEOuRJyY9/,ok,C:\bdc_cache\video\ig_DLzEOuRJyY9.mp4,C:\bdc_cache\meta\ig_DLzEOuRJyY9.json,,4920,33,,14,,2026-08-07 20:26:48
ig_DLzWy6nToxw,instagram,https://www.instagram.com/reel/DLzWy6nToxw/?hl=id,ok,C:\bdc_cache\video\ig_DLzWy6nToxw.mp4,C:\bdc_cache\meta\ig_DLzWy6nToxw.json,,32,0,,186,,2026-08-07 21:50:41
ig_DLzratFhGh3,instagram,https://www.instagram.com/reel/DLzratFhGh3/?utm_source=ig_web_copy_link&igsh=amRiOWxoZ2ZtOW5m,ok,C:\bdc_cache\video\ig_DLzratFhGh3.mp4,C:\bdc_cache\meta\ig_DLzratFhGh3.json,,134,6,,23,,2026-08-07 22:25:33
ig_DM-If0OyMrx,instagram,https://www.instagram.com/reel/DM-If0OyMrx/?igsh=MWoxZnZzOTl4a2psNA==,ok,C:\bdc_cache\video\ig_DM-If0OyMrx.mp4,C:\bdc_cache\meta\ig_DM-If0OyMrx.json,,352256,1875,,165,,2026-08-07 20:53:21
ig_DM-JaK4yddh,instagram,https://www.instagram.com/reel/DM-JaK4yddh/?utm_source=ig_web_copy_link,ok,C:\bdc_cache\video\ig_DM-JaK4yddh.mp4,C:\bdc_cache\meta\ig_DM-JaK4yddh.json,,54,0,,1223,,2026-08-07 22:31:54
ig_DM-MoXEJv7m,instagram,https://www.instagram.com/reel/DM-MoXEJv7m/,ok,C:\bdc_cache\video\ig_DM-MoXEJv7m.mp4,C:\bdc_cache\meta\ig_DM-MoXEJv7m.json,,11427,158,,299,,2026-08-07 20:25:08
ig_DM-UeIaPURj,instagram,https://www.instagram.com/reel/DM-UeIaPURj/?utm_source=ig_web_copy_link&igsh=MzRlODBiNWFlZA==,ok,C:\bdc_cache\video\ig_DM-UeIaPURj.mp4,C:\bdc_cache\meta\ig_DM-UeIaPURj.json,,1004,110,,22,,2026-08-07 22:30:33
ig_DM0CWs5TpvK,instagram,https://www.instagram.com/reel/DM0CWs5TpvK/?utm_source=ig_web_copy_link&igsh=MzRlODBiNWFlZA==,ok,C:\bdc_cache\video\ig_DM0CWs5TpvK.mp4,C:\bdc_cache\meta\ig_DM0CWs5TpvK.json,,723,5,,331,,2026-08-07 21:34:06
ig_DM0ChALScuv,instagram,https://www.instagram.com/reel/DM0ChALScuv/?igsh=MWphajVsYzFvMWcydg==,failed,,,,,,,,DownloadError: ERROR: [Instagram] DM0ChALScuv: This content isn't available to everyone: It can't be seen by certain audiences.,2026-08-07 22:28:49
ig_DM0Gs6kSc8_,instagram,https://www.instagram.com/reel/DM0Gs6kSc8_/?utm_source=ig_web_copy_link&igsh=MzRlODBiNWFlZA==,ok,C:\bdc_cache\video\ig_DM0Gs6kSc8_.mp4,C:\bdc_cache\meta\ig_DM0Gs6kSc8_.json,,781,25,,189,,2026-08-07 22:01:14
ig_DM1WsB5hoAA,instagram,https://www.instagram.com/reel/DM1WsB5hoAA/?igsh=MWFlc2VtZ3FjenQ1aw==,ok,C:\bdc_cache\video\ig_DM1WsB5hoAA.mp4,C:\bdc_cache\meta\ig_DM1WsB5hoAA.json,,397,23,,225,,2026-08-07 22:28:41
ig_DM1pR0ey3sX,instagram,https://www.instagram.com/reel/DM1pR0ey3sX/,ok,C:\bdc_cache\video\ig_DM1pR0ey3sX.mp4,C:\bdc_cache\meta\ig_DM1pR0ey3sX.json,,168,4,,475,,2026-08-07 20:48:00
ig_DM2DYuURXAS,instagram,https://www.instagram.com/reel/DM2DYuURXAS/?igsh=Z3lzNDZtdDhxeWxn,ok,C:\bdc_cache\video\ig_DM2DYuURXAS.mp4,C:\bdc_cache\meta\ig_DM2DYuURXAS.json,,9109,71,,239,,2026-08-07 22:09:26
ig_DM2G4Yny06x,instagram,https://www.instagram.com/moladin_id/reel/DM2G4Yny06x/,ok,C:\bdc_cache\video\ig_DM2G4Yny06x.mp4,C:\bdc_cache\meta\ig_DM2G4Yny06x.json,,355,13,,697,,2026-08-07 20:52:01
ig_DM2TLDOR492,instagram,https://www.instagram.com/reel/DM2TLDOR492/?utm_source=ig_web_copy_link&igsh=MzRlODBiNWFlZA==,ok,C:\bdc_cache\video\ig_DM2TLDOR492.mp4,C:\bdc_cache\meta\ig_DM2TLDOR492.json,,1870,105,,616,,2026-08-07 21:26:00
ig_DM2lwEDSjVI,instagram,https://www.instagram.com/reel/DM2lwEDSjVI/?utm_source=ig_web_copy_link&igsh=MzRlODBiNWFlZA==,ok,C:\bdc_cache\video\ig_DM2lwEDSjVI.mp4,C:\bdc_cache\meta\ig_DM2lwEDSjVI.json,,531,26,,1343,,2026-08-07 21:28:39
ig_DM4qKYWJXcc,instagram,https://www.instagram.com/reel/DM4qKYWJXcc/,ok,C:\bdc_cache\video\ig_DM4qKYWJXcc.mp4,C:\bdc_cache\meta\ig_DM4qKYWJXcc.json,,3220,17,,374,,2026-08-07 20:39:23
ig_DM5E9Dox3na,instagram,https://www.instagram.com/reel/DM5E9Dox3na/?utm_source=ig_web_copy_link&igsh=MzRlODBiNWFlZA==,ok,C:\bdc_cache\video\ig_DM5E9Dox3na.mp4,C:\bdc_cache\meta\ig_DM5E9Dox3na.json,,3015,7,,81,,2026-08-07 21:58:33
ig_DM6mD8jyIV6,instagram,https://www.instagram.com/reel/DM6mD8jyIV6/?utm_source=ig_web_copy_link,ok,C:\bdc_cache\video\ig_DM6mD8jyIV6.mp4,C:\bdc_cache\meta\ig_DM6mD8jyIV6.json,,1318,16,,333,,2026-08-07 22:22:54
ig_DM7I5rNp3au,instagram,https://www.instagram.com/reel/DM7I5rNp3au/?utm_source=ig_web_copy_link&igsh=MzRlODBiNWFlZA==,ok,C:\bdc_cache\video\ig_DM7I5rNp3au.mp4,C:\bdc_cache\meta\ig_DM7I5rNp3au.json,,1274,12,,868,,2026-08-07 22:22:44
ig_DM7QsjnRCoa,instagram,https://www.instagram.com/reel/DM7QsjnRCoa/?igsh=NDQ1NW11a2ZiZW1y,ok,C:\bdc_cache\video\ig_DM7QsjnRCoa.mp4,C:\bdc_cache\meta\ig_DM7QsjnRCoa.json,,6256,306,,61,,2026-08-07 20:14:53
ig_DM7dDfpvHrv,instagram,https://www.instagram.com/reel/DM7dDfpvHrv/?hl=id,ok,C:\bdc_cache\video\ig_DM7dDfpvHrv.mp4,C:\bdc_cache\meta\ig_DM7dDfpvHrv.json,,39,2,,386,,2026-08-07 21:49:28
ig_DM7kjRsvVzB,instagram,https://www.instagram.com/reel/DM7kjRsvVzB/?utm_source=ig_web_copy_link&igsh=MzRlODBiNWFlZA==,ok,C:\bdc_cache\video\ig_DM7kjRsvVzB.mp4,C:\bdc_cache\meta\ig_DM7kjRsvVzB.json,,5954,43,,174,,2026-08-07 21:59:38
ig_DM7mvB-yh3a,instagram,https://www.instagram.com/reel/DM7mvB-yh3a/?igsh=ZWx5bHd1dnFpcjBo,ok,C:\bdc_cache\video\ig_DM7mvB-yh3a.mp4,C:\bdc_cache\meta\ig_DM7mvB-yh3a.json,,4542,120,,260,,2026-08-07 20:53:02
ig_DM7oir8PMUG,instagram,https://www.instagram.com/reel/DM7oir8PMUG/,ok,C:\bdc_cache\video\ig_DM7oir8PMUG.mp4,C:\bdc_cache\meta\ig_DM7oir8PMUG.json,,3361,13,,83,,2026-08-07 22:12:25
ig_DM7rDvfy3_k,instagram,https://www.instagram.com/moladin_id/reel/DM7rDvfy3_k/,ok,C:\bdc_cache\video\ig_DM7rDvfy3_k.mp4,C:\bdc_cache\meta\ig_DM7rDvfy3_k.json,,204,2,,525,,2026-08-07 20:51:52
ig_DM8PAMHPsh4,instagram,https://www.instagram.com/reel/DM8PAMHPsh4/?utm_source=ig_web_copy_link&igsh=MzRlODBiNWFlZA==,ok,C:\bdc_cache\video\ig_DM8PAMHPsh4.mp4,C:\bdc_cache\meta\ig_DM8PAMHPsh4.json,,301,1,,227,,2026-08-07 22:22:36
ig_DM9-OzsKZMC,instagram,https://www.instagram.com/reel/DM9-OzsKZMC/?utm_source=ig_web_copy_link&igsh=MzRlODBiNWFlZA==,ok,C:\bdc_cache\video\ig_DM9-OzsKZMC.mp4,C:\bdc_cache\meta\ig_DM9-OzsKZMC.json,,147,2,,658,,2026-08-07 21:33:53
ig_DM9-XYoxiJd,instagram,https://www.instagram.com/reel/DM9-XYoxiJd/?utm_source=ig_web_copy_link&igsh=MzRlODBiNWFlZA==,ok,C:\bdc_cache\video\ig_DM9-XYoxiJd.mp4,C:\bdc_cache\meta\ig_DM9-XYoxiJd.json,,514,26,,870,,2026-08-07 21:25:52
ig_DM9-q-rpVW6,instagram,https://www.instagram.com/reel/DM9-q-rpVW6/,ok,C:\bdc_cache\video\ig_DM9-q-rpVW6.mp4,C:\bdc_cache\meta\ig_DM9-q-rpVW6.json,,3451,31,,19,,2026-08-07 20:25:17
ig_DM99ottvLix,instagram,https://www.instagram.com/reel/DM99ottvLix/?utm_source=ig_web_copy_link&igsh=MzRlODBiNWFlZA==,ok,C:\bdc_cache\video\ig_DM99ottvLix.mp4,C:\bdc_cache\meta\ig_DM99ottvLix.json,,2170,134,,0,,2026-08-07 22:30:41
ig_DM9aQ7jxWd-,instagram,https://www.instagram.com/jagat.review/reel/DM9aQ7jxWd-/,ok,C:\bdc_cache\video\ig_DM9aQ7jxWd-.mp4,C:\bdc_cache\meta\ig_DM9aQ7jxWd-.json,,646,12,,241,,2026-08-07 22:19:35
ig_DMAEL2oS-kx,instagram,https://www.instagram.com/reel/DMAEL2oS-kx/?utm_source=ig_web_copy_link&igsh=MzRlODBiNWFlZA==,ok,C:\bdc_cache\video\ig_DMAEL2oS-kx.mp4,C:\bdc_cache\meta\ig_DMAEL2oS-kx.json,,5841,48,,165,,2026-08-07 21:29:48
ig_DMALx6DyRPU,instagram,https://www.instagram.com/reel/DMALx6DyRPU/?utm_source=ig_web_copy_link&igsh=MzRlODBiNWFlZA==,ok,C:\bdc_cache\video\ig_DMALx6DyRPU.mp4,C:\bdc_cache\meta\ig_DMALx6DyRPU.json,,117,2,,90,,2026-08-07 21:34:15
ig_DMB-jFDhexG,instagram,https://www.instagram.com/reel/DMB-jFDhexG/?igsh=MTJneDEyNHZxeGNvMg==,ok,C:\bdc_cache\video\ig_DMB-jFDhexG.mp4,C:\bdc_cache\meta\ig_DMB-jFDhexG.json,,9454,199,,3,,2026-08-07 21:45:32
ig_DMC4ItYSMeU,instagram,https://www.instagram.com/reel/DMC4ItYSMeU/?utm_source=ig_web_copy_link&igsh=MzRlODBiNWFlZA==,ok,C:\bdc_cache\video\ig_DMC4ItYSMeU.mp4,C:\bdc_cache\meta\ig_DMC4ItYSMeU.json,,5548,32,,129,,2026-08-07 21:29:40
ig_DMDBRdmyOPC,instagram,https://www.instagram.com/reel/DMDBRdmyOPC/?utm_source=ig_web_copy_link&igsh=MzRlODBiNWFlZA==,ok,C:\bdc_cache\video\ig_DMDBRdmyOPC.mp4,C:\bdc_cache\meta\ig_DMDBRdmyOPC.json,,14651,2005,,50,,2026-08-07 22:01:21
ig_DMDxiDsyM8k,instagram,https://www.instagram.com/autonetmagz/reel/DMDxiDsyM8k/,ok,C:\bdc_cache\video\ig_DMDxiDsyM8k.mp4,C:\bdc_cache\meta\ig_DMDxiDsyM8k.json,,333,10,,25,,2026-08-07 21:16:29
ig_DME6UG9R7pd,instagram,https://www.instagram.com/jagat.review/reel/DME6UG9R7pd/,ok,C:\bdc_cache\video\ig_DME6UG9R7pd.mp4,C:\bdc_cache\meta\ig_DME6UG9R7pd.json,,898,40,,985,,2026-08-07 21:17:03
ig_DME_qnczF2Y,instagram,https://www.instagram.com/reel/DME_qnczF2Y/?igsh=dTJrbnk4MTdnam92,ok,C:\bdc_cache\video\ig_DME_qnczF2Y.mp4,C:\bdc_cache\meta\ig_DME_qnczF2Y.json,,3,68,,162,,2026-08-07 20:53:31
ig_DMEz84OyvC1,instagram,https://www.instagram.com/reel/DMEz84OyvC1/?igsh=bjA5dGVkeGtxMmM1,ok,C:\bdc_cache\video\ig_DMEz84OyvC1.mp4,C:\bdc_cache\meta\ig_DMEz84OyvC1.json,,160324,1286,,169,,2026-08-07 20:57:36
ig_DMG8GSMycm6,instagram,https://www.instagram.com/otomotifweekly/reel/DMG8GSMycm6/,ok,C:\bdc_cache\video\ig_DMG8GSMycm6.mp4,C:\bdc_cache\meta\ig_DMG8GSMycm6.json,,1670,58,,429,,2026-08-07 21:16:01
ig_DMH9MwAxw3Z,instagram,https://www.instagram.com/reel/DMH9MwAxw3Z/?hl=id,ok,C:\bdc_cache\video\ig_DMH9MwAxw3Z.mp4,C:\bdc_cache\meta\ig_DMH9MwAxw3Z.json,,45,0,,436,,2026-08-07 21:50:15
ig_DMHdgmJydQG,instagram,https://www.instagram.com/reel/DMHdgmJydQG/?utm_source=ig_web_copy_link&igsh=MzRlODBiNWFlZA==,ok,C:\bdc_cache\video\ig_DMHdgmJydQG.mp4,C:\bdc_cache\meta\ig_DMHdgmJydQG.json,,4535,58,,45,,2026-08-07 21:58:01
ig_DMHoJzjPQxD,instagram,https://www.instagram.com/reel/DMHoJzjPQxD/,ok,C:\bdc_cache\video\ig_DMHoJzjPQxD.mp4,C:\bdc_cache\meta\ig_DMHoJzjPQxD.json,38.79999923706055,1036,12,,608,,2026-08-08 01:13:32
ig_DMHyhTJRej0,instagram,https://www.instagram.com/reel/DMHyhTJRej0/?igsh=MWxoeTdpaTdsMnIxcQ%3D%3D,ok,C:\bdc_cache\video\ig_DMHyhTJRej0.mp4,C:\bdc_cache\meta\ig_DMHyhTJRej0.json,,2509,182,,388,,2026-08-07 20:20:18
ig_DMKM3ChP24e,instagram,https://www.instagram.com/reel/DMKM3ChP24e/,ok,C:\bdc_cache\video\ig_DMKM3ChP24e.mp4,C:\bdc_cache\meta\ig_DMKM3ChP24e.json,,1828,20,,125,,2026-08-07 20:45:50
ig_DMLQ0jASxMf,instagram,https://www.instagram.com/reel/DMLQ0jASxMf/?utm_source=ig_web_copy_link&igsh=MzRlODBiNWFlZA==,ok,C:\bdc_cache\video\ig_DMLQ0jASxMf.mp4,C:\bdc_cache\meta\ig_DMLQ0jASxMf.json,,122,5,,690,,2026-08-07 22:05:41
ig_DMMgNtJhcB-,instagram,https://www.instagram.com/reel/DMMgNtJhcB-/?igsh=ZTd3eHNkYjB0dXRy,ok,C:\bdc_cache\video\ig_DMMgNtJhcB-.mp4,C:\bdc_cache\meta\ig_DMMgNtJhcB-.json,,7632,45,,145,,2026-08-07 21:46:47
ig_DMMsRlryLZy,instagram,https://www.instagram.com/reel/DMMsRlryLZy/?utm_source=ig_web_copy_link,ok,C:\bdc_cache\video\ig_DMMsRlryLZy.mp4,C:\bdc_cache\meta\ig_DMMsRlryLZy.json,,178,23,,393,,2026-08-07 22:05:32
ig_DMNJeciTz6C,instagram,https://www.instagram.com/reel/DMNJeciTz6C/?igsh=MTR0enhwYjNia3J0bA==,ok,C:\bdc_cache\video\ig_DMNJeciTz6C.mp4,C:\bdc_cache\meta\ig_DMNJeciTz6C.json,,338,81,,334,,2026-08-07 21:43:10
ig_DMP06ghP33R,instagram,https://www.instagram.com/buburayamracer/reel/DMP06ghP33R/,ok,C:\bdc_cache\video\ig_DMP06ghP33R.mp4,C:\bdc_cache\meta\ig_DMP06ghP33R.json,,45396,294,,100,,2026-08-07 21:15:44
ig_DMP4bB4JTMv,instagram,https://www.instagram.com/reel/DMP4bB4JTMv/?igsh=MWJxM2wxNGVpaGI1dA==,ok,C:\bdc_cache\video\ig_DMP4bB4JTMv.mp4,C:\bdc_cache\meta\ig_DMP4bB4JTMv.json,,4664,34,,299,,2026-08-07 22:14:01
ig_DMPBRIWRtnB,instagram,https://www.instagram.com/reel/DMPBRIWRtnB/?hl=id,ok,C:\bdc_cache\video\ig_DMPBRIWRtnB.mp4,C:\bdc_cache\meta\ig_DMPBRIWRtnB.json,,20,0,,487,,2026-08-07 21:50:07
ig_DMPbuoeRItb,instagram,https://www.instagram.com/otomotifweekly/reel/DMPbuoeRItb/,ok,C:\bdc_cache\video\ig_DMPbuoeRItb.mp4,C:\bdc_cache\meta\ig_DMPbuoeRItb.json,,1803,22,,376,,2026-08-07 21:15:53
ig_DMPoIjSxhL2,instagram,https://www.instagram.com/reel/DMPoIjSxhL2/?utm_source=ig_web_copy_link&igsh=MzRlODBiNWFlZA==,ok,C:\bdc_cache\video\ig_DMPoIjSxhL2.mp4,C:\bdc_cache\meta\ig_DMPoIjSxhL2.json,,952,72,,503,,2026-08-07 21:26:16
ig_DMRqecSRm7M,instagram,https://www.instagram.com/reel/DMRqecSRm7M/?igsh=MWd0ejliMHhzZjhleg%3D%3D,ok,C:\bdc_cache\video\ig_DMRqecSRm7M.mp4,C:\bdc_cache\meta\ig_DMRqecSRm7M.json,160.60000610351562,13963,829,,350,,2026-08-08 01:09:12
ig_DMRsIjVxA4J,instagram,https://www.instagram.com/jagat.review/reel/DMRsIjVxA4J/,ok,C:\bdc_cache\video\ig_DMRsIjVxA4J.mp4,C:\bdc_cache\meta\ig_DMRsIjVxA4J.json,,238,4,,584,,2026-08-07 22:19:54
ig_DMSllfphro-,instagram,https://www.instagram.com/reel/DMSllfphro-/?igsh=czkwajhoNnU5ZWF6,ok,C:\bdc_cache\video\ig_DMSllfphro-.mp4,C:\bdc_cache\meta\ig_DMSllfphro-.json,,27905,404,,136,,2026-08-07 21:46:56
ig_DMUJzKiR8WN,instagram,https://www.instagram.com/jagat.review/reel/DMUJzKiR8WN/,ok,C:\bdc_cache\video\ig_DMUJzKiR8WN.mp4,C:\bdc_cache\meta\ig_DMUJzKiR8WN.json,,1267,47,,488,,2026-08-07 22:19:45
ig_DMUQW-dy0Nm,instagram,https://www.instagram.com/reel/DMUQW-dy0Nm/?utm_source=ig_web_copy_link&igsh=MzRlODBiNWFlZA==,failed,,,,,,,,"DownloadError: ERROR: [Instagram] DMUQW-dy0Nm: Instagram sent an empty media response. Check if this post is accessible in your browser without being logged-in. If it is not, then use --cookies-from-browser or --cookies for the authentication. See  https://github.com/yt-dlp/yt-dlp/wiki/FAQ#how-do-i-",2026-08-07 22:32:02
ig_DMUk6HVSJGZ,instagram,https://www.instagram.com/reel/DMUk6HVSJGZ/?utm_source=ig_web_copy_link&igsh=MzRlODBiNWFlZA==,ok,C:\bdc_cache\video\ig_DMUk6HVSJGZ.mp4,C:\bdc_cache\meta\ig_DMUk6HVSJGZ.json,,57,4,,422,,2026-08-07 22:05:22
ig_DMVRWpmTqUC,instagram,https://www.instagram.com/reel/DMVRWpmTqUC/?igsh=dTEwdm9wdzk0aXgy,failed,,,,,,,,"DownloadError: ERROR: [Instagram] DMVRWpmTqUC: Instagram sent an empty media response. Check if this post is accessible in your browser without being logged-in. If it is not, then use --cookies-from-browser or --cookies for the authentication. See  https://github.com/yt-dlp/yt-dlp/wiki/FAQ#how-do-i-",2026-08-07 22:08:23
ig_DMW4u0Czu2u,instagram,https://www.instagram.com/reel/DMW4u0Czu2u/?utm_source=ig_web_copy_link,ok,C:\bdc_cache\video\ig_DMW4u0Czu2u.mp4,C:\bdc_cache\meta\ig_DMW4u0Czu2u.json,,540,20,,351,,2026-08-07 22:05:14
ig_DMWrRymh0tx,instagram,https://www.instagram.com/otomotif_tv/reel/DMWrRymh0tx/,ok,C:\bdc_cache\video\ig_DMWrRymh0tx.mp4,C:\bdc_cache\meta\ig_DMWrRymh0tx.json,,10818,465,,363,,2026-08-07 22:19:19
ig_DMWy5PEy4xZ,instagram,https://www.instagram.com/reel/DMWy5PEy4xZ/?utm_source=ig_web_copy_link&igsh=MzRlODBiNWFlZA==,ok,C:\bdc_cache\video\ig_DMWy5PEy4xZ.mp4,C:\bdc_cache\meta\ig_DMWy5PEy4xZ.json,,15116,199,,76,,2026-08-07 22:29:24
ig_DMXQuTKRfmV,instagram,https://www.instagram.com/reel/DMXQuTKRfmV/?igsh=MXRqbjN1ZXhkenpxMg%3D%3D,ok,C:\bdc_cache\video\ig_DMXQuTKRfmV.mp4,C:\bdc_cache\meta\ig_DMXQuTKRfmV.json,,7911,52,,174,,2026-08-07 20:19:57
ig_DMXTZgrPSvm,instagram,https://www.instagram.com/reel/DMXTZgrPSvm/,ok,C:\bdc_cache\video\ig_DMXTZgrPSvm.mp4,C:\bdc_cache\meta\ig_DMXTZgrPSvm.json,,473,9,,165,,2026-08-07 22:12:55
ig_DMXXrHXpE5y,instagram,https://www.instagram.com/reel/DMXXrHXpE5y/?igsh=NnIzZTJzZG1rbXp2,ok,C:\bdc_cache\video\ig_DMXXrHXpE5y.mp4,C:\bdc_cache\meta\ig_DMXXrHXpE5y.json,,450,50,,609,,2026-08-07 21:43:50
ig_DMXlpMhz12R,instagram,https://www.instagram.com/reel/DMXlpMhz12R/?utm_source=ig_web_copy_link&igsh=MzRlODBiNWFlZA==,ok,C:\bdc_cache\video\ig_DMXlpMhz12R.mp4,C:\bdc_cache\meta\ig_DMXlpMhz12R.json,,3268,16,,140,,2026-08-07 21:36:21
ig_DMYECWsTFiJ,instagram,https://www.instagram.com/reel/DMYECWsTFiJ/?utm_source=ig_web_copy_link&igsh=MzRlODBiNWFlZA==,ok,C:\bdc_cache\video\ig_DMYECWsTFiJ.mp4,C:\bdc_cache\meta\ig_DMYECWsTFiJ.json,,63902,278,,92,,2026-08-07 22:22:04
ig_DMZ-uW6x9JA,instagram,https://www.instagram.com/reel/DMZ-uW6x9JA/?hl=id,ok,C:\bdc_cache\video\ig_DMZ-uW6x9JA.mp4,C:\bdc_cache\meta\ig_DMZ-uW6x9JA.json,,60,1,,518,,2026-08-07 21:49:58
ig_DMZ0V5Fpi1j,instagram,https://www.instagram.com/reel/DMZ0V5Fpi1j/,ok,C:\bdc_cache\video\ig_DMZ0V5Fpi1j.mp4,C:\bdc_cache\meta\ig_DMZ0V5Fpi1j.json,,6837,92,,177,,2026-08-07 22:10:22
ig_DMZ5amBx0TN,instagram,https://www.instagram.com/reel/DMZ5amBx0TN/?utm_source=ig_web_copy_link&igsh=MzRlODBiNWFlZA==,ok,C:\bdc_cache\video\ig_DMZ5amBx0TN.mp4,C:\bdc_cache\meta\ig_DMZ5amBx0TN.json,,9601,159,,722,,2026-08-07 21:26:08
ig_DM_-hwyRkLr,instagram,https://www.instagram.com/jagat.review/reel/DM_-hwyRkLr/,ok,C:\bdc_cache\video\ig_DM_-hwyRkLr.mp4,C:\bdc_cache\meta\ig_DM_-hwyRkLr.json,,872,25,,537,,2026-08-07 21:16:47
ig_DM_4hlAJR8U,instagram,https://www.instagram.com/reel/DM_4hlAJR8U/,ok,C:\bdc_cache\video\ig_DM_4hlAJR8U.mp4,C:\bdc_cache\meta\ig_DM_4hlAJR8U.json,30.975000381469727,13818,237,,36,,2026-08-08 01:11:46
ig_DM_q6MPK8sH,instagram,https://www.instagram.com/reel/DM_q6MPK8sH/?utm_source=ig_web_copy_link&igsh=MzRlODBiNWFlZA==,ok,C:\bdc_cache\video\ig_DM_q6MPK8sH.mp4,C:\bdc_cache\meta\ig_DM_q6MPK8sH.json,,92,0,,173,,2026-08-07 21:33:45
ig_DMaJB-KJbM1,instagram,https://www.instagram.com/reel/DMaJB-KJbM1/,ok,C:\bdc_cache\video\ig_DMaJB-KJbM1.mp4,C:\bdc_cache\meta\ig_DMaJB-KJbM1.json,,2260,39,,105,,2026-08-07 20:26:30
ig_DMb2iVHTUma,instagram,https://www.instagram.com/buburayamracer/reel/DMb2iVHTUma/,ok,C:\bdc_cache\video\ig_DMb2iVHTUma.mp4,C:\bdc_cache\meta\ig_DMb2iVHTUma.json,,1399,18,,1083,,2026-08-07 21:15:35
ig_DMbifQvBvxE,instagram,https://www.instagram.com/reel/DMbifQvBvxE/,ok,C:\bdc_cache\video\ig_DMbifQvBvxE.mp4,C:\bdc_cache\meta\ig_DMbifQvBvxE.json,,3,43,,274,,2026-08-07 20:26:22
ig_DMbkMM7zuNt,instagram,https://www.instagram.com/otomotif_tv/reel/DMbkMM7zuNt/,ok,C:\bdc_cache\video\ig_DMbkMM7zuNt.mp4,C:\bdc_cache\meta\ig_DMbkMM7zuNt.json,,436,5,,731,,2026-08-07 21:13:59
ig_DMc1SxqJ_h-,instagram,https://www.instagram.com/reel/DMc1SxqJ_h-/?igsh=N3o3ZGpidDhkOHc2,ok,C:\bdc_cache\video\ig_DMc1SxqJ_h-.mp4,C:\bdc_cache\meta\ig_DMc1SxqJ_h-.json,,322,35,,555,,2026-08-07 22:25:41
ig_DMc3cmsvTW4,instagram,https://www.instagram.com/reel/DMc3cmsvTW4/?hl=id,ok,C:\bdc_cache\video\ig_DMc3cmsvTW4.mp4,C:\bdc_cache\meta\ig_DMc3cmsvTW4.json,,51,0,,421,,2026-08-07 21:49:51
ig_DMcHCyMJWv3,instagram,https://www.instagram.com/reel/DMcHCyMJWv3/?utm_source=ig_web_copy_link&igsh=MzRlODBiNWFlZA==,ok,C:\bdc_cache\video\ig_DMcHCyMJWv3.mp4,C:\bdc_cache\meta\ig_DMcHCyMJWv3.json,,494,22,,360,,2026-08-07 22:04:56
ig_DMfN-ehv59F,instagram,https://www.instagram.com/jagat.review/reel/DMfN-ehv59F/,ok,C:\bdc_cache\video\ig_DMfN-ehv59F.mp4,C:\bdc_cache\meta\ig_DMfN-ehv59F.json,,297,8,,318,,2026-08-07 21:16:55
ig_DMg4c-eqEyX,instagram,https://www.instagram.com/reel/DMg4c-eqEyX/?utm_source=ig_web_copy_link&igsh=MzRlODBiNWFlZA==,ok,C:\bdc_cache\video\ig_DMg4c-eqEyX.mp4,C:\bdc_cache\meta\ig_DMg4c-eqEyX.json,,22,1,,572,,2026-08-07 22:23:12
ig_DMh3m5rvW3x,instagram,https://www.instagram.com/reel/DMh3m5rvW3x/?utm_source=ig_web_copy_link&igsh=MzRlODBiNWFlZA==,ok,C:\bdc_cache\video\ig_DMh3m5rvW3x.mp4,C:\bdc_cache\meta\ig_DMh3m5rvW3x.json,,3353,116,,424,,2026-08-07 21:29:04
ig_DMh5-IjhyIw,instagram,https://www.instagram.com/reel/DMh5-IjhyIw/,ok,C:\bdc_cache\video\ig_DMh5-IjhyIw.mp4,C:\bdc_cache\meta\ig_DMh5-IjhyIw.json,,1080,40,,446,,2026-08-07 21:13:49
ig_DMhKJSaTSRf,instagram,https://www.instagram.com/reel/DMhKJSaTSRf/,ok,C:\bdc_cache\video\ig_DMhKJSaTSRf.mp4,C:\bdc_cache\meta\ig_DMhKJSaTSRf.json,,12328,101,,112,,2026-08-07 22:16:00
ig_DMj2HkQKSl_,instagram,https://www.instagram.com/reel/DMj2HkQKSl_/?utm_source=ig_web_copy_link&igsh=MzRlODBiNWFlZA==,failed,,,,,,,,"DownloadError: ERROR: [Instagram] DMj2HkQKSl_: Unable to download webpage: HTTPSConnectionPool(host='www.instagram.com', port=443): Read timed out. (read timeout=30.0) (caused by TransportError(""HTTPSConnectionPool(host='www.instagram.com', port=443): Read timed out. (read timeout=30.0)""))",2026-08-07 21:59:58
ig_DMjOYJrzCQp,instagram,https://www.instagram.com/autonetmagz/reel/DMjOYJrzCQp/,ok,C:\bdc_cache\video\ig_DMjOYJrzCQp.mp4,C:\bdc_cache\meta\ig_DMjOYJrzCQp.json,,745,16,,587,,2026-08-07 21:16:19
ig_DMjo8jKRvlV,instagram,https://www.instagram.com/reel/DMjo8jKRvlV/?igsh=MWp1cHZ2dXd5aTNhaw%3D%3D,ok,C:\bdc_cache\video\ig_DMjo8jKRvlV.mp4,C:\bdc_cache\meta\ig_DMjo8jKRvlV.json,,5571,80,,465,,2026-08-07 20:19:48
ig_DMkLaw4Rqt5,instagram,https://www.instagram.com/reel/DMkLaw4Rqt5/?igsh=MWNhMnR0aHp2cnc2ZQ%3D%3D,ok,C:\bdc_cache\video\ig_DMkLaw4Rqt5.mp4,C:\bdc_cache\meta\ig_DMkLaw4Rqt5.json,,3587,83,,180,,2026-08-07 20:36:46
ig_DMkSLX6Ruas,instagram,https://www.instagram.com/reel/DMkSLX6Ruas/?utm_source=ig_web_copy_link&igsh=MzRlODBiNWFlZA==,ok,C:\bdc_cache\video\ig_DMkSLX6Ruas.mp4,C:\bdc_cache\meta\ig_DMkSLX6Ruas.json,,7395,207,,924,,2026-08-07 21:24:03
ig_DMkjkegTXs5,instagram,https://www.instagram.com/reel/DMkjkegTXs5/?utm_source=ig_web_copy_link&igsh=MzRlODBiNWFlZA==,ok,C:\bdc_cache\video\ig_DMkjkegTXs5.mp4,C:\bdc_cache\meta\ig_DMkjkegTXs5.json,,168,7,,817,,2026-08-07 21:28:56
ig_DMlzuuJBCqm,instagram,https://www.instagram.com/reel/DMlzuuJBCqm/?utm_source=ig_web_copy_link&igsh=MzRlODBiNWFlZA==,ok,C:\bdc_cache\video\ig_DMlzuuJBCqm.mp4,C:\bdc_cache\meta\ig_DMlzuuJBCqm.json,,23722,715,,119,,2026-08-07 22:30:08
ig_DMm5ofzxt1D,instagram,https://www.instagram.com/reel/DMm5ofzxt1D/?igsh=OGd4eXA1MGJlaWV1,ok,C:\bdc_cache\video\ig_DMm5ofzxt1D.mp4,C:\bdc_cache\meta\ig_DMm5ofzxt1D.json,,4202,89,,352,,2026-08-07 20:19:16
ig_DMmKMrNxr50,instagram,http://instagram.com/reel/DMmKMrNxr50/?igsh=MWgzOHlpNnd0M3VmNw%3D%3D,ok,C:\bdc_cache\video\ig_DMmKMrNxr50.mp4,C:\bdc_cache\meta\ig_DMmKMrNxr50.json,,8762,192,,548,,2026-08-07 20:36:36
ig_DMnUOVsSTMH,instagram,https://www.instagram.com/reel/DMnUOVsSTMH/?utm_source=ig_web_copy_link&igsh=MzRlODBiNWFlZA==,ok,C:\bdc_cache\video\ig_DMnUOVsSTMH.mp4,C:\bdc_cache\meta\ig_DMnUOVsSTMH.json,,26938,376,,252,,2026-08-07 21:35:45
ig_DMnUS9LS5nx,instagram,https://www.instagram.com/reel/DMnUS9LS5nx/?utm_source=ig_web_copy_link&igsh=MzRlODBiNWFlZA==,ok,C:\bdc_cache\video\ig_DMnUS9LS5nx.mp4,C:\bdc_cache\meta\ig_DMnUS9LS5nx.json,,3842,73,,498,,2026-08-07 22:23:47
ig_DMnfSLEv_q7,instagram,https://www.instagram.com/reel/DMnfSLEv_q7/?utm_source=ig_web_copy_link&igsh=MzRlODBiNWFlZA==,ok,C:\bdc_cache\video\ig_DMnfSLEv_q7.mp4,C:\bdc_cache\meta\ig_DMnfSLEv_q7.json,,1236,3,,160,,2026-08-07 21:28:48
ig_DMo9r54zftR,instagram,https://www.instagram.com/reel/DMo9r54zftR/?utm_source=ig_web_copy_link&igsh=MzRlODBiNWFlZA==,ok,C:\bdc_cache\video\ig_DMo9r54zftR.mp4,C:\bdc_cache\meta\ig_DMo9r54zftR.json,,246,4,,226,,2026-08-07 22:23:03
ig_DMozK27xS7J,instagram,https://www.instagram.com/reel/DMozK27xS7J/?igsh=d25seXltcmc2MWpq,ok,C:\bdc_cache\video\ig_DMozK27xS7J.mp4,C:\bdc_cache\meta\ig_DMozK27xS7J.json,,10486,222,,204,,2026-08-07 20:36:27
ig_DMpUrCKxQj5,instagram,https://www.instagram.com/reel/DMpUrCKxQj5/?igsh=bGh5bTBia2xmZXU4,ok,C:\bdc_cache\video\ig_DMpUrCKxQj5.mp4,C:\bdc_cache\meta\ig_DMpUrCKxQj5.json,,2487,16,,393,,2026-08-07 22:09:35
ig_DMphHxmv5_Z,instagram,https://www.instagram.com/reel/DMphHxmv5_Z/?utm_source=ig_web_copy_link&igsh=MzRlODBiNWFlZA==,ok,C:\bdc_cache\video\ig_DMphHxmv5_Z.mp4,C:\bdc_cache\meta\ig_DMphHxmv5_Z.json,,3958,52,,250,,2026-08-07 21:29:31
ig_DMpkdG3J0bS,instagram,https://www.instagram.com/reel/DMpkdG3J0bS/?utm_source=ig_web_copy_link,ok,C:\bdc_cache\video\ig_DMpkdG3J0bS.mp4,C:\bdc_cache\meta\ig_DMpkdG3J0bS.json,,15263,31,,163,,2026-08-07 21:57:53
ig_DMppfoHSJ_I,instagram,https://www.instagram.com/moladin_id/reel/DMppfoHSJ_I/,ok,C:\bdc_cache\video\ig_DMppfoHSJ_I.mp4,C:\bdc_cache\meta\ig_DMppfoHSJ_I.json,,868,43,,454,,2026-08-07 20:52:26
ig_DMr4dcRJtdb,instagram,https://www.instagram.com/reel/DMr4dcRJtdb/?igsh=MWgyZ2Nzc3V6c2p4dw==,ok,C:\bdc_cache\video\ig_DMr4dcRJtdb.mp4,C:\bdc_cache\meta\ig_DMr4dcRJtdb.json,,254,79,,368,,2026-08-07 21:43:18
ig_DMrSfkGzVwK,instagram,https://www.instagram.com/reel/DMrSfkGzVwK/?igsh=MTY5aXFxNW8yejhwcA%3D%3D,ok,C:\bdc_cache\video\ig_DMrSfkGzVwK.mp4,C:\bdc_cache\meta\ig_DMrSfkGzVwK.json,,4561,93,,429,,2026-08-07 20:36:17
ig_DMrXFfxxWpV,instagram,https://www.instagram.com/reel/DMrXFfxxWpV/?hl=id,ok,C:\bdc_cache\video\ig_DMrXFfxxWpV.mp4,C:\bdc_cache\meta\ig_DMrXFfxxWpV.json,,76,0,,597,,2026-08-07 22:27:05
ig_DMsAQacz6Q5,instagram,https://www.instagram.com/reel/DMsAQacz6Q5/?hl=id,ok,C:\bdc_cache\video\ig_DMsAQacz6Q5.mp4,C:\bdc_cache\meta\ig_DMsAQacz6Q5.json,,17,0,,439,,2026-08-07 21:49:43
ig_DMu0uGhJ-Ll,instagram,https://www.instagram.com/reel/DMu0uGhJ-Ll/,ok,C:\bdc_cache\video\ig_DMu0uGhJ-Ll.mp4,C:\bdc_cache\meta\ig_DMu0uGhJ-Ll.json,,2369,21,,64,,2026-08-07 20:26:05
ig_DMu2pTjpJ5A,instagram,https://www.instagram.com/reel/DMu2pTjpJ5A/?igsh=NnRwcGZsOGtxdGE1,ok,C:\bdc_cache\video\ig_DMu2pTjpJ5A.mp4,C:\bdc_cache\meta\ig_DMu2pTjpJ5A.json,,357,84,,650,,2026-08-07 21:43:26
ig_DMu9O1CP_cc,instagram,https://www.instagram.com/reel/DMu9O1CP_cc/,ok,C:\bdc_cache\video\ig_DMu9O1CP_cc.mp4,C:\bdc_cache\meta\ig_DMu9O1CP_cc.json,,1509,23,,221,,2026-08-07 20:45:58
ig_DMu9frCvTSx,instagram,https://www.instagram.com/reel/DMu9frCvTSx/?utm_source=ig_web_copy_link&igsh=MzRlODBiNWFlZA==,ok,C:\bdc_cache\video\ig_DMu9frCvTSx.mp4,C:\bdc_cache\meta\ig_DMu9frCvTSx.json,,11572,270,,123,,2026-08-07 21:59:49
ig_DMuCyqkJwwB,instagram,https://www.instagram.com/reel/DMuCyqkJwwB/?igsh=eTg2ZWtyYTF4ZWxh,ok,C:\bdc_cache\video\ig_DMuCyqkJwwB.mp4,C:\bdc_cache\meta\ig_DMuCyqkJwwB.json,,293,20,,573,,2026-08-07 20:18:48
ig_DMuIn2BJhgC,instagram,https://www.instagram.com/reel/DMuIn2BJhgC/,ok,C:\bdc_cache\video\ig_DMuIn2BJhgC.mp4,C:\bdc_cache\meta\ig_DMuIn2BJhgC.json,,886,31,,194,,2026-08-07 20:39:41
ig_DMus1qdh63R,instagram,https://www.instagram.com/moladin_id/reel/DMus1qdh63R/,ok,C:\bdc_cache\video\ig_DMus1qdh63R.mp4,C:\bdc_cache\meta\ig_DMus1qdh63R.json,,297,0,,378,,2026-08-07 20:52:08
ig_DMuu7WXJSqc,instagram,https://www.instagram.com/reel/DMuu7WXJSqc/?igsh=MTk5dWRpcHJ3aXE1Nw==,ok,C:\bdc_cache\video\ig_DMuu7WXJSqc.mp4,C:\bdc_cache\meta\ig_DMuu7WXJSqc.json,,373,75,,772,,2026-08-07 21:43:34
ig_DMwfzmvpolh,instagram,https://www.instagram.com/reel/DMwfzmvpolh/,ok,C:\bdc_cache\video\ig_DMwfzmvpolh.mp4,C:\bdc_cache\meta\ig_DMwfzmvpolh.json,,2915,54,,26,,2026-08-07 20:25:57
ig_DMxYMsNSZ5x,instagram,https://www.instagram.com/moladin_id/reel/DMxYMsNSZ5x/,ok,C:\bdc_cache\video\ig_DMxYMsNSZ5x.mp4,C:\bdc_cache\meta\ig_DMxYMsNSZ5x.json,,401,47,,331,,2026-08-07 20:52:17
ig_DMxcd8KhquW,instagram,https://www.instagram.com/reel/DMxcd8KhquW/?utm_source=ig_web_copy_link&igsh=bnBna25weWsybWt3,ok,C:\bdc_cache\video\ig_DMxcd8KhquW.mp4,C:\bdc_cache\meta\ig_DMxcd8KhquW.json,,95,5,,15,,2026-08-07 21:43:43
ig_DMxecAZJV7F,instagram,https://www.instagram.com/reel/DMxecAZJV7F/,ok,C:\bdc_cache\video\ig_DMxecAZJV7F.mp4,C:\bdc_cache\meta\ig_DMxecAZJV7F.json,,900,35,,235,,2026-08-07 20:25:48
ig_DMyvip8SNKp,instagram,https://www.instagram.com/reel/DMyvip8SNKp/,ok,C:\bdc_cache\video\ig_DMyvip8SNKp.mp4,C:\bdc_cache\meta\ig_DMyvip8SNKp.json,,6042,124,,492,,2026-08-07 20:46:07
ig_DMz13fQzZsN,instagram,https://www.instagram.com/reel/DMz13fQzZsN/?igsh=MWxxcDA3N2VsenpnZw%3D%3D,ok,C:\bdc_cache\video\ig_DMz13fQzZsN.mp4,C:\bdc_cache\meta\ig_DMz13fQzZsN.json,,9830,141,,257,,2026-08-07 20:35:59
ig_DMz1mj7s6u7,instagram,https://www.instagram.com/reel/DMz1mj7s6u7/?igsh=MXQzN3ZoNWZsMGk5cg%3D%3D,ok,C:\bdc_cache\video\ig_DMz1mj7s6u7.mp4,C:\bdc_cache\meta\ig_DMz1mj7s6u7.json,,25165,303,,573,,2026-08-07 20:36:08
ig_DMzERt8T3YK,instagram,https://www.instagram.com/reel/DMzERt8T3YK/?utm_source=ig_web_copy_link,ok,C:\bdc_cache\video\ig_DMzERt8T3YK.mp4,C:\bdc_cache\meta\ig_DMzERt8T3YK.json,,25967,935,,806,,2026-08-07 22:30:51
ig_DMzRtsgS7CM,instagram,https://www.instagram.com/reel/DMzRtsgS7CM/,ok,C:\bdc_cache\video\ig_DMzRtsgS7CM.mp4,C:\bdc_cache\meta\ig_DMzRtsgS7CM.json,,194,9,,447,,2026-08-07 22:13:03
ig_DMzhzVLy9hg,instagram,https://www.instagram.com/reel/DMzhzVLy9hg/,ok,C:\bdc_cache\video\ig_DMzhzVLy9hg.mp4,C:\bdc_cache\meta\ig_DMzhzVLy9hg.json,,916,29,,295,,2026-08-07 20:48:07
ig_DMzjk18xmcY,instagram,https://www.instagram.com/reel/DMzjk18xmcY/?utm_source=ig_web_copy_link&igsh=MzRlODBiNWFlZA==,ok,C:\bdc_cache\video\ig_DMzjk18xmcY.mp4,C:\bdc_cache\meta\ig_DMzjk18xmcY.json,,175,1,,745,,2026-08-07 21:30:22
ig_DMzlY-uxiog,instagram,https://www.instagram.com/reel/DMzlY-uxiog/?igsh=bGthOTk2Mm52YTJl,ok,C:\bdc_cache\video\ig_DMzlY-uxiog.mp4,C:\bdc_cache\meta\ig_DMzlY-uxiog.json,87.9000015258789,860,26,,340,,2026-08-08 01:08:38
ig_DMztaoaJdth,instagram,https://www.instagram.com/reel/DMztaoaJdth/,ok,C:\bdc_cache\video\ig_DMztaoaJdth.mp4,C:\bdc_cache\meta\ig_DMztaoaJdth.json,,675,3,,495,,2026-08-07 20:39:32
ig_DNA-HZqKs3p,instagram,https://www.instagram.com/reel/DNA-HZqKs3p/?utm_source=ig_web_copy_link&igsh=MzRlODBiNWFlZA==,ok,C:\bdc_cache\video\ig_DNA-HZqKs3p.mp4,C:\bdc_cache\meta\ig_DNA-HZqKs3p.json,,83,1,,170,,2026-08-07 21:33:37
ig_DNA7KYaThER,instagram,https://www.instagram.com/reel/DNA7KYaThER/?utm_source=ig_web_copy_link&igsh=cXlrYTV2c3doMnVm,ok,C:\bdc_cache\video\ig_DNA7KYaThER.mp4,C:\bdc_cache\meta\ig_DNA7KYaThER.json,,464,9,,214,,2026-08-07 22:25:50
ig_DNALIVSPiz3,instagram,https://www.instagram.com/reel/DNALIVSPiz3/?utm_source=ig_web_copy_link&igsh=MWUyeDRud3lwOTc3Zg==,ok,C:\bdc_cache\video\ig_DNALIVSPiz3.mp4,C:\bdc_cache\meta\ig_DNALIVSPiz3.json,,7499,53,,638,,2026-08-07 21:44:06
ig_DNAgrqURf1s,instagram,https://www.instagram.com/reel/DNAgrqURf1s/?igsh=MXZjNmdqa3ZpNThpZA==,ok,C:\bdc_cache\video\ig_DNAgrqURf1s.mp4,C:\bdc_cache\meta\ig_DNAgrqURf1s.json,,397,78,,393,,2026-08-07 21:43:59
ig_DNAirf9Pqyy,instagram,https://www.instagram.com/reel/DNAirf9Pqyy/,ok,C:\bdc_cache\video\ig_DNAirf9Pqyy.mp4,C:\bdc_cache\meta\ig_DNAirf9Pqyy.json,,28821,39,,304,,2026-08-07 22:12:48
ig_DNAmm1PRU8K,instagram,https://www.instagram.com/reel/DNAmm1PRU8K/?hl=id,ok,C:\bdc_cache\video\ig_DNAmm1PRU8K.mp4,C:\bdc_cache\meta\ig_DNAmm1PRU8K.json,,19,0,,434,,2026-08-07 21:49:36
ig_DNAxNJKpnJT,instagram,https://www.instagram.com/reel/DNAxNJKpnJT/,ok,C:\bdc_cache\video\ig_DNAxNJKpnJT.mp4,C:\bdc_cache\meta\ig_DNAxNJKpnJT.json,,4466,55,,58,,2026-08-07 20:24:30
ig_DNBBEt6Paxj,instagram,https://www.instagram.com/reel/DNBBEt6Paxj/?igsh=MTB2bXgyMHhwaHI4dA%3D%3D,ok,C:\bdc_cache\video\ig_DNBBEt6Paxj.mp4,C:\bdc_cache\meta\ig_DNBBEt6Paxj.json,,2316,210,,107,,2026-08-07 20:15:01
ig_DNBZAUYq3K1,instagram,https://www.instagram.com/reel/DNBZAUYq3K1/?utm_source=ig_web_copy_link&igsh=MzRlODBiNWFlZA==,ok,C:\bdc_cache\video\ig_DNBZAUYq3K1.mp4,C:\bdc_cache\meta\ig_DNBZAUYq3K1.json,,91,0,,643,,2026-08-07 21:33:28
ig_DNChSb7z2rm,instagram,https://www.instagram.com/reel/DNChSb7z2rm/?igsh=ZHU1a25uazdybm84,ok,C:\bdc_cache\video\ig_DNChSb7z2rm.mp4,C:\bdc_cache\meta\ig_DNChSb7z2rm.json,,390,6,,353,,2026-08-07 21:55:01
ig_DNCx0f7yuhu,instagram,https://www.instagram.com/reel/DNCx0f7yuhu/?igsh=c3drc3p4N2h1bXE5,ok,C:\bdc_cache\video\ig_DNCx0f7yuhu.mp4,C:\bdc_cache\meta\ig_DNCx0f7yuhu.json,,13902,95,,138,,2026-08-07 20:22:24
ig_DND7EOxqkuS,instagram,https://www.instagram.com/reel/DND7EOxqkuS/?utm_source=ig_web_copy_link&igsh=MzRlODBiNWFlZA==,ok,C:\bdc_cache\video\ig_DND7EOxqkuS.mp4,C:\bdc_cache\meta\ig_DND7EOxqkuS.json,,111,0,,374,,2026-08-07 21:33:19
ig_DNDbR2lJ7sn,instagram,https://www.instagram.com/reel/DNDbR2lJ7sn/,ok,C:\bdc_cache\video\ig_DNDbR2lJ7sn.mp4,C:\bdc_cache\meta\ig_DNDbR2lJ7sn.json,,48050,307,,44,,2026-08-07 20:24:17
ig_DNE3DrKvBLU,instagram,https://www.instagram.com/reel/DNE3DrKvBLU/,ok,C:\bdc_cache\video\ig_DNE3DrKvBLU.mp4,C:\bdc_cache\meta\ig_DNE3DrKvBLU.json,,18304,577,,164,,2026-08-07 20:46:21
ig_DNF5kvrJIpl,instagram,https://www.instagram.com/reel/DNF5kvrJIpl/,ok,C:\bdc_cache\video\ig_DNF5kvrJIpl.mp4,C:\bdc_cache\meta\ig_DNF5kvrJIpl.json,,5163,167,,69,,2026-08-07 20:39:11
ig_DNF9aDySWYe,instagram,https://www.instagram.com/reel/DNF9aDySWYe/?utm_source=ig_web_copy_link&igsh=MzRlODBiNWFlZA==,ok,C:\bdc_cache\video\ig_DNF9aDySWYe.mp4,C:\bdc_cache\meta\ig_DNF9aDySWYe.json,,16026,214,,511,,2026-08-07 22:29:59
ig_DNFMPHSTrBy,instagram,https://www.instagram.com/reel/DNFMPHSTrBy/,ok,C:\bdc_cache\video\ig_DNFMPHSTrBy.mp4,C:\bdc_cache\meta\ig_DNFMPHSTrBy.json,,11774,233,,366,,2026-08-07 21:01:05
ig_DNFODaKy1Us,instagram,https://www.instagram.com/reel/DNFODaKy1Us/?utm_source=ig_web_copy_link&igsh=MzRlODBiNWFlZA==,ok,C:\bdc_cache\video\ig_DNFODaKy1Us.mp4,C:\bdc_cache\meta\ig_DNFODaKy1Us.json,,440,30,,1186,,2026-08-07 22:21:54
ig_DNF_1RPzpcC,instagram,https://www.instagram.com/reel/DNF_1RPzpcC/?hl=id,ok,C:\bdc_cache\video\ig_DNF_1RPzpcC.mp4,C:\bdc_cache\meta\ig_DNF_1RPzpcC.json,,214,0,,339,,2026-08-07 22:26:56
ig_DNFwcqfS6Gv,instagram,https://www.instagram.com/reel/DNFwcqfS6Gv/?igsh=MTRzdTJ1MThmcm9pag%3D%3D,ok,C:\bdc_cache\video\ig_DNFwcqfS6Gv.mp4,C:\bdc_cache\meta\ig_DNFwcqfS6Gv.json,,12927,144,,75,,2026-08-07 20:22:16
ig_DNH1jh9RtNX,instagram,https://www.instagram.com/reel/DNH1jh9RtNX/?utm_source=ig_web_copy_link&igsh=MzRlODBiNWFlZA==,ok,C:\bdc_cache\video\ig_DNH1jh9RtNX.mp4,C:\bdc_cache\meta\ig_DNH1jh9RtNX.json,,517,10,,850,,2026-08-07 22:23:58
ig_DNHwrh2gnBm,instagram,https://www.instagram.com/reel/DNHwrh2gnBm/?igsh=YTg3cGIycGtqbG51,ok,C:\bdc_cache\video\ig_DNHwrh2gnBm.mp4,C:\bdc_cache\meta\ig_DNHwrh2gnBm.json,,1889,19,,92,,2026-08-07 20:14:45
ig_DNI1jwNyrfX,instagram,https://www.instagram.com/reel/DNI1jwNyrfX/?utm_source=ig_web_copy_link&igsh=MzRlODBiNWFlZA==,ok,C:\bdc_cache\video\ig_DNI1jwNyrfX.mp4,C:\bdc_cache\meta\ig_DNI1jwNyrfX.json,,4611,18,,1091,,2026-08-07 21:28:30
ig_DNIGuxYTu6-,instagram,https://www.instagram.com/reel/DNIGuxYTu6-/?igsh=MWh3dHVwbTlvNG16NA==,ok,C:\bdc_cache\video\ig_DNIGuxYTu6-.mp4,C:\bdc_cache\meta\ig_DNIGuxYTu6-.json,,297,30,,785,,2026-08-07 21:44:17
ig_DNIHSEMSNfW,instagram,https://www.instagram.com/reel/DNIHSEMSNfW/?igsh=eTNlbzY2NmV3bmdo,ok,C:\bdc_cache\video\ig_DNIHSEMSNfW.mp4,C:\bdc_cache\meta\ig_DNIHSEMSNfW.json,,24323,159,,473,,2026-08-07 20:53:11
ig_DNIZ-Qryj6Z,instagram,https://www.instagram.com/reel/DNIZ-Qryj6Z/,ok,C:\bdc_cache\video\ig_DNIZ-Qryj6Z.mp4,C:\bdc_cache\meta\ig_DNIZ-Qryj6Z.json,,24473,629,,224,,2026-08-07 20:42:37
ig_DNIZu8tJJmt,instagram,https://www.instagram.com/reel/DNIZu8tJJmt/,ok,C:\bdc_cache\video\ig_DNIZu8tJJmt.mp4,C:\bdc_cache\meta\ig_DNIZu8tJJmt.json,,49677,554,,219,,2026-08-07 20:46:39
ig_DNIfBeBzlo_,instagram,https://www.instagram.com/reel/DNIfBeBzlo_/?igsh=YTg3cW1zY3Eyd3dy,ok,C:\bdc_cache\video\ig_DNIfBeBzlo_.mp4,C:\bdc_cache\meta\ig_DNIfBeBzlo_.json,,41,7,,72,,2026-08-07 22:29:04
ig_DNKL9rJT5-l,instagram,https://www.instagram.com/reel/DNKL9rJT5-l/?utm_source=ig_web_copy_link&igsh=MXY2M3NpNjZqcXI2NA==,ok,C:\bdc_cache\video\ig_DNKL9rJT5-l.mp4,C:\bdc_cache\meta\ig_DNKL9rJT5-l.json,,3927,86,,87,,2026-08-07 22:07:54
ig_DNKcHgdA-d1,instagram,https://www.instagram.com/reel/DNKcHgdA-d1/?igsh=MWFxdnhjbzh1YmdhYw%3D%3D,ok,C:\bdc_cache\video\ig_DNKcHgdA-d1.mp4,C:\bdc_cache\meta\ig_DNKcHgdA-d1.json,,3479,36,,96,,2026-08-07 20:14:39
ig_DNLfF80S3j8,instagram,https://www.instagram.com/reel/DNLfF80S3j8/?utm_source=ig_web_copy_link&igsh=MzRlODBiNWFlZA==,ok,C:\bdc_cache\video\ig_DNLfF80S3j8.mp4,C:\bdc_cache\meta\ig_DNLfF80S3j8.json,,243,3,,787,,2026-08-07 21:36:28
ig_DNMZt3yz34s,instagram,https://www.instagram.com/reel/DNMZt3yz34s/?utm_source=ig_web_copy_link&igsh=NWY1NGNta3ExcGZi,ok,C:\bdc_cache\video\ig_DNMZt3yz34s.mp4,C:\bdc_cache\meta\ig_DNMZt3yz34s.json,,5843,126,,278,,2026-08-07 22:08:06
ig_DNOC_DOy_BT,instagram,https://www.instagram.com/reel/DNOC_DOy_BT/?igsh=MWxxOXd5NTlyb3pjMg==,ok,C:\bdc_cache\video\ig_DNOC_DOy_BT.mp4,C:\bdc_cache\meta\ig_DNOC_DOy_BT.json,,35,14,,233,,2026-08-07 21:56:00
