emotion,phrase,other_mean,distinctiveness
Anger,kira kira,0.0015862222222222224,0.03591077777777778
Anger,bagus bagus,0.0,0.035714
Anger,serangan jantung,0.0054536666666666666,0.03418933333333333
Anger,usah banyak,0.0,0.030277
Anger,satu satunya,0.0,0.028307
Anger,salah satu,0.003899555555555556,0.026801444444444444
Anger,speed 1,0.0,0.026357
Anger,satu paling,0.0,0.026169
Anger,real madrid,0.0,0.025155
Anger,kaya kaya,0.0,0.02506
Anger,nah menarik,0.0,0.024359
Anger,satu sisi,0.0,0.021684
Anger,game changer,0.0,0.021643
Anger,masalah hari,0.0,0.021285
Anger,hari masalah,0.0,0.021285
Anger,harga rp,0.0,0.021234
Anger,nah gimana,0.0,0.021062
Anger,kena serangan,0.0,0.02105
Anger,misalkan gini,0.0,0.020693
Anger,tahan terhadap,0.0,0.020527
Anger,makanan sehat,0.0,0.019698
Anger,ekonomi indonesia,0.0,0.019321
Anger,teman teman,0.009016333333333333,0.019099666666666668
Anger,hati hati,0.006305444444444444,0.019044555555555558
Anger,rata rata,0.0,0.018273
Anger,betul betul,0.0,0.017898
Anger,beliau adalah,0.0,0.017428
Anger,latihan beban,0.003974,0.017265999999999997
Anger,luar biasa,0.005150111111111111,0.014599888888888888
Anger,bukan hanya,0.004043222222222222,0.013925777777777777
Anger,km per,0.0006062222222222222,-0.0006062222222222222
Anger,cacar api,0.0006157777777777778,-0.0006157777777777778
Anger,3 jutaan,0.0006226666666666667,-0.0006226666666666667
Anger,bekas jerawat,0.0006246666666666667,-0.0006246666666666667
Anger,carbon fiber,0.0006526666666666666,-0.0006526666666666666
Anger,bukan cuma,0.0007204444444444445,-0.0007204444444444445
Anger,bulu mata,0.0007231111111111111,-0.0007231111111111111
Anger,sobat sehat,0.0007548888888888888,-0.0007548888888888888
Anger,1 2,0.0007553333333333333,-0.0007553333333333333
Anger,bikin kulit,0.0008046666666666666,-0.0008046666666666666
Anger,s go,0.0008084444444444445,-0.0008084444444444445
Anger,warna warna,0.0008682222222222222,-0.0008682222222222222
Anger,vitamin c,0.00087,-0.00087
Anger,let s,0.0008736666666666667,-0.0008736666666666667
Anger,benar kejutan,0.0008771111111111111,-0.0008771111111111111
Anger,aktivitas besar,0.0008771111111111111,-0.0008771111111111111
Anger,dr nia,0.0008771111111111111,-0.0008771111111111111
Anger,mengawasi allah,0.0008771111111111111,-0.0008771111111111111
Anger,membantu revaluasi,0.0008771111111111111,-0.0008771111111111111
Anger,waktu menyerahkan,0.0008771111111111111,-0.0008771111111111111
Anger,aktivitas rasa,0.0008771111111111111,-0.0008771111111111111
Anger,barokah aktivitas,0.0008771111111111111,-0.0008771111111111111
Anger,aktivitas sebenarnya,0.0008771111111111111,-0.0008771111111111111
Anger,this is,0.0008813333333333334,-0.0008813333333333334
Anger,sampai jam,0.0008855555555555556,-0.0008855555555555556
Anger,kaca film,0.0008880000000000001,-0.0008880000000000001
Anger,cabang olahraga,0.0008965555555555555,-0.0008965555555555555
Anger,komen bawah,0.0008991111111111112,-0.0008991111111111112
Anger,misalnya kalian,0.0009087777777777779,-0.0009087777777777779
Anger,wuling mitra,0.0009187777777777778,-0.0009187777777777778
Anger,love you,0.0009265555555555555,-0.0009265555555555555
Anger,i love,0.0009305555555555556,-0.0009305555555555556
Anger,selamat datang,0.0009328888888888889,-0.0009328888888888889
Anger,my god,0.0009405555555555556,-0.0009405555555555556
Anger,oh oh,0.0009525555555555557,-0.0009525555555555557
Anger,oke john,0.0009615555555555556,-0.0009615555555555556
Anger,pertama kali,0.0009706666666666668,-0.0009706666666666668
Anger,dk jakarta,0.0009934444444444444,-0.0009934444444444444
Anger,oh my,0.000994222222222222,-0.000994222222222222
Anger,belakang bagian,0.001001,-0.001001
Anger,berat badan,0.0010040000000000001,-0.0010040000000000001
Anger,pull up,0.001027888888888889,-0.001027888888888889
Anger,200 ribu,0.0011127777777777776,-0.0011127777777777776
Anger,atlet atlet,0.0012025555555555555,-0.0012025555555555555
Anger,dekai jakarta,0.001244888888888889,-0.001244888888888889
Anger,sepak bola,0.0013653333333333334,-0.0013653333333333334
Anger,anak anak,0.0014606666666666665,-0.0014606666666666665
Anger,insya allah,0.0015056666666666667,-0.0015056666666666667
Anger,nama baik,0.0016327777777777777,-0.0016327777777777777
Anger,4 perunggu,0.0016671111111111112,-0.0016671111111111112
Anger,oke oke,0.0016735555555555557,-0.0016735555555555557
Anger,jakarta indonesia,0.0016905555555555554,-0.0016905555555555554
Anger,segala macam,0.0016966666666666666,-0.0016966666666666666
Anger,warga jakarta,0.0017035555555555556,-0.0017035555555555556
Anger,gias 2025,0.0017136666666666665,-0.0017136666666666665
Anger,back to,0.0017435555555555557,-0.0017435555555555557
Anger,datang jakarta,0.0017721111111111112,-0.0017721111111111112
Anger,lihat kasih,0.0017856666666666665,-0.0017856666666666665
Anger,kalah kalah,0.0017856666666666665,-0.0017856666666666665
Anger,kasih kerana,0.0017875555555555557,-0.0017875555555555557
Anger,kerana menonton,0.0017875555555555557,-0.0017875555555555557
Anger,menyerang lawan,0.0018267777777777779,-0.0018267777777777779
Anger,2 3,0.0018285555555555555,-0.0018285555555555555
Anger,ivan gunawan,0.0018355555555555556,-0.0018355555555555556
Anger,dipon 21,0.0018369999999999999,-0.0018369999999999999
Anger,agak sedikit,0.0018703333333333334,-0.0018703333333333334
Anger,off road,0.0018911111111111112,-0.0018911111111111112
Anger,jakarta menang,0.001951111111111111,-0.001951111111111111
Anger,mas mas,0.0019826666666666664,-0.0019826666666666664
Anger,tim nasional,0.002429444444444444,-0.002429444444444444
Anger,misalnya water,0.0024709999999999997,-0.0024709999999999997
Anger,solar guard,0.002519888888888889,-0.002519888888888889
Anger,pemain pemain,0.002525222222222222,-0.002525222222222222
Anger,para pecinta,0.002525222222222222,-0.002525222222222222
Anger,enak kalian,0.002525222222222222,-0.002525222222222222
Anger,produk warda,0.0025547777777777778,-0.0025547777777777778
Anger,barrier rusak,0.0025889999999999997,-0.0025889999999999997
Anger,blush on,0.0025904444444444447,-0.0025904444444444447
Anger,make up,0.002646333333333333,-0.002646333333333333
Anger,19 tahun,0.002668,-0.002668
Anger,tanda tanda,0.0027166666666666667,-0.0027166666666666667
Anger,luar rumah,0.0027224444444444444,-0.0027224444444444444
Anger,eh ternyata,0.0027676666666666665,-0.0027676666666666665
Anger,keluar satu,0.0028036666666666665,-0.0028036666666666665
Anger,sel kulit,0.0028997777777777776,-0.0028997777777777776
Anger,apalagi sering,0.0028997777777777776,-0.0028997777777777776
Anger,kulit gampang,0.0028997777777777776,-0.0028997777777777776
Anger,jalan coba,0.0029727777777777777,-0.0029727777777777777
Anger,jalan gias,0.0029727777777777777,-0.0029727777777777777
Anger,cewek cewek,0.0029727777777777777,-0.0029727777777777777
Anger,emang eh,0.003025333333333333,-0.003025333333333333
Anger,kemarin habis,0.003028111111111111,-0.003028111111111111
Anger,bagi kesehatan,0.003042777777777778,-0.003042777777777778
Anger,mobil bekas,0.003171666666666667,-0.003171666666666667
Anger,malam hari,0.003219,-0.003219
Anger,benar benar,0.003223888888888889,-0.003223888888888889
Anger,asupan minuman,0.0033106666666666666,-0.0033106666666666666
Anger,mengonsumsi minuman,0.0033106666666666666,-0.0033106666666666666
Anger,les bermain,0.0033106666666666666,-0.0033106666666666666
Anger,minuman tepat,0.0033106666666666666,-0.0033106666666666666
Anger,sekolah les,0.0033106666666666666,-0.0033106666666666666
Anger,indonesia perlu,0.0035027777777777774,-0.0035027777777777774
Anger,jangan lupa,0.0036016666666666666,-0.0036016666666666666
Anger,sini sini,0.003640666666666667,-0.003640666666666667
Anger,tiba tiba,0.0037065555555555554,-0.0037065555555555554
Anger,hari cari,0.0038113333333333332,-0.0038113333333333332
Anger,keluar biar,0.0038113333333333332,-0.0038113333333333332
Anger,sini tunjukin,0.0038144444444444445,-0.0038144444444444445
Anger,hai kalian,0.0038144444444444445,-0.0038144444444444445
Anger,menang menang,0.003832111111111111,-0.003832111111111111
Anger,muka muka,0.003832111111111111,-0.003832111111111111
Anger,temen temen,0.0038467777777777775,-0.0038467777777777775
Anger,semua otot,0.003974,-0.003974
Anger,full coverage,0.004014666666666666,-0.004014666666666666
Anger,paling rendah,0.004040222222222222,-0.004040222222222222
Anger,minuman manis,0.004083666666666667,-0.004083666666666667
Anger,paling bawah,0.004182222222222223,-0.004182222222222223
Anger,banyak pilihannya,0.004206444444444445,-0.004206444444444445
Anger,pas tengah,0.004206444444444445,-0.004206444444444445
Anger,i m,0.004230888888888889,-0.004230888888888889
Anger,video video,0.004260777777777777,-0.004260777777777777
Anger,dki jakarta,0.004455777777777777,-0.004455777777777777
Anger,to notice,0.004464222222222222,-0.004464222222222222
Anger,perlu banyak,0.004464222222222222,-0.004464222222222222
Anger,diatur layar,0.004464222222222222,-0.004464222222222222
Anger,memindahkan beban,0.004464222222222222,-0.004464222222222222
Anger,banyak space,0.004464222222222222,-0.004464222222222222
Anger,100 kilo,0.004464222222222222,-0.004464222222222222
Anger,sampai sampai,0.004509666666666666,-0.004509666666666666
Anger,besar banyak,0.004603333333333333,-0.004603333333333333
Anger,pemburu darah,0.004603333333333333,-0.004603333333333333
Anger,skin care,0.004618777777777778,-0.004618777777777778
Anger,saham saham,0.0047669999999999995,-0.0047669999999999995
Anger,jangan khawatir,0.005035333333333333,-0.005035333333333333
Anger,olah raga,0.005077888888888889,-0.005077888888888889
Anger,adalah hasil,0.005114333333333334,-0.005114333333333334
Anger,tinggi gula,0.005260111111111111,-0.005260111111111111
Anger,lalu turun,0.005294222222222223,-0.005294222222222223
Anger,kalian lihat,0.0053166666666666675,-0.0053166666666666675
Anger,memang akhirnya,0.005358555555555556,-0.005358555555555556
Anger,your skin,0.005551,-0.005551
Anger,lihat bukan,0.005646,-0.005646
Anger,jalan jalan,0.005711444444444445,-0.005711444444444445
Anger,you need,0.005846222222222222,-0.005846222222222222
Anger,sebelah sini,0.005884111111111111,-0.005884111111111111
Anger,pendaraan otak,0.006047,-0.006047
Anger,semua hidup,0.006552888888888889,-0.006552888888888889
Anger,s so,0.006610222222222222,-0.006610222222222222
Anger,saham turun,0.006646555555555555,-0.006646555555555555
Anger,naik turun,0.0066778888888888895,-0.0066778888888888895
Anger,paling penting,0.006944444444444444,-0.006944444444444444
Anger,mual muntah,0.007053666666666666,-0.007053666666666666
Anger,hamil mengalami,0.007053666666666666,-0.007053666666666666
Anger,workout rumah,0.007948,-0.007948
Anger,kejutan kejutan,0.008203777777777777,-0.008203777777777777
Anger,mindset benar,0.008307555555555556,-0.008307555555555556
Anger,memiliki mindset,0.008307555555555556,-0.008307555555555556
Anger,alternatif aman,0.008593555555555556,-0.008593555555555556
Anger,it s,0.008799777777777778,-0.008799777777777778
Anger,rumah punya,0.008928555555555556,-0.008928555555555556
Anger,saham naik,0.009553111111111111,-0.009553111111111111
Anger,bener bener,0.011168555555555555,-0.011168555555555555
Anger,ibu hamil,0.011229888888888888,-0.011229888888888888
Anger,terima kasih,0.016400666666666668,-0.016400666666666668
Anger,memberikan hasil,0.016403777777777778,-0.016403777777777778
Anger,3 tahun,0.017004333333333333,-0.017004333333333333
Anger,main game,0.017004333333333333,-0.017004333333333333
Anger,kalian suka,0.017004333333333333,-0.017004333333333333
Anger,selama 3,0.01732766666666667,-0.01732766666666667
Anger,kanan kiri,0.01768511111111111,-0.01768511111111111
Anger,selama 2,0.018537777777777778,-0.018537777777777778
Anger,2 kali,0.018537777777777778,-0.018537777777777778
Anger,langsung datang,0.019060666666666667,-0.019060666666666667
Anger,kolom komentar,0.019060666666666667,-0.019060666666666667
Anger,1 tahun,0.019060666666666667,-0.019060666666666667
Anger,7 tahun,0.020436222222222224,-0.020436222222222224
Anger,2 tahun,0.020436222222222224,-0.020436222222222224
Anger,circle to,0.02141222222222222,-0.02141222222222222
Anger,aplikasi lain,0.02141222222222222,-0.02141222222222222
Anger,fitur ai,0.02141222222222222,-0.02141222222222222
Anger,ganti layar,0.02141222222222222,-0.02141222222222222
Anger,kalian banyak,0.02141222222222222,-0.02141222222222222
Anger,to search,0.02141222222222222,-0.02141222222222222
Anger,screen protector,0.02141222222222222,-0.02141222222222222
Anger,pertama langsung,0.02141222222222222,-0.02141222222222222
Anger,info detail,0.02141222222222222,-0.02141222222222222
Anger,cover semua,0.02141222222222222,-0.02141222222222222
Anger,one ui,0.02141222222222222,-0.02141222222222222
Anger,lihat sebelum,0.02141222222222222,-0.02141222222222222
Anger,misalnya butuh,0.02141222222222222,-0.02141222222222222
Anger,pre order,0.02141222222222222,-0.02141222222222222
Anger,glory glory,0.03931944444444444,-0.03931944444444444
Anger,sekitar 3,0.040236777777777774,-0.040236777777777774
Anger,3 kilo,0.04215844444444444,-0.04215844444444444
Anger,john glory,0.04215844444444444,-0.04215844444444444
Anger,long run,0.04215844444444444,-0.04215844444444444
Anger,tahun pertama,0.04282444444444444,-0.04282444444444444
Anger,thank you,0.06373788888888889,-0.06373788888888889
Fear,saham naik,0.0,0.085978
Fear,naik turun,0.0,0.060101
Fear,saham turun,0.0,0.059819
Fear,semua hidup,0.0,0.058976
Fear,pendaraan otak,0.0,0.054423
Fear,hati hati,0.004609090909090909,0.05213990909090909
Fear,memang akhirnya,0.0,0.048227
Fear,lalu turun,0.0,0.047648
Fear,adalah hasil,0.0,0.046029
Fear,olah raga,0.0,0.045701
Fear,saham saham,0.0,0.042903
Fear,jalan jalan,0.0007363636363636363,0.04256663636363636
Fear,serangan jantung,0.0072078181818181816,0.04187518181818182
Fear,pemburu darah,0.0,0.04143
Fear,besar banyak,0.0,0.04143
Fear,sampai sampai,0.0,0.040587
Fear,paling bawah,0.0,0.03764
Fear,paling rendah,0.0,0.036362
Fear,keluar biar,0.0,0.034302
Fear,hari cari,0.0,0.034302
Fear,indonesia perlu,0.0,0.031525
Fear,malam hari,0.0,0.028971
Fear,cewek cewek,0.0,0.026755
Fear,jalan gias,0.0,0.026755
Fear,jalan coba,0.0,0.026755
Fear,kulit gampang,0.0,0.026098
Fear,apalagi sering,0.0,0.026098
Fear,sel kulit,0.0,0.026098
Fear,keluar satu,0.0,0.025233
Fear,eh ternyata,0.0,0.024909
Fear,km per,0.000496,-0.000496
Fear,cacar api,0.0005038181818181818,-0.0005038181818181818
Fear,3 jutaan,0.0005094545454545455,-0.0005094545454545455
Fear,bekas jerawat,0.0005110909090909091,-0.0005110909090909091
Fear,carbon fiber,0.000534,-0.000534
Fear,bukan cuma,0.0005894545454545455,-0.0005894545454545455
Fear,bulu mata,0.0005916363636363636,-0.0005916363636363636
Fear,sobat sehat,0.0006176363636363636,-0.0006176363636363636
Fear,1 2,0.0006180000000000001,-0.0006180000000000001
Fear,bikin kulit,0.0006583636363636364,-0.0006583636363636364
Fear,s go,0.0006614545454545454,-0.0006614545454545454
Fear,warna warna,0.0007103636363636364,-0.0007103636363636364
Fear,vitamin c,0.0007118181818181818,-0.0007118181818181818
Fear,let s,0.0007148181818181818,-0.0007148181818181818
Fear,dr nia,0.0007176363636363637,-0.0007176363636363637
Fear,benar kejutan,0.0007176363636363637,-0.0007176363636363637
Fear,aktivitas besar,0.0007176363636363637,-0.0007176363636363637
Fear,barokah aktivitas,0.0007176363636363637,-0.0007176363636363637
Fear,aktivitas rasa,0.0007176363636363637,-0.0007176363636363637
Fear,waktu menyerahkan,0.0007176363636363637,-0.0007176363636363637
Fear,mengawasi allah,0.0007176363636363637,-0.0007176363636363637
Fear,membantu revaluasi,0.0007176363636363637,-0.0007176363636363637
Fear,aktivitas sebenarnya,0.0007176363636363637,-0.0007176363636363637
Fear,this is,0.0007210909090909091,-0.0007210909090909091
Fear,sampai jam,0.0007245454545454545,-0.0007245454545454545
Fear,kaca film,0.0007265454545454547,-0.0007265454545454547
Fear,cabang olahraga,0.0007335454545454545,-0.0007335454545454545
Fear,komen bawah,0.0007356363636363637,-0.0007356363636363637
Fear,misalnya kalian,0.0007435454545454546,-0.0007435454545454546
Fear,wuling mitra,0.0007517272727272727,-0.0007517272727272727
Fear,love you,0.000758090909090909,-0.000758090909090909
Fear,i love,0.0007613636363636364,-0.0007613636363636364
Fear,selamat datang,0.0007632727272727273,-0.0007632727272727273
Fear,my god,0.0007695454545454546,-0.0007695454545454546
Fear,oh oh,0.0007793636363636364,-0.0007793636363636364
Fear,oke john,0.0007867272727272727,-0.0007867272727272727
Fear,pertama kali,0.0007941818181818182,-0.0007941818181818182
Fear,dk jakarta,0.0008128181818181818,-0.0008128181818181818
Fear,oh my,0.0008134545454545454,-0.0008134545454545454
Fear,belakang bagian,0.000819,-0.000819
Fear,berat badan,0.0008214545454545455,-0.0008214545454545455
Fear,pull up,0.0008410000000000001,-0.0008410000000000001
Fear,200 ribu,0.0009104545454545455,-0.0009104545454545455
Fear,atlet atlet,0.0009839090909090908,-0.0009839090909090908
Fear,dekai jakarta,0.0010185454545454545,-0.0010185454545454545
Fear,sepak bola,0.0011170909090909092,-0.0011170909090909092
Fear,anak anak,0.0011950909090909093,-0.0011950909090909093
Fear,insya allah,0.001231909090909091,-0.001231909090909091
Fear,nama baik,0.001335909090909091,-0.001335909090909091
Fear,4 perunggu,0.0013640000000000002,-0.0013640000000000002
Fear,oke oke,0.0013692727272727272,-0.0013692727272727272
Fear,jakarta indonesia,0.0013831818181818181,-0.0013831818181818181
Fear,segala macam,0.0013881818181818184,-0.0013881818181818184
Fear,warga jakarta,0.001393818181818182,-0.001393818181818182
Fear,gias 2025,0.0014020909090909088,-0.0014020909090909088
Fear,back to,0.0014265454545454546,-0.0014265454545454546
Fear,datang jakarta,0.0014499090909090911,-0.0014499090909090911
Fear,lihat kasih,0.0014609999999999998,-0.0014609999999999998
Fear,kalah kalah,0.0014609999999999998,-0.0014609999999999998
Fear,kerana menonton,0.0014625454545454547,-0.0014625454545454547
Fear,kasih kerana,0.0014625454545454547,-0.0014625454545454547
Fear,menyerang lawan,0.0014946363636363638,-0.0014946363636363638
Fear,2 3,0.001496090909090909,-0.001496090909090909
Fear,ivan gunawan,0.0015018181818181819,-0.0015018181818181819
Fear,dipon 21,0.001503,-0.001503
Fear,agak sedikit,0.0015302727272727273,-0.0015302727272727273
Fear,off road,0.0015472727272727272,-0.0015472727272727272
Fear,jakarta menang,0.0015963636363636362,-0.0015963636363636362
Fear,mas mas,0.001622181818181818,-0.001622181818181818
Fear,tim nasional,0.001987727272727273,-0.001987727272727273
Fear,misalnya water,0.0020217272727272727,-0.0020217272727272727
Fear,solar guard,0.0020617272727272724,-0.0020617272727272724
Fear,enak kalian,0.0020660909090909093,-0.0020660909090909093
Fear,pemain pemain,0.0020660909090909093,-0.0020660909090909093
Fear,para pecinta,0.0020660909090909093,-0.0020660909090909093
Fear,produk warda,0.002090272727272727,-0.002090272727272727
Fear,barrier rusak,0.0021182727272727273,-0.0021182727272727273
Fear,blush on,0.0021194545454545455,-0.0021194545454545455
Fear,make up,0.002165181818181818,-0.002165181818181818
Fear,19 tahun,0.002182909090909091,-0.002182909090909091
Fear,tanda tanda,0.0022227272727272725,-0.0022227272727272725
Fear,luar rumah,0.0022274545454545455,-0.0022274545454545455
Fear,emang eh,0.0024752727272727274,-0.0024752727272727274
Fear,kemarin habis,0.0024775454545454545,-0.0024775454545454545
Fear,bagi kesehatan,0.0024895454545454544,-0.0024895454545454544
Fear,mobil bekas,0.0025950000000000005,-0.0025950000000000005
Fear,benar benar,0.0026377272727272725,-0.0026377272727272725
Fear,les bermain,0.002708727272727273,-0.002708727272727273
Fear,minuman tepat,0.002708727272727273,-0.002708727272727273
Fear,asupan minuman,0.002708727272727273,-0.002708727272727273
Fear,sekolah les,0.002708727272727273,-0.002708727272727273
Fear,mengonsumsi minuman,0.002708727272727273,-0.002708727272727273
Fear,jangan lupa,0.002946818181818182,-0.002946818181818182
Fear,sini sini,0.002978727272727273,-0.002978727272727273
Fear,tiba tiba,0.0030326363636363637,-0.0030326363636363637
Fear,hai kalian,0.003120909090909091,-0.003120909090909091
Fear,sini tunjukin,0.003120909090909091,-0.003120909090909091
Fear,menang menang,0.0031353636363636362,-0.0031353636363636362
Fear,muka muka,0.0031353636363636362,-0.0031353636363636362
Fear,temen temen,0.003147363636363636,-0.003147363636363636
Fear,beliau adalah,0.0031687272727272727,-0.0031687272727272727
Fear,semua otot,0.0032514545454545452,-0.0032514545454545452
Fear,betul betul,0.0032541818181818184,-0.0032541818181818184
Fear,full coverage,0.0032847272727272725,-0.0032847272727272725
Fear,rata rata,0.0033223636363636368,-0.0033223636363636368
Fear,minuman manis,0.0033411818181818182,-0.0033411818181818182
Fear,pas tengah,0.0034416363636363637,-0.0034416363636363637
Fear,banyak pilihannya,0.0034416363636363637,-0.0034416363636363637
Fear,i m,0.0034616363636363638,-0.0034616363636363638
Fear,video video,0.003486090909090909,-0.003486090909090909
Fear,ekonomi indonesia,0.0035129090909090913,-0.0035129090909090913
Fear,makanan sehat,0.0035814545454545457,-0.0035814545454545457
Fear,dki jakarta,0.0036456363636363635,-0.0036456363636363635
Fear,100 kilo,0.0036525454545454543,-0.0036525454545454543
Fear,banyak space,0.0036525454545454543,-0.0036525454545454543
Fear,memindahkan beban,0.0036525454545454543,-0.0036525454545454543
Fear,perlu banyak,0.0036525454545454543,-0.0036525454545454543
Fear,to notice,0.0036525454545454543,-0.0036525454545454543
Fear,diatur layar,0.0036525454545454543,-0.0036525454545454543
Fear,tahan terhadap,0.003732181818181818,-0.003732181818181818
Fear,misalkan gini,0.003762363636363636,-0.003762363636363636
Fear,skin care,0.0037790000000000002,-0.0037790000000000002
Fear,kena serangan,0.0038272727272727273,-0.0038272727272727273
Fear,nah gimana,0.0038294545454545456,-0.0038294545454545456
Fear,harga rp,0.0038607272727272726,-0.0038607272727272726
Fear,masalah hari,0.0038699999999999997,-0.0038699999999999997
Fear,hari masalah,0.0038699999999999997,-0.0038699999999999997
Fear,game changer,0.003935090909090909,-0.003935090909090909
Fear,satu sisi,0.003942545454545455,-0.003942545454545455
Fear,jangan khawatir,0.004119818181818182,-0.004119818181818182
Fear,tinggi gula,0.0043037272727272724,-0.0043037272727272724
Fear,kalian lihat,0.004350000000000001,-0.004350000000000001
Fear,nah menarik,0.004428909090909091,-0.004428909090909091
Fear,your skin,0.004541727272727273,-0.004541727272727273
Fear,kaya kaya,0.004556363636363636,-0.004556363636363636
Fear,real madrid,0.004573636363636364,-0.004573636363636364
Fear,lihat bukan,0.0046194545454545455,-0.0046194545454545455
Fear,satu paling,0.004758,-0.004758
Fear,you need,0.004783272727272727,-0.004783272727272727
Fear,speed 1,0.004792181818181818,-0.004792181818181818
Fear,sebelah sini,0.004814272727272727,-0.004814272727272727
Fear,satu satunya,0.0051467272727272724,-0.0051467272727272724
Fear,s so,0.0054083636363636365,-0.0054083636363636365
Fear,usah banyak,0.005504909090909091,-0.005504909090909091
Fear,paling penting,0.005681818181818182,-0.005681818181818182
Fear,hamil mengalami,0.005771181818181818,-0.005771181818181818
Fear,mual muntah,0.005771181818181818,-0.005771181818181818
Fear,bagus bagus,0.006493454545454546,-0.006493454545454546
Fear,workout rumah,0.0065029090909090904,-0.0065029090909090904
Fear,bukan hanya,0.006575181818181817,-0.006575181818181817
Fear,kejutan kejutan,0.006712181818181818,-0.006712181818181818
Fear,memiliki mindset,0.006797090909090909,-0.006797090909090909
Fear,mindset benar,0.006797090909090909,-0.006797090909090909
Fear,alternatif aman,0.007031090909090909,-0.007031090909090909
Fear,latihan beban,0.007113272727272727,-0.007113272727272727
Fear,it s,0.007199818181818182,-0.007199818181818182
Fear,rumah punya,0.007305181818181818,-0.007305181818181818
Fear,luar biasa,0.007804636363636363,-0.007804636363636363
Fear,kira kira,0.008115454545454545,-0.008115454545454545
Fear,salah satu,0.008772545454545455,-0.008772545454545455
Fear,bener bener,0.00913790909090909,-0.00913790909090909
Fear,ibu hamil,0.009188090909090908,-0.009188090909090908
Fear,teman teman,0.012489000000000002,-0.012489000000000002
Fear,terima kasih,0.013418727272727275,-0.013418727272727275
Fear,memberikan hasil,0.013421272727272726,-0.013421272727272726
Fear,3 tahun,0.013912636363636365,-0.013912636363636365
Fear,main game,0.013912636363636365,-0.013912636363636365
Fear,kalian suka,0.013912636363636365,-0.013912636363636365
Fear,selama 3,0.014177181818181818,-0.014177181818181818
Fear,kanan kiri,0.014469636363636367,-0.014469636363636367
Fear,selama 2,0.015167272727272725,-0.015167272727272725
Fear,2 kali,0.015167272727272725,-0.015167272727272725
Fear,langsung datang,0.01559509090909091,-0.01559509090909091
Fear,kolom komentar,0.01559509090909091,-0.01559509090909091
Fear,1 tahun,0.01559509090909091,-0.01559509090909091
Fear,7 tahun,0.016720545454545457,-0.016720545454545457
Fear,2 tahun,0.016720545454545457,-0.016720545454545457
Fear,circle to,0.017519090909090908,-0.017519090909090908
Fear,aplikasi lain,0.017519090909090908,-0.017519090909090908
Fear,fitur ai,0.017519090909090908,-0.017519090909090908
Fear,ganti layar,0.017519090909090908,-0.017519090909090908
Fear,kalian banyak,0.017519090909090908,-0.017519090909090908
Fear,to search,0.017519090909090908,-0.017519090909090908
Fear,screen protector,0.017519090909090908,-0.017519090909090908
Fear,pertama langsung,0.017519090909090908,-0.017519090909090908
Fear,info detail,0.017519090909090908,-0.017519090909090908
Fear,cover semua,0.017519090909090908,-0.017519090909090908
Fear,one ui,0.017519090909090908,-0.017519090909090908
Fear,lihat sebelum,0.017519090909090908,-0.017519090909090908
Fear,misalnya butuh,0.017519090909090908,-0.017519090909090908
Fear,pre order,0.017519090909090908,-0.017519090909090908
Fear,glory glory,0.032170454545454544,-0.032170454545454544
Fear,sekitar 3,0.032921,-0.032921
Fear,3 kilo,0.03449327272727273,-0.03449327272727273
Fear,john glory,0.03449327272727273,-0.03449327272727273
Fear,long run,0.03449327272727273,-0.03449327272727273
Fear,tahun pertama,0.035038181818181816,-0.035038181818181816
Fear,thank you,0.05214918181818182,-0.05214918181818182
Joy,terima kasih,0.008678636363636362,0.04346236363636364
Joy,19 tahun,0.0,0.024012
Joy,para pecinta,0.0,0.022727
Joy,enak kalian,0.0,0.022727
Joy,pemain pemain,0.0,0.022727
Joy,tim nasional,0.0,0.021865
Joy,luar biasa,0.003719727272727273,0.021464272727272728
Joy,dki jakarta,0.0015650000000000002,0.021322
Joy,teman teman,0.007350272727272728,0.02105972727272727
Joy,mas mas,0.0,0.017844
Joy,jakarta menang,0.0,0.01756
Joy,off road,0.0,0.01702
Joy,agak sedikit,0.0,0.016833
Joy,dipon 21,0.0,0.016533
Joy,ivan gunawan,0.0,0.01652
Joy,menyerang lawan,0.0,0.016441
Joy,kerana menonton,0.0,0.016088
Joy,kasih kerana,0.0,0.016088
Joy,kalah kalah,0.0,0.016071
Joy,lihat kasih,0.0,0.016071
Joy,datang jakarta,0.0,0.015949
Joy,back to,0.0,0.015692
Joy,gias 2025,0.0,0.015423
Joy,warga jakarta,0.0,0.015332
Joy,segala macam,0.0,0.01527
Joy,jakarta indonesia,0.0,0.015215
Joy,oke oke,0.0,0.015062
Joy,4 perunggu,0.0,0.015004
Joy,nama baik,0.0,0.014695
Joy,km per,0.000496,-0.000496
Joy,cacar api,0.0005038181818181818,-0.0005038181818181818
Joy,3 jutaan,0.0005094545454545455,-0.0005094545454545455
Joy,bekas jerawat,0.0005110909090909091,-0.0005110909090909091
Joy,carbon fiber,0.000534,-0.000534
Joy,bukan cuma,0.0005894545454545455,-0.0005894545454545455
Joy,bulu mata,0.0005916363636363636,-0.0005916363636363636
Joy,sobat sehat,0.0006176363636363636,-0.0006176363636363636
Joy,1 2,0.0006180000000000001,-0.0006180000000000001
Joy,bikin kulit,0.0006583636363636363,-0.0006583636363636363
Joy,s go,0.0006614545454545456,-0.0006614545454545456
Joy,warna warna,0.0007103636363636364,-0.0007103636363636364
Joy,vitamin c,0.0007118181818181818,-0.0007118181818181818
Joy,let s,0.0007148181818181818,-0.0007148181818181818
Joy,dr nia,0.0007176363636363637,-0.0007176363636363637
Joy,mengawasi allah,0.0007176363636363637,-0.0007176363636363637
Joy,waktu menyerahkan,0.0007176363636363637,-0.0007176363636363637
Joy,membantu revaluasi,0.0007176363636363637,-0.0007176363636363637
Joy,barokah aktivitas,0.0007176363636363637,-0.0007176363636363637
Joy,benar kejutan,0.0007176363636363637,-0.0007176363636363637
Joy,aktivitas sebenarnya,0.0007176363636363637,-0.0007176363636363637
Joy,aktivitas rasa,0.0007176363636363637,-0.0007176363636363637
Joy,aktivitas besar,0.0007176363636363637,-0.0007176363636363637
Joy,this is,0.0007210909090909091,-0.0007210909090909091
Joy,sampai jam,0.0007245454545454545,-0.0007245454545454545
Joy,kaca film,0.0007265454545454547,-0.0007265454545454547
Joy,cabang olahraga,0.0007335454545454545,-0.0007335454545454545
Joy,komen bawah,0.0007356363636363637,-0.0007356363636363637
Joy,misalnya kalian,0.0007435454545454546,-0.0007435454545454546
Joy,wuling mitra,0.0007517272727272727,-0.0007517272727272727
Joy,love you,0.000758090909090909,-0.000758090909090909
Joy,i love,0.0007613636363636364,-0.0007613636363636364
Joy,selamat datang,0.0007632727272727273,-0.0007632727272727273
Joy,my god,0.0007695454545454546,-0.0007695454545454546
Joy,oh oh,0.0007793636363636364,-0.0007793636363636364
Joy,oke john,0.0007867272727272727,-0.0007867272727272727
Joy,pertama kali,0.0007941818181818182,-0.0007941818181818182
Joy,dk jakarta,0.0008128181818181818,-0.0008128181818181818
Joy,oh my,0.0008134545454545454,-0.0008134545454545454
Joy,belakang bagian,0.000819,-0.000819
Joy,berat badan,0.0008214545454545455,-0.0008214545454545455
Joy,pull up,0.0008410000000000001,-0.0008410000000000001
Joy,200 ribu,0.0009104545454545455,-0.0009104545454545455
Joy,atlet atlet,0.0009839090909090908,-0.0009839090909090908
Joy,dekai jakarta,0.0010185454545454545,-0.0010185454545454545
Joy,sepak bola,0.0011170909090909092,-0.0011170909090909092
Joy,anak anak,0.001195090909090909,-0.001195090909090909
Joy,insya allah,0.001231909090909091,-0.001231909090909091
Joy,2 3,0.001496090909090909,-0.001496090909090909
Joy,beliau adalah,0.0015843636363636364,-0.0015843636363636364
Joy,betul betul,0.0016270909090909092,-0.0016270909090909092
Joy,rata rata,0.0016611818181818184,-0.0016611818181818184
Joy,ekonomi indonesia,0.0017564545454545456,-0.0017564545454545456
Joy,makanan sehat,0.0017907272727272728,-0.0017907272727272728
Joy,tahan terhadap,0.001866090909090909,-0.001866090909090909
Joy,misalkan gini,0.001881181818181818,-0.001881181818181818
Joy,kena serangan,0.0019136363636363637,-0.0019136363636363637
Joy,nah gimana,0.0019147272727272728,-0.0019147272727272728
Joy,harga rp,0.0019303636363636363,-0.0019303636363636363
Joy,hari masalah,0.0019349999999999999,-0.0019349999999999999
Joy,masalah hari,0.0019349999999999999,-0.0019349999999999999
Joy,game changer,0.0019675454545454545,-0.0019675454545454545
Joy,satu sisi,0.0019712727272727273,-0.0019712727272727273
Joy,misalnya water,0.0020217272727272727,-0.0020217272727272727
Joy,solar guard,0.0020617272727272724,-0.0020617272727272724
Joy,produk warda,0.002090272727272727,-0.002090272727272727
Joy,barrier rusak,0.0021182727272727273,-0.0021182727272727273
Joy,blush on,0.0021194545454545455,-0.0021194545454545455
Joy,make up,0.002165181818181818,-0.002165181818181818
Joy,nah menarik,0.0022144545454545455,-0.0022144545454545455
Joy,tanda tanda,0.0022227272727272725,-0.0022227272727272725
Joy,luar rumah,0.0022274545454545455,-0.0022274545454545455
Joy,kaya kaya,0.002278181818181818,-0.002278181818181818
Joy,real madrid,0.002286818181818182,-0.002286818181818182
Joy,satu paling,0.0023790000000000005,-0.0023790000000000005
Joy,speed 1,0.002396090909090909,-0.002396090909090909
Joy,emang eh,0.002475272727272727,-0.002475272727272727
Joy,kemarin habis,0.0024775454545454545,-0.0024775454545454545
Joy,bagi kesehatan,0.0024895454545454544,-0.0024895454545454544
Joy,satu satunya,0.0025733636363636367,-0.0025733636363636367
Joy,mobil bekas,0.002595,-0.002595
Joy,benar benar,0.0026377272727272725,-0.0026377272727272725
Joy,les bermain,0.002708727272727273,-0.002708727272727273
Joy,sekolah les,0.002708727272727273,-0.002708727272727273
Joy,mengonsumsi minuman,0.002708727272727273,-0.002708727272727273
Joy,minuman tepat,0.002708727272727273,-0.002708727272727273
Joy,asupan minuman,0.002708727272727273,-0.002708727272727273
Joy,usah banyak,0.002752454545454545,-0.002752454545454545
Joy,jangan lupa,0.002946818181818182,-0.002946818181818182
Joy,sini sini,0.002978727272727273,-0.002978727272727273
Joy,tiba tiba,0.0030326363636363637,-0.0030326363636363637
Joy,sini tunjukin,0.003120909090909091,-0.003120909090909091
Joy,hai kalian,0.003120909090909091,-0.003120909090909091
Joy,muka muka,0.0031353636363636362,-0.0031353636363636362
Joy,menang menang,0.0031353636363636362,-0.0031353636363636362
Joy,temen temen,0.003147363636363636,-0.003147363636363636
Joy,bagus bagus,0.003246727272727273,-0.003246727272727273
Joy,semua otot,0.0032514545454545452,-0.0032514545454545452
Joy,full coverage,0.0032847272727272725,-0.0032847272727272725
Joy,minuman manis,0.0033411818181818182,-0.0033411818181818182
Joy,pas tengah,0.0034416363636363637,-0.0034416363636363637
Joy,banyak pilihannya,0.0034416363636363637,-0.0034416363636363637
Joy,i m,0.0034616363636363638,-0.0034616363636363638
Joy,video video,0.003486090909090909,-0.003486090909090909
Joy,diatur layar,0.0036525454545454543,-0.0036525454545454543
Joy,memindahkan beban,0.0036525454545454543,-0.0036525454545454543
Joy,perlu banyak,0.0036525454545454543,-0.0036525454545454543
Joy,to notice,0.0036525454545454543,-0.0036525454545454543
Joy,100 kilo,0.0036525454545454543,-0.0036525454545454543
Joy,banyak space,0.0036525454545454543,-0.0036525454545454543
Joy,skin care,0.0037790000000000002,-0.0037790000000000002
Joy,jangan khawatir,0.004119818181818182,-0.004119818181818182
Joy,tinggi gula,0.0043037272727272724,-0.0043037272727272724
Joy,kalian lihat,0.004350000000000001,-0.004350000000000001
Joy,glory glory,0.029862727272727273,-0.004477727272727272
Joy,eh ternyata,0.004528909090909091,-0.004528909090909091
Joy,your skin,0.004541727272727273,-0.004541727272727273
Joy,keluar satu,0.004587818181818182,-0.004587818181818182
Joy,lihat bukan,0.0046194545454545455,-0.0046194545454545455
Joy,kira kira,0.004706636363636363,-0.004706636363636363
Joy,apalagi sering,0.004745090909090909,-0.004745090909090909
Joy,kulit gampang,0.004745090909090909,-0.004745090909090909
Joy,sel kulit,0.004745090909090909,-0.004745090909090909
Joy,you need,0.004783272727272727,-0.004783272727272727
Joy,sebelah sini,0.004814272727272727,-0.004814272727272727
Joy,jalan gias,0.004864545454545455,-0.004864545454545455
Joy,cewek cewek,0.004864545454545455,-0.004864545454545455
Joy,jalan coba,0.004864545454545455,-0.004864545454545455
Joy,bukan hanya,0.004941636363636364,-0.004941636363636364
Joy,latihan beban,0.005182363636363637,-0.005182363636363637
Joy,malam hari,0.005267454545454546,-0.005267454545454546
Joy,s so,0.005408363636363637,-0.005408363636363637
Joy,paling penting,0.005681818181818181,-0.005681818181818181
Joy,indonesia perlu,0.005731818181818182,-0.005731818181818182
Joy,hamil mengalami,0.005771181818181818,-0.005771181818181818
Joy,mual muntah,0.005771181818181818,-0.005771181818181818
Joy,salah satu,0.005981545454545454,-0.005981545454545454
Joy,hari cari,0.006236727272727272,-0.006236727272727272
Joy,keluar biar,0.006236727272727272,-0.006236727272727272
Joy,workout rumah,0.0065029090909090904,-0.0065029090909090904
Joy,paling rendah,0.006611272727272727,-0.006611272727272727
Joy,kejutan kejutan,0.006712181818181818,-0.006712181818181818
Joy,memiliki mindset,0.006797090909090909,-0.006797090909090909
Joy,mindset benar,0.006797090909090909,-0.006797090909090909
Joy,paling bawah,0.006843636363636363,-0.006843636363636363
Joy,alternatif aman,0.007031090909090909,-0.007031090909090909
Joy,it s,0.007199818181818182,-0.007199818181818182
Joy,rumah punya,0.007305181818181818,-0.007305181818181818
Joy,sampai sampai,0.007379454545454545,-0.007379454545454545
Joy,pemburu darah,0.007532727272727273,-0.007532727272727273
Joy,besar banyak,0.007532727272727273,-0.007532727272727273
Joy,saham saham,0.007800545454545454,-0.007800545454545454
Joy,olah raga,0.008309272727272728,-0.008309272727272728
Joy,adalah hasil,0.008368909090909092,-0.008368909090909092
Joy,jalan jalan,0.008609636363636364,-0.008609636363636364
Joy,lalu turun,0.008663272727272728,-0.008663272727272728
Joy,memang akhirnya,0.008768545454545454,-0.008768545454545454
Joy,bener bener,0.00913790909090909,-0.00913790909090909
Joy,ibu hamil,0.009188090909090908,-0.009188090909090908
Joy,pendaraan otak,0.009895090909090909,-0.009895090909090909
Joy,semua hidup,0.01072290909090909,-0.01072290909090909
Joy,saham turun,0.010876181818181818,-0.010876181818181818
Joy,naik turun,0.010927454545454546,-0.010927454545454546
Joy,serangan jantung,0.012528090909090907,-0.012528090909090907
Joy,hati hati,0.012622545454545454,-0.012622545454545454
Joy,memberikan hasil,0.013421272727272726,-0.013421272727272726
Joy,3 tahun,0.013912636363636365,-0.013912636363636365
Joy,kalian suka,0.013912636363636365,-0.013912636363636365
Joy,main game,0.013912636363636365,-0.013912636363636365
Joy,selama 3,0.014177181818181818,-0.014177181818181818
Joy,kanan kiri,0.014469636363636363,-0.014469636363636363
Joy,2 kali,0.015167272727272725,-0.015167272727272725
Joy,selama 2,0.015167272727272725,-0.015167272727272725
Joy,langsung datang,0.01559509090909091,-0.01559509090909091
Joy,kolom komentar,0.01559509090909091,-0.01559509090909091
Joy,1 tahun,0.01559509090909091,-0.01559509090909091
Joy,saham naik,0.015632363636363635,-0.015632363636363635
Joy,2 tahun,0.016720545454545457,-0.016720545454545457
Joy,7 tahun,0.016720545454545457,-0.016720545454545457
Joy,aplikasi lain,0.017519090909090908,-0.017519090909090908
Joy,circle to,0.017519090909090908,-0.017519090909090908
Joy,fitur ai,0.017519090909090908,-0.017519090909090908
Joy,ganti layar,0.017519090909090908,-0.017519090909090908
Joy,to search,0.017519090909090908,-0.017519090909090908
Joy,screen protector,0.017519090909090908,-0.017519090909090908
Joy,info detail,0.017519090909090908,-0.017519090909090908
Joy,kalian banyak,0.017519090909090908,-0.017519090909090908
Joy,cover semua,0.017519090909090908,-0.017519090909090908
Joy,one ui,0.017519090909090908,-0.017519090909090908
Joy,lihat sebelum,0.017519090909090908,-0.017519090909090908
Joy,misalnya butuh,0.017519090909090908,-0.017519090909090908
Joy,pertama langsung,0.017519090909090908,-0.017519090909090908
Joy,pre order,0.017519090909090908,-0.017519090909090908
Joy,sekitar 3,0.032921,-0.032921
Joy,3 kilo,0.03449327272727273,-0.03449327272727273
Joy,john glory,0.03449327272727273,-0.03449327272727273
Joy,long run,0.03449327272727273,-0.03449327272727273
Joy,tahun pertama,0.035038181818181816,-0.035038181818181816
Joy,thank you,0.05214918181818182,-0.05214918181818182
Love,thank you,0.0,0.573641
Love,3 kilo,0.0,0.379426
Love,long run,0.0,0.379426
Love,john glory,0.0,0.379426
Love,sekitar 3,0.0,0.362131
Love,glory glory,0.004615454545454546,0.32387454545454547
Love,km per,0.000496,-0.000496
Love,cacar api,0.0005038181818181818,-0.0005038181818181818
Love,3 jutaan,0.0005094545454545455,-0.0005094545454545455
Love,bekas jerawat,0.0005110909090909091,-0.0005110909090909091
Love,carbon fiber,0.000534,-0.000534
Love,bukan cuma,0.0005894545454545455,-0.0005894545454545455
Love,bulu mata,0.0005916363636363636,-0.0005916363636363636
Love,sobat sehat,0.0006176363636363636,-0.0006176363636363636
Love,1 2,0.0006180000000000001,-0.0006180000000000001
Love,bikin kulit,0.0006583636363636363,-0.0006583636363636363
Love,s go,0.0006614545454545455,-0.0006614545454545455
Love,warna warna,0.0007103636363636364,-0.0007103636363636364
Love,vitamin c,0.0007118181818181818,-0.0007118181818181818
Love,let s,0.0007148181818181818,-0.0007148181818181818
Love,dr nia,0.0007176363636363637,-0.0007176363636363637
Love,benar kejutan,0.0007176363636363637,-0.0007176363636363637
Love,barokah aktivitas,0.0007176363636363637,-0.0007176363636363637
Love,aktivitas rasa,0.0007176363636363637,-0.0007176363636363637
Love,membantu revaluasi,0.0007176363636363637,-0.0007176363636363637
Love,mengawasi allah,0.0007176363636363637,-0.0007176363636363637
Love,waktu menyerahkan,0.0007176363636363637,-0.0007176363636363637
Love,aktivitas sebenarnya,0.0007176363636363637,-0.0007176363636363637
Love,aktivitas besar,0.0007176363636363637,-0.0007176363636363637
Love,this is,0.0007210909090909091,-0.0007210909090909091
Love,sampai jam,0.0007245454545454545,-0.0007245454545454545
Love,kaca film,0.0007265454545454547,-0.0007265454545454547
Love,cabang olahraga,0.0007335454545454545,-0.0007335454545454545
Love,komen bawah,0.0007356363636363637,-0.0007356363636363637
Love,misalnya kalian,0.0007435454545454546,-0.0007435454545454546
Love,wuling mitra,0.0007517272727272727,-0.0007517272727272727
Love,love you,0.000758090909090909,-0.000758090909090909
Love,i love,0.0007613636363636364,-0.0007613636363636364
Love,selamat datang,0.0007632727272727273,-0.0007632727272727273
Love,my god,0.0007695454545454546,-0.0007695454545454546
Love,oh oh,0.0007793636363636364,-0.0007793636363636364
Love,oke john,0.0007867272727272727,-0.0007867272727272727
Love,pertama kali,0.0007941818181818182,-0.0007941818181818182
Love,dk jakarta,0.0008128181818181818,-0.0008128181818181818
Love,oh my,0.0008134545454545454,-0.0008134545454545454
Love,belakang bagian,0.000819,-0.000819
Love,berat badan,0.0008214545454545455,-0.0008214545454545455
Love,pull up,0.0008410000000000001,-0.0008410000000000001
Love,200 ribu,0.0009104545454545455,-0.0009104545454545455
Love,atlet atlet,0.0009839090909090908,-0.0009839090909090908
Love,dekai jakarta,0.0010185454545454545,-0.0010185454545454545
Love,sepak bola,0.0011170909090909092,-0.0011170909090909092
Love,anak anak,0.001195090909090909,-0.001195090909090909
Love,insya allah,0.001231909090909091,-0.001231909090909091
Love,2 3,0.001496090909090909,-0.001496090909090909
Love,beliau adalah,0.0015843636363636364,-0.0015843636363636364
Love,betul betul,0.0016270909090909092,-0.0016270909090909092
Love,rata rata,0.0016611818181818184,-0.0016611818181818184
Love,ekonomi indonesia,0.0017564545454545456,-0.0017564545454545456
Love,makanan sehat,0.0017907272727272728,-0.0017907272727272728
Love,tahan terhadap,0.001866090909090909,-0.001866090909090909
Love,misalkan gini,0.001881181818181818,-0.001881181818181818
Love,kena serangan,0.0019136363636363637,-0.0019136363636363637
Love,nah gimana,0.0019147272727272728,-0.0019147272727272728
Love,harga rp,0.0019303636363636363,-0.0019303636363636363
Love,hari masalah,0.0019349999999999999,-0.0019349999999999999
Love,masalah hari,0.0019349999999999999,-0.0019349999999999999
Love,game changer,0.0019675454545454545,-0.0019675454545454545
Love,satu sisi,0.0019712727272727273,-0.0019712727272727273
Love,misalnya water,0.0020217272727272727,-0.0020217272727272727
Love,solar guard,0.0020617272727272724,-0.0020617272727272724
Love,produk warda,0.002090272727272727,-0.002090272727272727
Love,barrier rusak,0.0021182727272727273,-0.0021182727272727273
Love,blush on,0.0021194545454545455,-0.0021194545454545455
Love,make up,0.002165181818181818,-0.002165181818181818
Love,nah menarik,0.0022144545454545455,-0.0022144545454545455
Love,tanda tanda,0.0022227272727272725,-0.0022227272727272725
Love,luar rumah,0.0022274545454545455,-0.0022274545454545455
Love,eh ternyata,0.0022644545454545456,-0.0022644545454545456
Love,kaya kaya,0.002278181818181818,-0.002278181818181818
Love,real madrid,0.002286818181818182,-0.002286818181818182
Love,keluar satu,0.002293909090909091,-0.002293909090909091
Love,sel kulit,0.002372545454545455,-0.002372545454545455
Love,apalagi sering,0.002372545454545455,-0.002372545454545455
Love,kulit gampang,0.002372545454545455,-0.002372545454545455
Love,satu paling,0.002379,-0.002379
Love,speed 1,0.002396090909090909,-0.002396090909090909
Love,jalan coba,0.0024322727272727274,-0.0024322727272727274
Love,cewek cewek,0.0024322727272727274,-0.0024322727272727274
Love,jalan gias,0.0024322727272727274,-0.0024322727272727274
Love,emang eh,0.002475272727272727,-0.002475272727272727
Love,kemarin habis,0.0024775454545454545,-0.0024775454545454545
Love,bagi kesehatan,0.0024895454545454544,-0.0024895454545454544
Love,satu satunya,0.0025733636363636362,-0.0025733636363636362
Love,mobil bekas,0.002595,-0.002595
Love,malam hari,0.0026337272727272724,-0.0026337272727272724
Love,benar benar,0.0026377272727272725,-0.0026377272727272725
Love,nama baik,0.002671818181818182,-0.002671818181818182
Love,asupan minuman,0.002708727272727273,-0.002708727272727273
Love,minuman tepat,0.002708727272727273,-0.002708727272727273
Love,sekolah les,0.002708727272727273,-0.002708727272727273
Love,les bermain,0.002708727272727273,-0.002708727272727273
Love,mengonsumsi minuman,0.002708727272727273,-0.002708727272727273
Love,4 perunggu,0.002728,-0.002728
Love,oke oke,0.002738545454545455,-0.002738545454545455
Love,usah banyak,0.0027524545454545453,-0.0027524545454545453
Love,jakarta indonesia,0.0027663636363636362,-0.0027663636363636362
Love,segala macam,0.0027763636363636363,-0.0027763636363636363
Love,warga jakarta,0.0027876363636363637,-0.0027876363636363637
Love,gias 2025,0.002804181818181818,-0.002804181818181818
Love,back to,0.0028530909090909093,-0.0028530909090909093
Love,indonesia perlu,0.002865909090909091,-0.002865909090909091
Love,datang jakarta,0.0028998181818181822,-0.0028998181818181822
Love,lihat kasih,0.0029219999999999997,-0.0029219999999999997
Love,kalah kalah,0.0029219999999999997,-0.0029219999999999997
Love,kasih kerana,0.0029250909090909093,-0.0029250909090909093
Love,kerana menonton,0.0029250909090909093,-0.0029250909090909093
Love,jangan lupa,0.002946818181818182,-0.002946818181818182
Love,sini sini,0.002978727272727273,-0.002978727272727273
Love,menyerang lawan,0.0029892727272727276,-0.0029892727272727276
Love,ivan gunawan,0.0030036363636363637,-0.0030036363636363637
Love,dipon 21,0.003006,-0.003006
Love,tiba tiba,0.0030326363636363637,-0.0030326363636363637
Love,agak sedikit,0.0030605454545454547,-0.0030605454545454547
Love,off road,0.0030945454545454544,-0.0030945454545454544
Love,keluar biar,0.003118363636363636,-0.003118363636363636
Love,hari cari,0.003118363636363636,-0.003118363636363636
Love,sini tunjukin,0.003120909090909091,-0.003120909090909091
Love,hai kalian,0.003120909090909091,-0.003120909090909091
Love,menang menang,0.0031353636363636362,-0.0031353636363636362
Love,muka muka,0.0031353636363636362,-0.0031353636363636362
Love,temen temen,0.003147363636363636,-0.003147363636363636
Love,jakarta menang,0.0031927272727272724,-0.0031927272727272724
Love,mas mas,0.003244363636363636,-0.003244363636363636
Love,bagus bagus,0.003246727272727273,-0.003246727272727273
Love,semua otot,0.0032514545454545452,-0.0032514545454545452
Love,full coverage,0.0032847272727272725,-0.0032847272727272725
Love,paling rendah,0.0033056363636363635,-0.0033056363636363635
Love,minuman manis,0.0033411818181818182,-0.0033411818181818182
Love,paling bawah,0.0034218181818181817,-0.0034218181818181817
Love,banyak pilihannya,0.0034416363636363637,-0.0034416363636363637
Love,pas tengah,0.0034416363636363637,-0.0034416363636363637
Love,i m,0.0034616363636363638,-0.0034616363636363638
Love,video video,0.003486090909090909,-0.003486090909090909
Love,banyak space,0.0036525454545454543,-0.0036525454545454543
Love,memindahkan beban,0.0036525454545454543,-0.0036525454545454543
Love,to notice,0.0036525454545454543,-0.0036525454545454543
Love,perlu banyak,0.0036525454545454543,-0.0036525454545454543
Love,100 kilo,0.0036525454545454543,-0.0036525454545454543
Love,diatur layar,0.0036525454545454543,-0.0036525454545454543
Love,sampai sampai,0.0036897272727272725,-0.0036897272727272725
Love,pemburu darah,0.0037663636363636367,-0.0037663636363636367
Love,besar banyak,0.0037663636363636367,-0.0037663636363636367
Love,skin care,0.0037790000000000002,-0.0037790000000000002
Love,saham saham,0.003900272727272727,-0.003900272727272727
Love,tim nasional,0.003975454545454545,-0.003975454545454545
Love,jangan khawatir,0.004119818181818182,-0.004119818181818182
Love,pemain pemain,0.004132181818181819,-0.004132181818181819
Love,para pecinta,0.004132181818181819,-0.004132181818181819
Love,enak kalian,0.004132181818181819,-0.004132181818181819
Love,olah raga,0.004154636363636364,-0.004154636363636364
Love,adalah hasil,0.004184454545454546,-0.004184454545454546
Love,tinggi gula,0.0043037272727272724,-0.0043037272727272724
Love,lalu turun,0.004331636363636364,-0.004331636363636364
Love,kalian lihat,0.004350000000000001,-0.004350000000000001
Love,19 tahun,0.004365818181818182,-0.004365818181818182
Love,memang akhirnya,0.004384272727272727,-0.004384272727272727
Love,your skin,0.004541727272727273,-0.004541727272727273
Love,lihat bukan,0.0046194545454545455,-0.0046194545454545455
Love,jalan jalan,0.004673,-0.004673
Love,kira kira,0.004706636363636363,-0.004706636363636363
Love,you need,0.004783272727272727,-0.004783272727272727
Love,sebelah sini,0.004814272727272727,-0.004814272727272727
Love,bukan hanya,0.004941636363636363,-0.004941636363636363
Love,pendaraan otak,0.0049475454545454545,-0.0049475454545454545
Love,latihan beban,0.005182363636363637,-0.005182363636363637
Love,semua hidup,0.005361454545454545,-0.005361454545454545
Love,s so,0.005408363636363637,-0.005408363636363637
Love,saham turun,0.005438090909090908,-0.005438090909090908
Love,naik turun,0.005463727272727273,-0.005463727272727273
Love,paling penting,0.005681818181818181,-0.005681818181818181
Love,dki jakarta,0.0057262727272727265,-0.0057262727272727265
Love,hamil mengalami,0.005771181818181818,-0.005771181818181818
Love,mual muntah,0.005771181818181818,-0.005771181818181818
Love,salah satu,0.005981545454545454,-0.005981545454545454
Love,workout rumah,0.0065029090909090904,-0.0065029090909090904
Love,kejutan kejutan,0.006712181818181818,-0.006712181818181818
Love,mindset benar,0.006797090909090909,-0.006797090909090909
Love,memiliki mindset,0.006797090909090909,-0.006797090909090909
Love,alternatif aman,0.007031090909090909,-0.007031090909090909
Love,it s,0.007199818181818182,-0.007199818181818182
Love,rumah punya,0.007305181818181818,-0.007305181818181818
Love,hati hati,0.007463545454545455,-0.007463545454545455
Love,saham naik,0.007816181818181818,-0.007816181818181818
Love,serangan jantung,0.008066,-0.008066
Love,luar biasa,0.008298636363636364,-0.008298636363636364
Love,bener bener,0.00913790909090909,-0.00913790909090909
Love,ibu hamil,0.009188090909090908,-0.009188090909090908
Love,teman teman,0.012515727272727274,-0.012515727272727274
Love,memberikan hasil,0.013421272727272726,-0.013421272727272726
Love,3 tahun,0.013912636363636365,-0.013912636363636365
Love,kalian suka,0.013912636363636365,-0.013912636363636365
Love,main game,0.013912636363636365,-0.013912636363636365
Love,selama 3,0.014177181818181818,-0.014177181818181818
Love,kanan kiri,0.014469636363636363,-0.014469636363636363
Love,selama 2,0.015167272727272725,-0.015167272727272725
Love,2 kali,0.015167272727272725,-0.015167272727272725
Love,1 tahun,0.01559509090909091,-0.01559509090909091
Love,langsung datang,0.01559509090909091,-0.01559509090909091
Love,kolom komentar,0.01559509090909091,-0.01559509090909091
Love,2 tahun,0.016720545454545457,-0.016720545454545457
Love,7 tahun,0.016720545454545457,-0.016720545454545457
Love,kalian banyak,0.017519090909090908,-0.017519090909090908
Love,info detail,0.017519090909090908,-0.017519090909090908
Love,fitur ai,0.017519090909090908,-0.017519090909090908
Love,ganti layar,0.017519090909090908,-0.017519090909090908
Love,cover semua,0.017519090909090908,-0.017519090909090908
Love,circle to,0.017519090909090908,-0.017519090909090908
Love,aplikasi lain,0.017519090909090908,-0.017519090909090908
Love,lihat sebelum,0.017519090909090908,-0.017519090909090908
Love,one ui,0.017519090909090908,-0.017519090909090908
Love,misalnya butuh,0.017519090909090908,-0.017519090909090908
Love,pertama langsung,0.017519090909090908,-0.017519090909090908
Love,pre order,0.017519090909090908,-0.017519090909090908
Love,screen protector,0.017519090909090908,-0.017519090909090908
Love,to search,0.017519090909090908,-0.017519090909090908
Love,terima kasih,0.018158818181818182,-0.018158818181818182
Love,tahun pertama,0.035038181818181816,-0.035038181818181816
Loyalty,tahun pertama,0.0,0.38542
Loyalty,aplikasi lain,0.0,0.19271
Loyalty,cover semua,0.0,0.19271
Loyalty,fitur ai,0.0,0.19271
Loyalty,ganti layar,0.0,0.19271
Loyalty,kalian banyak,0.0,0.19271
Loyalty,info detail,0.0,0.19271
Loyalty,pertama langsung,0.0,0.19271
Loyalty,misalnya butuh,0.0,0.19271
Loyalty,one ui,0.0,0.19271
Loyalty,lihat sebelum,0.0,0.19271
Loyalty,circle to,0.0,0.19271
Loyalty,to search,0.0,0.19271
Loyalty,pre order,0.0,0.19271
Loyalty,screen protector,0.0,0.19271
Loyalty,2 tahun,0.0,0.183926
Loyalty,7 tahun,0.0,0.183926
Loyalty,1 tahun,0.0,0.171546
Loyalty,kolom komentar,0.0,0.171546
Loyalty,langsung datang,0.0,0.171546
Loyalty,2 kali,0.0,0.16684
Loyalty,selama 2,0.0,0.16684
Loyalty,kanan kiri,0.0,0.159166
Loyalty,selama 3,0.0,0.155949
Loyalty,kalian suka,0.0,0.153039
Loyalty,3 tahun,0.0,0.153039
Loyalty,main game,0.0,0.153039
Loyalty,km per,0.000496,-0.000496
Loyalty,cacar api,0.0005038181818181818,-0.0005038181818181818
Loyalty,3 jutaan,0.0005094545454545455,-0.0005094545454545455
Loyalty,bekas jerawat,0.0005110909090909091,-0.0005110909090909091
Loyalty,carbon fiber,0.000534,-0.000534
Loyalty,bukan cuma,0.0005894545454545455,-0.0005894545454545455
Loyalty,bulu mata,0.0005916363636363636,-0.0005916363636363636
Loyalty,sobat sehat,0.0006176363636363636,-0.0006176363636363636
Loyalty,1 2,0.0006180000000000001,-0.0006180000000000001
Loyalty,bikin kulit,0.0006583636363636363,-0.0006583636363636363
Loyalty,s go,0.0006614545454545455,-0.0006614545454545455
Loyalty,warna warna,0.0007103636363636364,-0.0007103636363636364
Loyalty,vitamin c,0.0007118181818181818,-0.0007118181818181818
Loyalty,let s,0.0007148181818181818,-0.0007148181818181818
Loyalty,aktivitas besar,0.0007176363636363637,-0.0007176363636363637
Loyalty,dr nia,0.0007176363636363637,-0.0007176363636363637
Loyalty,aktivitas sebenarnya,0.0007176363636363637,-0.0007176363636363637
Loyalty,membantu revaluasi,0.0007176363636363637,-0.0007176363636363637
Loyalty,barokah aktivitas,0.0007176363636363637,-0.0007176363636363637
Loyalty,mengawasi allah,0.0007176363636363637,-0.0007176363636363637
Loyalty,waktu menyerahkan,0.0007176363636363637,-0.0007176363636363637
Loyalty,benar kejutan,0.0007176363636363637,-0.0007176363636363637
Loyalty,aktivitas rasa,0.0007176363636363637,-0.0007176363636363637
Loyalty,this is,0.0007210909090909091,-0.0007210909090909091
Loyalty,sampai jam,0.0007245454545454545,-0.0007245454545454545
Loyalty,kaca film,0.0007265454545454547,-0.0007265454545454547
Loyalty,cabang olahraga,0.0007335454545454545,-0.0007335454545454545
Loyalty,komen bawah,0.0007356363636363637,-0.0007356363636363637
Loyalty,misalnya kalian,0.0007435454545454546,-0.0007435454545454546
Loyalty,wuling mitra,0.0007517272727272727,-0.0007517272727272727
Loyalty,love you,0.000758090909090909,-0.000758090909090909
Loyalty,i love,0.0007613636363636364,-0.0007613636363636364
Loyalty,selamat datang,0.0007632727272727273,-0.0007632727272727273
Loyalty,my god,0.0007695454545454546,-0.0007695454545454546
Loyalty,oh oh,0.0007793636363636364,-0.0007793636363636364
Loyalty,oke john,0.0007867272727272727,-0.0007867272727272727
Loyalty,pertama kali,0.0007941818181818182,-0.0007941818181818182
Loyalty,dk jakarta,0.0008128181818181818,-0.0008128181818181818
Loyalty,oh my,0.0008134545454545454,-0.0008134545454545454
Loyalty,belakang bagian,0.000819,-0.000819
Loyalty,berat badan,0.0008214545454545455,-0.0008214545454545455
Loyalty,pull up,0.0008410000000000001,-0.0008410000000000001
Loyalty,200 ribu,0.0009104545454545455,-0.0009104545454545455
Loyalty,atlet atlet,0.0009839090909090908,-0.0009839090909090908
Loyalty,dekai jakarta,0.0010185454545454545,-0.0010185454545454545
Loyalty,sepak bola,0.0011170909090909092,-0.0011170909090909092
Loyalty,anak anak,0.001195090909090909,-0.001195090909090909
Loyalty,insya allah,0.001231909090909091,-0.001231909090909091
Loyalty,nama baik,0.001335909090909091,-0.001335909090909091
Loyalty,4 perunggu,0.0013640000000000002,-0.0013640000000000002
Loyalty,oke oke,0.0013692727272727272,-0.0013692727272727272
Loyalty,jakarta indonesia,0.0013831818181818181,-0.0013831818181818181
Loyalty,segala macam,0.0013881818181818184,-0.0013881818181818184
Loyalty,warga jakarta,0.001393818181818182,-0.001393818181818182
Loyalty,gias 2025,0.0014020909090909088,-0.0014020909090909088
Loyalty,back to,0.0014265454545454546,-0.0014265454545454546
Loyalty,datang jakarta,0.0014499090909090907,-0.0014499090909090907
Loyalty,kalah kalah,0.0014609999999999998,-0.0014609999999999998
Loyalty,lihat kasih,0.0014609999999999998,-0.0014609999999999998
Loyalty,kerana menonton,0.0014625454545454547,-0.0014625454545454547
Loyalty,kasih kerana,0.0014625454545454547,-0.0014625454545454547
Loyalty,menyerang lawan,0.0014946363636363633,-0.0014946363636363633
Loyalty,2 3,0.001496090909090909,-0.001496090909090909
Loyalty,ivan gunawan,0.0015018181818181819,-0.0015018181818181819
Loyalty,dipon 21,0.001503,-0.001503
Loyalty,agak sedikit,0.0015302727272727273,-0.0015302727272727273
Loyalty,off road,0.0015472727272727272,-0.0015472727272727272
Loyalty,beliau adalah,0.0015843636363636364,-0.0015843636363636364
Loyalty,jakarta menang,0.0015963636363636362,-0.0015963636363636362
Loyalty,mas mas,0.001622181818181818,-0.001622181818181818
Loyalty,betul betul,0.0016270909090909092,-0.0016270909090909092
Loyalty,rata rata,0.0016611818181818184,-0.0016611818181818184
Loyalty,ekonomi indonesia,0.0017564545454545456,-0.0017564545454545456
Loyalty,makanan sehat,0.0017907272727272728,-0.0017907272727272728
Loyalty,tahan terhadap,0.001866090909090909,-0.001866090909090909
Loyalty,misalkan gini,0.001881181818181818,-0.001881181818181818
Loyalty,kena serangan,0.0019136363636363637,-0.0019136363636363637
Loyalty,nah gimana,0.0019147272727272728,-0.0019147272727272728
Loyalty,harga rp,0.0019303636363636363,-0.0019303636363636363
Loyalty,hari masalah,0.0019349999999999999,-0.0019349999999999999
Loyalty,masalah hari,0.0019349999999999999,-0.0019349999999999999
Loyalty,game changer,0.0019675454545454545,-0.0019675454545454545
Loyalty,satu sisi,0.0019712727272727273,-0.0019712727272727273
Loyalty,tim nasional,0.0019877272727272725,-0.0019877272727272725
Loyalty,misalnya water,0.0020217272727272727,-0.0020217272727272727
Loyalty,solar guard,0.0020617272727272724,-0.0020617272727272724
Loyalty,para pecinta,0.0020660909090909093,-0.0020660909090909093
Loyalty,enak kalian,0.0020660909090909093,-0.0020660909090909093
Loyalty,pemain pemain,0.0020660909090909093,-0.0020660909090909093
Loyalty,produk warda,0.002090272727272727,-0.002090272727272727
Loyalty,barrier rusak,0.0021182727272727273,-0.0021182727272727273
Loyalty,blush on,0.0021194545454545455,-0.0021194545454545455
Loyalty,make up,0.002165181818181818,-0.002165181818181818
Loyalty,19 tahun,0.002182909090909091,-0.002182909090909091
Loyalty,nah menarik,0.0022144545454545455,-0.0022144545454545455
Loyalty,tanda tanda,0.0022227272727272725,-0.0022227272727272725
Loyalty,luar rumah,0.0022274545454545455,-0.0022274545454545455
Loyalty,eh ternyata,0.0022644545454545456,-0.0022644545454545456
Loyalty,kaya kaya,0.002278181818181818,-0.002278181818181818
Loyalty,real madrid,0.002286818181818182,-0.002286818181818182
Loyalty,keluar satu,0.002293909090909091,-0.002293909090909091
Loyalty,apalagi sering,0.0023725454545454544,-0.0023725454545454544
Loyalty,sel kulit,0.0023725454545454544,-0.0023725454545454544
Loyalty,kulit gampang,0.0023725454545454544,-0.0023725454545454544
Loyalty,satu paling,0.002379,-0.002379
Loyalty,speed 1,0.002396090909090909,-0.002396090909090909
Loyalty,jalan gias,0.0024322727272727274,-0.0024322727272727274
Loyalty,jalan coba,0.0024322727272727274,-0.0024322727272727274
Loyalty,cewek cewek,0.0024322727272727274,-0.0024322727272727274
Loyalty,emang eh,0.002475272727272727,-0.002475272727272727
Loyalty,kemarin habis,0.0024775454545454545,-0.0024775454545454545
Loyalty,bagi kesehatan,0.0024895454545454544,-0.0024895454545454544
Loyalty,satu satunya,0.0025733636363636362,-0.0025733636363636362
Loyalty,mobil bekas,0.002595,-0.002595
Loyalty,malam hari,0.0026337272727272724,-0.0026337272727272724
Loyalty,benar benar,0.0026377272727272725,-0.0026377272727272725
Loyalty,sekolah les,0.002708727272727273,-0.002708727272727273
Loyalty,les bermain,0.002708727272727273,-0.002708727272727273
Loyalty,asupan minuman,0.002708727272727273,-0.002708727272727273
Loyalty,mengonsumsi minuman,0.002708727272727273,-0.002708727272727273
Loyalty,minuman tepat,0.002708727272727273,-0.002708727272727273
Loyalty,usah banyak,0.0027524545454545453,-0.0027524545454545453
Loyalty,indonesia perlu,0.002865909090909091,-0.002865909090909091
Loyalty,jangan lupa,0.002946818181818182,-0.002946818181818182
Loyalty,sini sini,0.002978727272727273,-0.002978727272727273
Loyalty,tiba tiba,0.0030326363636363637,-0.0030326363636363637
Loyalty,hari cari,0.003118363636363636,-0.003118363636363636
Loyalty,keluar biar,0.003118363636363636,-0.003118363636363636
Loyalty,sini tunjukin,0.003120909090909091,-0.003120909090909091
Loyalty,hai kalian,0.003120909090909091,-0.003120909090909091
Loyalty,menang menang,0.0031353636363636362,-0.0031353636363636362
Loyalty,muka muka,0.0031353636363636362,-0.0031353636363636362
Loyalty,temen temen,0.003147363636363636,-0.003147363636363636
Loyalty,bagus bagus,0.003246727272727273,-0.003246727272727273
Loyalty,semua otot,0.0032514545454545452,-0.0032514545454545452
Loyalty,full coverage,0.0032847272727272725,-0.0032847272727272725
Loyalty,paling rendah,0.0033056363636363635,-0.0033056363636363635
Loyalty,minuman manis,0.0033411818181818182,-0.0033411818181818182
Loyalty,paling bawah,0.0034218181818181817,-0.0034218181818181817
Loyalty,pas tengah,0.0034416363636363637,-0.0034416363636363637
Loyalty,banyak pilihannya,0.0034416363636363637,-0.0034416363636363637
Loyalty,i m,0.0034616363636363638,-0.0034616363636363638
Loyalty,video video,0.003486090909090909,-0.003486090909090909
Loyalty,dki jakarta,0.0036456363636363635,-0.0036456363636363635
Loyalty,100 kilo,0.0036525454545454543,-0.0036525454545454543
Loyalty,banyak space,0.0036525454545454543,-0.0036525454545454543
Loyalty,diatur layar,0.0036525454545454543,-0.0036525454545454543
Loyalty,to notice,0.0036525454545454543,-0.0036525454545454543
Loyalty,perlu banyak,0.0036525454545454543,-0.0036525454545454543
Loyalty,memindahkan beban,0.0036525454545454543,-0.0036525454545454543
Loyalty,sampai sampai,0.0036897272727272725,-0.0036897272727272725
Loyalty,pemburu darah,0.0037663636363636367,-0.0037663636363636367
Loyalty,besar banyak,0.0037663636363636367,-0.0037663636363636367
Loyalty,skin care,0.0037790000000000002,-0.0037790000000000002
Loyalty,saham saham,0.003900272727272727,-0.003900272727272727
Loyalty,jangan khawatir,0.004119818181818182,-0.004119818181818182
Loyalty,olah raga,0.004154636363636364,-0.004154636363636364
Loyalty,adalah hasil,0.004184454545454546,-0.004184454545454546
Loyalty,tinggi gula,0.0043037272727272724,-0.0043037272727272724
Loyalty,lalu turun,0.004331636363636364,-0.004331636363636364
Loyalty,kalian lihat,0.004350000000000001,-0.004350000000000001
Loyalty,memang akhirnya,0.004384272727272727,-0.004384272727272727
Loyalty,your skin,0.004541727272727273,-0.004541727272727273
Loyalty,lihat bukan,0.0046194545454545455,-0.0046194545454545455
Loyalty,jalan jalan,0.004673,-0.004673
Loyalty,kira kira,0.004706636363636363,-0.004706636363636363
Loyalty,you need,0.004783272727272727,-0.004783272727272727
Loyalty,sebelah sini,0.004814272727272727,-0.004814272727272727
Loyalty,bukan hanya,0.004941636363636363,-0.004941636363636363
Loyalty,pendaraan otak,0.0049475454545454545,-0.0049475454545454545
Loyalty,latihan beban,0.005182363636363637,-0.005182363636363637
Loyalty,semua hidup,0.005361454545454545,-0.005361454545454545
Loyalty,s so,0.005408363636363637,-0.005408363636363637
Loyalty,saham turun,0.005438090909090909,-0.005438090909090909
Loyalty,naik turun,0.005463727272727273,-0.005463727272727273
Loyalty,paling penting,0.005681818181818181,-0.005681818181818181
Loyalty,mual muntah,0.005771181818181818,-0.005771181818181818
Loyalty,hamil mengalami,0.005771181818181818,-0.005771181818181818
Loyalty,salah satu,0.005981545454545454,-0.005981545454545454
Loyalty,luar biasa,0.006009181818181819,-0.006009181818181819
Loyalty,workout rumah,0.0065029090909090904,-0.0065029090909090904
Loyalty,kejutan kejutan,0.006712181818181818,-0.006712181818181818
Loyalty,memiliki mindset,0.006797090909090909,-0.006797090909090909
Loyalty,mindset benar,0.006797090909090909,-0.006797090909090909
Loyalty,alternatif aman,0.007031090909090909,-0.007031090909090909
Loyalty,it s,0.007199818181818182,-0.007199818181818182
Loyalty,rumah punya,0.007305181818181818,-0.007305181818181818
Loyalty,hati hati,0.007463545454545455,-0.007463545454545455
Loyalty,saham naik,0.007816181818181818,-0.007816181818181818
Loyalty,serangan jantung,0.008066,-0.008066
Loyalty,bener bener,0.00913790909090909,-0.00913790909090909
Loyalty,ibu hamil,0.009188090909090908,-0.009188090909090908
Loyalty,teman teman,0.009933,-0.009933
Loyalty,terima kasih,0.013418727272727275,-0.013418727272727275
Loyalty,memberikan hasil,0.013421272727272726,-0.013421272727272726
Loyalty,glory glory,0.06203318181818182,-0.06203318181818182
Loyalty,sekitar 3,0.065842,-0.065842
Loyalty,john glory,0.06898654545454545,-0.06898654545454545
Loyalty,3 kilo,0.06898654545454545,-0.06898654545454545
Loyalty,long run,0.06898654545454545,-0.06898654545454545
Loyalty,thank you,0.10429836363636363,-0.10429836363636363
Neutral,memberikan hasil,0.0,0.147634
Neutral,rumah punya,0.0,0.080357
Neutral,alternatif aman,0.0,0.077342
Neutral,workout rumah,0.0,0.071532
Neutral,bener bener,0.0026816363636363635,0.06833736363636364
Neutral,mual muntah,0.0,0.063483
Neutral,hamil mengalami,0.0,0.063483
Neutral,s so,0.0,0.059492
Neutral,ibu hamil,0.003884,0.054461
Neutral,you need,0.0,0.052616
Neutral,your skin,0.0,0.049959
Neutral,mindset benar,0.002388545454545455,0.04610545454545455
Neutral,memiliki mindset,0.002388545454545455,0.04610545454545455
Neutral,kejutan kejutan,0.0023587272727272723,0.04552927272727273
Neutral,jangan khawatir,0.0,0.045318
Neutral,skin care,0.0,0.041569
Neutral,banyak space,0.0,0.040178
Neutral,to notice,0.0,0.040178
Neutral,diatur layar,0.0,0.040178
Neutral,100 kilo,0.0,0.040178
Neutral,perlu banyak,0.0,0.040178
Neutral,memindahkan beban,0.0,0.040178
Neutral,it s,0.003340727272727273,0.03910927272727273
Neutral,video video,0.0,0.038347
Neutral,i m,0.0,0.038078
Neutral,pas tengah,0.0,0.037858
Neutral,banyak pilihannya,0.0,0.037858
Neutral,full coverage,0.0,0.036132
Neutral,semua otot,0.0,0.035766
Neutral,latihan beban,0.0019309090909090908,0.03383509090909091
Neutral,km per,0.000496,-0.000496
Neutral,cacar api,0.0005038181818181818,-0.0005038181818181818
Neutral,3 jutaan,0.0005094545454545455,-0.0005094545454545455
Neutral,bekas jerawat,0.0005110909090909091,-0.0005110909090909091
Neutral,carbon fiber,0.000534,-0.000534
Neutral,bukan cuma,0.0005894545454545455,-0.0005894545454545455
Neutral,bulu mata,0.0005916363636363636,-0.0005916363636363636
Neutral,sobat sehat,0.0006176363636363636,-0.0006176363636363636
Neutral,1 2,0.0006180000000000001,-0.0006180000000000001
Neutral,bikin kulit,0.0006583636363636363,-0.0006583636363636363
Neutral,s go,0.0006614545454545455,-0.0006614545454545455
Neutral,warna warna,0.0007103636363636364,-0.0007103636363636364
Neutral,vitamin c,0.0007118181818181818,-0.0007118181818181818
Neutral,let s,0.0007148181818181818,-0.0007148181818181818
Neutral,waktu menyerahkan,0.0007176363636363637,-0.0007176363636363637
Neutral,dr nia,0.0007176363636363637,-0.0007176363636363637
Neutral,barokah aktivitas,0.0007176363636363637,-0.0007176363636363637
Neutral,benar kejutan,0.0007176363636363637,-0.0007176363636363637
Neutral,aktivitas besar,0.0007176363636363637,-0.0007176363636363637
Neutral,aktivitas sebenarnya,0.0007176363636363637,-0.0007176363636363637
Neutral,mengawasi allah,0.0007176363636363637,-0.0007176363636363637
Neutral,membantu revaluasi,0.0007176363636363637,-0.0007176363636363637
Neutral,aktivitas rasa,0.0007176363636363637,-0.0007176363636363637
Neutral,this is,0.0007210909090909091,-0.0007210909090909091
Neutral,sampai jam,0.0007245454545454545,-0.0007245454545454545
Neutral,kaca film,0.0007265454545454547,-0.0007265454545454547
Neutral,cabang olahraga,0.0007335454545454545,-0.0007335454545454545
Neutral,komen bawah,0.0007356363636363637,-0.0007356363636363637
Neutral,misalnya kalian,0.0007435454545454546,-0.0007435454545454546
Neutral,wuling mitra,0.0007517272727272727,-0.0007517272727272727
Neutral,love you,0.000758090909090909,-0.000758090909090909
Neutral,i love,0.0007613636363636364,-0.0007613636363636364
Neutral,selamat datang,0.0007632727272727273,-0.0007632727272727273
Neutral,my god,0.0007695454545454546,-0.0007695454545454546
Neutral,oh oh,0.0007793636363636364,-0.0007793636363636364
Neutral,oke john,0.0007867272727272727,-0.0007867272727272727
Neutral,pertama kali,0.0007941818181818182,-0.0007941818181818182
Neutral,dk jakarta,0.0008128181818181818,-0.0008128181818181818
Neutral,oh my,0.0008134545454545454,-0.0008134545454545454
Neutral,belakang bagian,0.000819,-0.000819
Neutral,berat badan,0.0008214545454545455,-0.0008214545454545455
Neutral,pull up,0.0008410000000000001,-0.0008410000000000001
Neutral,200 ribu,0.0009104545454545455,-0.0009104545454545455
Neutral,atlet atlet,0.0009839090909090908,-0.0009839090909090908
Neutral,dekai jakarta,0.0010185454545454545,-0.0010185454545454545
Neutral,sepak bola,0.0011170909090909092,-0.0011170909090909092
Neutral,anak anak,0.001195090909090909,-0.001195090909090909
Neutral,insya allah,0.001231909090909091,-0.001231909090909091
Neutral,nama baik,0.001335909090909091,-0.001335909090909091
Neutral,4 perunggu,0.001364,-0.001364
Neutral,oke oke,0.0013692727272727274,-0.0013692727272727274
Neutral,jakarta indonesia,0.0013831818181818181,-0.0013831818181818181
Neutral,segala macam,0.0013881818181818181,-0.0013881818181818181
Neutral,warga jakarta,0.0013938181818181818,-0.0013938181818181818
Neutral,gias 2025,0.001402090909090909,-0.001402090909090909
Neutral,back to,0.0014265454545454546,-0.0014265454545454546
Neutral,datang jakarta,0.0014499090909090911,-0.0014499090909090911
Neutral,lihat kasih,0.0014609999999999998,-0.0014609999999999998
Neutral,kalah kalah,0.0014609999999999998,-0.0014609999999999998
Neutral,kasih kerana,0.0014625454545454547,-0.0014625454545454547
Neutral,kerana menonton,0.0014625454545454547,-0.0014625454545454547
Neutral,menyerang lawan,0.0014946363636363638,-0.0014946363636363638
Neutral,2 3,0.001496090909090909,-0.001496090909090909
Neutral,ivan gunawan,0.0015018181818181819,-0.0015018181818181819
Neutral,dipon 21,0.001503,-0.001503
Neutral,agak sedikit,0.0015302727272727273,-0.0015302727272727273
Neutral,off road,0.0015472727272727272,-0.0015472727272727272
Neutral,beliau adalah,0.0015843636363636364,-0.0015843636363636364
Neutral,jakarta menang,0.0015963636363636362,-0.0015963636363636362
Neutral,mas mas,0.001622181818181818,-0.001622181818181818
Neutral,betul betul,0.0016270909090909092,-0.0016270909090909092
Neutral,rata rata,0.0016611818181818184,-0.0016611818181818184
Neutral,ekonomi indonesia,0.0017564545454545456,-0.0017564545454545456
Neutral,makanan sehat,0.0017907272727272728,-0.0017907272727272728
Neutral,tahan terhadap,0.001866090909090909,-0.001866090909090909
Neutral,misalkan gini,0.001881181818181818,-0.001881181818181818
Neutral,kena serangan,0.0019136363636363637,-0.0019136363636363637
Neutral,nah gimana,0.0019147272727272728,-0.0019147272727272728
Neutral,harga rp,0.0019303636363636363,-0.0019303636363636363
Neutral,hari masalah,0.0019349999999999999,-0.0019349999999999999
Neutral,masalah hari,0.0019349999999999999,-0.0019349999999999999
Neutral,game changer,0.0019675454545454545,-0.0019675454545454545
Neutral,satu sisi,0.0019712727272727273,-0.0019712727272727273
Neutral,tim nasional,0.0019877272727272725,-0.0019877272727272725
Neutral,misalnya water,0.0020217272727272727,-0.0020217272727272727
Neutral,solar guard,0.0020617272727272724,-0.0020617272727272724
Neutral,para pecinta,0.0020660909090909093,-0.0020660909090909093
Neutral,pemain pemain,0.0020660909090909093,-0.0020660909090909093
Neutral,enak kalian,0.0020660909090909093,-0.0020660909090909093
Neutral,produk warda,0.002090272727272727,-0.002090272727272727
Neutral,barrier rusak,0.0021182727272727273,-0.0021182727272727273
Neutral,blush on,0.0021194545454545455,-0.0021194545454545455
Neutral,make up,0.002165181818181818,-0.002165181818181818
Neutral,19 tahun,0.002182909090909091,-0.002182909090909091
Neutral,nah menarik,0.0022144545454545455,-0.0022144545454545455
Neutral,tanda tanda,0.0022227272727272725,-0.0022227272727272725
Neutral,luar rumah,0.0022274545454545455,-0.0022274545454545455
Neutral,eh ternyata,0.0022644545454545456,-0.0022644545454545456
Neutral,kaya kaya,0.002278181818181818,-0.002278181818181818
Neutral,real madrid,0.002286818181818182,-0.002286818181818182
Neutral,keluar satu,0.002293909090909091,-0.002293909090909091
Neutral,sel kulit,0.0023725454545454544,-0.0023725454545454544
Neutral,kulit gampang,0.0023725454545454544,-0.0023725454545454544
Neutral,apalagi sering,0.0023725454545454544,-0.0023725454545454544
Neutral,satu paling,0.002379,-0.002379
Neutral,speed 1,0.002396090909090909,-0.002396090909090909
Neutral,jalan gias,0.0024322727272727274,-0.0024322727272727274
Neutral,jalan coba,0.0024322727272727274,-0.0024322727272727274
Neutral,cewek cewek,0.0024322727272727274,-0.0024322727272727274
Neutral,emang eh,0.002475272727272727,-0.002475272727272727
Neutral,kemarin habis,0.0024775454545454545,-0.0024775454545454545
Neutral,bagi kesehatan,0.0024895454545454544,-0.0024895454545454544
Neutral,satu satunya,0.0025733636363636362,-0.0025733636363636362
Neutral,mobil bekas,0.002595,-0.002595
Neutral,malam hari,0.0026337272727272724,-0.0026337272727272724
Neutral,benar benar,0.0026377272727272725,-0.0026377272727272725
Neutral,minuman tepat,0.002708727272727273,-0.002708727272727273
Neutral,sekolah les,0.002708727272727273,-0.002708727272727273
Neutral,mengonsumsi minuman,0.002708727272727273,-0.002708727272727273
Neutral,les bermain,0.002708727272727273,-0.002708727272727273
Neutral,asupan minuman,0.002708727272727273,-0.002708727272727273
Neutral,usah banyak,0.0027524545454545453,-0.0027524545454545453
Neutral,indonesia perlu,0.002865909090909091,-0.002865909090909091
Neutral,jangan lupa,0.002946818181818182,-0.002946818181818182
Neutral,sini sini,0.002978727272727273,-0.002978727272727273
Neutral,tiba tiba,0.0030326363636363637,-0.0030326363636363637
Neutral,keluar biar,0.003118363636363636,-0.003118363636363636
Neutral,hari cari,0.003118363636363636,-0.003118363636363636
Neutral,sini tunjukin,0.003120909090909091,-0.003120909090909091
Neutral,hai kalian,0.003120909090909091,-0.003120909090909091
Neutral,muka muka,0.0031353636363636362,-0.0031353636363636362
Neutral,menang menang,0.0031353636363636362,-0.0031353636363636362
Neutral,temen temen,0.003147363636363636,-0.003147363636363636
Neutral,bagus bagus,0.003246727272727273,-0.003246727272727273
Neutral,paling rendah,0.0033056363636363635,-0.0033056363636363635
Neutral,minuman manis,0.0033411818181818182,-0.0033411818181818182
Neutral,paling bawah,0.0034218181818181817,-0.0034218181818181817
Neutral,dki jakarta,0.0036456363636363635,-0.0036456363636363635
Neutral,sampai sampai,0.0036897272727272725,-0.0036897272727272725
Neutral,pemburu darah,0.0037663636363636367,-0.0037663636363636367
Neutral,besar banyak,0.0037663636363636367,-0.0037663636363636367
Neutral,saham saham,0.003900272727272727,-0.003900272727272727
Neutral,olah raga,0.004154636363636364,-0.004154636363636364
Neutral,adalah hasil,0.004184454545454546,-0.004184454545454546
Neutral,tinggi gula,0.0043037272727272724,-0.0043037272727272724
Neutral,lalu turun,0.004331636363636364,-0.004331636363636364
Neutral,kalian lihat,0.004350000000000001,-0.004350000000000001
Neutral,memang akhirnya,0.004384272727272727,-0.004384272727272727
Neutral,lihat bukan,0.0046194545454545455,-0.0046194545454545455
Neutral,jalan jalan,0.004673,-0.004673
Neutral,kira kira,0.004706636363636363,-0.004706636363636363
Neutral,sebelah sini,0.004814272727272727,-0.004814272727272727
Neutral,bukan hanya,0.004941636363636363,-0.004941636363636363
Neutral,pendaraan otak,0.0049475454545454545,-0.0049475454545454545
Neutral,semua hidup,0.005361454545454545,-0.005361454545454545
Neutral,saham turun,0.005438090909090909,-0.005438090909090909
Neutral,naik turun,0.005463727272727273,-0.005463727272727273
Neutral,paling penting,0.005681818181818181,-0.005681818181818181
Neutral,salah satu,0.005981545454545454,-0.005981545454545454
Neutral,luar biasa,0.006009181818181819,-0.006009181818181819
Neutral,hati hati,0.007463545454545455,-0.007463545454545455
Neutral,saham naik,0.007816181818181818,-0.007816181818181818
Neutral,serangan jantung,0.008066,-0.008066
Neutral,teman teman,0.009933,-0.009933
Neutral,terima kasih,0.013418727272727275,-0.013418727272727275
Neutral,3 tahun,0.02782527272727273,-0.02782527272727273
Neutral,main game,0.02782527272727273,-0.02782527272727273
Neutral,kalian suka,0.02782527272727273,-0.02782527272727273
Neutral,selama 3,0.028354363636363636,-0.028354363636363636
Neutral,kanan kiri,0.028939272727272727,-0.028939272727272727
Neutral,selama 2,0.03033454545454545,-0.03033454545454545
Neutral,2 kali,0.03033454545454545,-0.03033454545454545
Neutral,langsung datang,0.03119018181818182,-0.03119018181818182
Neutral,kolom komentar,0.03119018181818182,-0.03119018181818182
Neutral,1 tahun,0.03119018181818182,-0.03119018181818182
Neutral,glory glory,0.03217045454545454,-0.03217045454545454
Neutral,sekitar 3,0.032921,-0.032921
Neutral,2 tahun,0.03344109090909091,-0.03344109090909091
Neutral,7 tahun,0.03344109090909091,-0.03344109090909091
Neutral,3 kilo,0.03449327272727273,-0.03449327272727273
Neutral,long run,0.03449327272727273,-0.03449327272727273
Neutral,john glory,0.03449327272727273,-0.03449327272727273
Neutral,kalian banyak,0.035038181818181816,-0.035038181818181816
Neutral,info detail,0.035038181818181816,-0.035038181818181816
Neutral,fitur ai,0.035038181818181816,-0.035038181818181816
Neutral,ganti layar,0.035038181818181816,-0.035038181818181816
Neutral,cover semua,0.035038181818181816,-0.035038181818181816
Neutral,circle to,0.035038181818181816,-0.035038181818181816
Neutral,aplikasi lain,0.035038181818181816,-0.035038181818181816
Neutral,lihat sebelum,0.035038181818181816,-0.035038181818181816
Neutral,one ui,0.035038181818181816,-0.035038181818181816
Neutral,misalnya butuh,0.035038181818181816,-0.035038181818181816
Neutral,pertama langsung,0.035038181818181816,-0.035038181818181816
Neutral,pre order,0.035038181818181816,-0.035038181818181816
Neutral,screen protector,0.035038181818181816,-0.035038181818181816
Neutral,to search,0.035038181818181816,-0.035038181818181816
Neutral,thank you,0.0521491818181818,-0.0521491818181818
Neutral,tahun pertama,0.07007636363636363,-0.07007636363636363
Proud,terima kasih,0.010367818181818183,0.023192181818181817
Proud,teman teman,0.007759363636363636,0.016150636363636364
Proud,sepak bola,0.0,0.012288
Proud,dekai jakarta,0.0,0.011204
Proud,atlet atlet,0.0,0.010823
Proud,solar guard,0.001020181818181818,0.010436818181818183
Proud,temen temen,0.0020253636363636363,0.010316636363636365
Proud,jangan lupa,0.0018493636363636364,0.010222636363636363
Proud,200 ribu,0.0,0.010015
Proud,belakang bagian,0.0,0.009009
Proud,pertama kali,0.0,0.008736
Proud,oke john,0.0,0.008654
Proud,selamat datang,0.0,0.008396
Proud,wuling mitra,0.0,0.008269
Proud,cabang olahraga,0.0,0.008069
Proud,kaca film,0.0,0.007992
Proud,sampai jam,0.0,0.00797
Proud,vitamin c,0.0,0.00783
Proud,warna warna,0.0,0.007814
Proud,make up,0.001338909090909091,0.007750090909090909
Proud,dki jakarta,0.002706727272727273,0.007621272727272727
Proud,benar benar,0.0017953636363636366,0.007470636363636363
Proud,luar biasa,0.004956727272727273,0.006620272727272727
Proud,kalian lihat,0.003462818181818182,0.006296181818181819
Proud,jalan jalan,0.003936636363636364,0.004163363636363635
Proud,salah satu,0.005148909090909089,0.004010090909090911
Proud,bener bener,0.014128090909090908,0.001998909090909091
Proud,memiliki mindset,0.010252454545454546,0.00023254545454545403
Proud,mindset benar,0.010252454545454546,0.00023254545454545403
Proud,kejutan kejutan,0.010124363636363636,0.00022963636363636415
Proud,km per,0.000496,-0.000496
Proud,cacar api,0.0005038181818181818,-0.0005038181818181818
Proud,3 jutaan,0.0005094545454545455,-0.0005094545454545455
Proud,bekas jerawat,0.0005110909090909091,-0.0005110909090909091
Proud,carbon fiber,0.000534,-0.000534
Proud,bukan cuma,0.0005894545454545455,-0.0005894545454545455
Proud,bulu mata,0.0005916363636363636,-0.0005916363636363636
Proud,sobat sehat,0.0006176363636363636,-0.0006176363636363636
Proud,1 2,0.0006180000000000001,-0.0006180000000000001
Proud,bikin kulit,0.0006583636363636363,-0.0006583636363636363
Proud,s go,0.0006614545454545455,-0.0006614545454545455
Proud,let s,0.0007148181818181818,-0.0007148181818181818
Proud,aktivitas sebenarnya,0.0007176363636363637,-0.0007176363636363637
Proud,dr nia,0.0007176363636363637,-0.0007176363636363637
Proud,membantu revaluasi,0.0007176363636363637,-0.0007176363636363637
Proud,mengawasi allah,0.0007176363636363637,-0.0007176363636363637
Proud,waktu menyerahkan,0.0007176363636363637,-0.0007176363636363637
Proud,benar kejutan,0.0007176363636363637,-0.0007176363636363637
Proud,aktivitas rasa,0.0007176363636363637,-0.0007176363636363637
Proud,barokah aktivitas,0.0007176363636363637,-0.0007176363636363637
Proud,aktivitas besar,0.0007176363636363637,-0.0007176363636363637
Proud,this is,0.0007210909090909091,-0.0007210909090909091
Proud,komen bawah,0.0007356363636363637,-0.0007356363636363637
Proud,misalnya kalian,0.0007435454545454546,-0.0007435454545454546
Proud,love you,0.000758090909090909,-0.000758090909090909
Proud,i love,0.0007613636363636364,-0.0007613636363636364
Proud,my god,0.0007695454545454546,-0.0007695454545454546
Proud,oh oh,0.0007793636363636364,-0.0007793636363636364
Proud,dk jakarta,0.0008128181818181818,-0.0008128181818181818
Proud,oh my,0.0008134545454545454,-0.0008134545454545454
Proud,berat badan,0.0008214545454545455,-0.0008214545454545455
Proud,pull up,0.0008410000000000001,-0.0008410000000000001
Proud,anak anak,0.001195090909090909,-0.001195090909090909
Proud,insya allah,0.001231909090909091,-0.001231909090909091
Proud,nama baik,0.001335909090909091,-0.001335909090909091
Proud,4 perunggu,0.001364,-0.001364
Proud,oke oke,0.0013692727272727274,-0.0013692727272727274
Proud,jakarta indonesia,0.0013831818181818181,-0.0013831818181818181
Proud,segala macam,0.0013881818181818181,-0.0013881818181818181
Proud,warga jakarta,0.0013938181818181818,-0.0013938181818181818
Proud,gias 2025,0.001402090909090909,-0.001402090909090909
Proud,back to,0.0014265454545454546,-0.0014265454545454546
Proud,datang jakarta,0.0014499090909090911,-0.0014499090909090911
Proud,kalah kalah,0.0014609999999999998,-0.0014609999999999998
Proud,lihat kasih,0.0014609999999999998,-0.0014609999999999998
Proud,kasih kerana,0.0014625454545454547,-0.0014625454545454547
Proud,kerana menonton,0.0014625454545454547,-0.0014625454545454547
Proud,menyerang lawan,0.0014946363636363638,-0.0014946363636363638
Proud,2 3,0.001496090909090909,-0.001496090909090909
Proud,ivan gunawan,0.0015018181818181819,-0.0015018181818181819
Proud,dipon 21,0.001503,-0.001503
Proud,agak sedikit,0.0015302727272727273,-0.0015302727272727273
Proud,off road,0.0015472727272727272,-0.0015472727272727272
Proud,beliau adalah,0.0015843636363636364,-0.0015843636363636364
Proud,jakarta menang,0.0015963636363636362,-0.0015963636363636362
Proud,mas mas,0.001622181818181818,-0.001622181818181818
Proud,betul betul,0.0016270909090909092,-0.0016270909090909092
Proud,rata rata,0.0016611818181818184,-0.0016611818181818184
Proud,ekonomi indonesia,0.0017564545454545456,-0.0017564545454545456
Proud,makanan sehat,0.0017907272727272728,-0.0017907272727272728
Proud,tahan terhadap,0.001866090909090909,-0.001866090909090909
Proud,misalkan gini,0.001881181818181818,-0.001881181818181818
Proud,kena serangan,0.0019136363636363637,-0.0019136363636363637
Proud,nah gimana,0.0019147272727272728,-0.0019147272727272728
Proud,harga rp,0.0019303636363636363,-0.0019303636363636363
Proud,masalah hari,0.0019349999999999999,-0.0019349999999999999
Proud,hari masalah,0.0019349999999999999,-0.0019349999999999999
Proud,game changer,0.0019675454545454545,-0.0019675454545454545
Proud,satu sisi,0.0019712727272727273,-0.0019712727272727273
Proud,tim nasional,0.0019877272727272725,-0.0019877272727272725
Proud,misalnya water,0.0020217272727272727,-0.0020217272727272727
Proud,enak kalian,0.0020660909090909093,-0.0020660909090909093
Proud,pemain pemain,0.0020660909090909093,-0.0020660909090909093
Proud,para pecinta,0.0020660909090909093,-0.0020660909090909093
Proud,produk warda,0.002090272727272727,-0.002090272727272727
Proud,barrier rusak,0.0021182727272727273,-0.0021182727272727273
Proud,blush on,0.0021194545454545455,-0.0021194545454545455
Proud,19 tahun,0.002182909090909091,-0.002182909090909091
Proud,nah menarik,0.0022144545454545455,-0.0022144545454545455
Proud,tanda tanda,0.0022227272727272725,-0.0022227272727272725
Proud,luar rumah,0.0022274545454545455,-0.0022274545454545455
Proud,eh ternyata,0.0022644545454545456,-0.0022644545454545456
Proud,kaya kaya,0.002278181818181818,-0.002278181818181818
Proud,real madrid,0.002286818181818182,-0.002286818181818182
Proud,keluar satu,0.002293909090909091,-0.002293909090909091
Proud,apalagi sering,0.0023725454545454544,-0.0023725454545454544
Proud,sel kulit,0.0023725454545454544,-0.0023725454545454544
Proud,kulit gampang,0.0023725454545454544,-0.0023725454545454544
Proud,satu paling,0.002379,-0.002379
Proud,speed 1,0.002396090909090909,-0.002396090909090909
Proud,jalan gias,0.0024322727272727274,-0.0024322727272727274
Proud,cewek cewek,0.0024322727272727274,-0.0024322727272727274
Proud,jalan coba,0.0024322727272727274,-0.0024322727272727274
Proud,emang eh,0.002475272727272727,-0.002475272727272727
Proud,kemarin habis,0.0024775454545454545,-0.0024775454545454545
Proud,bagi kesehatan,0.0024895454545454544,-0.0024895454545454544
Proud,satu satunya,0.0025733636363636362,-0.0025733636363636362
Proud,mobil bekas,0.002595,-0.002595
Proud,malam hari,0.0026337272727272724,-0.0026337272727272724
Proud,minuman tepat,0.002708727272727273,-0.002708727272727273
Proud,mengonsumsi minuman,0.002708727272727273,-0.002708727272727273
Proud,les bermain,0.002708727272727273,-0.002708727272727273
Proud,sekolah les,0.002708727272727273,-0.002708727272727273
Proud,asupan minuman,0.002708727272727273,-0.002708727272727273
Proud,usah banyak,0.0027524545454545453,-0.0027524545454545453
Proud,indonesia perlu,0.002865909090909091,-0.002865909090909091
Proud,sini sini,0.002978727272727273,-0.002978727272727273
Proud,tiba tiba,0.0030326363636363637,-0.0030326363636363637
Proud,keluar biar,0.003118363636363636,-0.003118363636363636
Proud,hari cari,0.003118363636363636,-0.003118363636363636
Proud,sini tunjukin,0.003120909090909091,-0.003120909090909091
Proud,hai kalian,0.003120909090909091,-0.003120909090909091
Proud,muka muka,0.0031353636363636362,-0.0031353636363636362
Proud,menang menang,0.0031353636363636362,-0.0031353636363636362
Proud,bagus bagus,0.003246727272727273,-0.003246727272727273
Proud,paling rendah,0.0033056363636363635,-0.0033056363636363635
Proud,minuman manis,0.0033411818181818182,-0.0033411818181818182
Proud,paling bawah,0.0034218181818181817,-0.0034218181818181817
Proud,sampai sampai,0.0036897272727272725,-0.0036897272727272725
Proud,pemburu darah,0.0037663636363636367,-0.0037663636363636367
Proud,besar banyak,0.0037663636363636367,-0.0037663636363636367
Proud,saham saham,0.003900272727272727,-0.003900272727272727
Proud,olah raga,0.004154636363636364,-0.004154636363636364
Proud,adalah hasil,0.004184454545454546,-0.004184454545454546
Proud,tinggi gula,0.0043037272727272724,-0.0043037272727272724
Proud,lalu turun,0.004331636363636364,-0.004331636363636364
Proud,memang akhirnya,0.004384272727272727,-0.004384272727272727
Proud,lihat bukan,0.0046194545454545455,-0.0046194545454545455
Proud,kira kira,0.004706636363636363,-0.004706636363636363
Proud,sebelah sini,0.004814272727272727,-0.004814272727272727
Proud,bukan hanya,0.004941636363636363,-0.004941636363636363
Proud,pendaraan otak,0.0049475454545454545,-0.0049475454545454545
Proud,semua hidup,0.005361454545454545,-0.005361454545454545
Proud,saham turun,0.005438090909090909,-0.005438090909090909
Proud,naik turun,0.005463727272727273,-0.005463727272727273
Proud,paling penting,0.005681818181818181,-0.005681818181818181
Proud,semua otot,0.0065029090909090904,-0.0065029090909090904
Proud,full coverage,0.006569454545454545,-0.006569454545454545
Proud,pas tengah,0.0068832727272727275,-0.0068832727272727275
Proud,banyak pilihannya,0.0068832727272727275,-0.0068832727272727275
Proud,i m,0.0069232727272727276,-0.0069232727272727276
Proud,video video,0.006972181818181818,-0.006972181818181818
Proud,banyak space,0.007305090909090909,-0.007305090909090909
Proud,diatur layar,0.007305090909090909,-0.007305090909090909
Proud,memindahkan beban,0.007305090909090909,-0.007305090909090909
Proud,perlu banyak,0.007305090909090909,-0.007305090909090909
Proud,to notice,0.007305090909090909,-0.007305090909090909
Proud,100 kilo,0.007305090909090909,-0.007305090909090909
Proud,hati hati,0.007463545454545455,-0.007463545454545455
Proud,skin care,0.0075580000000000005,-0.0075580000000000005
Proud,saham naik,0.007816181818181818,-0.007816181818181818
Proud,serangan jantung,0.008066,-0.008066
Proud,jangan khawatir,0.008239636363636364,-0.008239636363636364
Proud,latihan beban,0.008433818181818183,-0.008433818181818183
Proud,your skin,0.009083454545454546,-0.009083454545454546
Proud,you need,0.009566545454545454,-0.009566545454545454
Proud,s so,0.010816727272727273,-0.010816727272727273
Proud,it s,0.011058909090909091,-0.011058909090909091
Proud,mual muntah,0.011542363636363635,-0.011542363636363635
Proud,hamil mengalami,0.011542363636363635,-0.011542363636363635
Proud,workout rumah,0.013005818181818181,-0.013005818181818181
Proud,kalian suka,0.013912636363636365,-0.013912636363636365
Proud,main game,0.013912636363636365,-0.013912636363636365
Proud,3 tahun,0.013912636363636365,-0.013912636363636365
Proud,alternatif aman,0.014062181818181817,-0.014062181818181817
Proud,selama 3,0.014177181818181818,-0.014177181818181818
Proud,kanan kiri,0.014469636363636363,-0.014469636363636363
Proud,ibu hamil,0.014492181818181819,-0.014492181818181819
Proud,rumah punya,0.014610363636363637,-0.014610363636363637
Proud,selama 2,0.015167272727272725,-0.015167272727272725
Proud,2 kali,0.015167272727272725,-0.015167272727272725
Proud,1 tahun,0.01559509090909091,-0.01559509090909091
Proud,kolom komentar,0.01559509090909091,-0.01559509090909091
Proud,langsung datang,0.01559509090909091,-0.01559509090909091
Proud,2 tahun,0.016720545454545457,-0.016720545454545457
Proud,7 tahun,0.016720545454545457,-0.016720545454545457
Proud,aplikasi lain,0.017519090909090908,-0.017519090909090908
Proud,circle to,0.017519090909090908,-0.017519090909090908
Proud,cover semua,0.017519090909090908,-0.017519090909090908
Proud,fitur ai,0.017519090909090908,-0.017519090909090908
Proud,ganti layar,0.017519090909090908,-0.017519090909090908
Proud,kalian banyak,0.017519090909090908,-0.017519090909090908
Proud,to search,0.017519090909090908,-0.017519090909090908
Proud,pre order,0.017519090909090908,-0.017519090909090908
Proud,pertama langsung,0.017519090909090908,-0.017519090909090908
Proud,info detail,0.017519090909090908,-0.017519090909090908
Proud,lihat sebelum,0.017519090909090908,-0.017519090909090908
Proud,screen protector,0.017519090909090908,-0.017519090909090908
Proud,one ui,0.017519090909090908,-0.017519090909090908
Proud,misalnya butuh,0.017519090909090908,-0.017519090909090908
Proud,memberikan hasil,0.026842545454545452,-0.026842545454545452
Proud,glory glory,0.032170454545454544,-0.032170454545454544
Proud,sekitar 3,0.032921,-0.032921
Proud,3 kilo,0.03449327272727273,-0.03449327272727273
Proud,john glory,0.03449327272727273,-0.03449327272727273
Proud,long run,0.03449327272727273,-0.03449327272727273
Proud,tahun pertama,0.035038181818181816,-0.035038181818181816
Proud,thank you,0.05214918181818182,-0.05214918181818182
Sad,paling penting,0.0,0.0625
Sad,sebelah sini,0.0,0.052957
Sad,lihat bukan,0.0,0.050814
Sad,tinggi gula,0.0,0.047341
Sad,ibu hamil,0.0053040909090909085,0.03741990909090909
Sad,minuman manis,0.0,0.036753
Sad,bukan hanya,0.0016335454545454544,0.03475545454545454
Sad,muka muka,0.0,0.034489
Sad,menang menang,0.0,0.034489
Sad,sini tunjukin,0.0,0.03433
Sad,hai kalian,0.0,0.03433
Sad,sini sini,0.0,0.032766
Sad,sekolah les,0.0,0.029796
Sad,minuman tepat,0.0,0.029796
Sad,les bermain,0.0,0.029796
Sad,mengonsumsi minuman,0.0,0.029796
Sad,asupan minuman,0.0,0.029796
Sad,mobil bekas,0.0,0.028545
Sad,bagi kesehatan,0.0,0.027385
Sad,kemarin habis,0.0,0.027253
Sad,emang eh,0.0,0.027228
Sad,kalian lihat,0.0025428181818181817,0.02709518181818182
Sad,luar rumah,0.0,0.024502
Sad,tanda tanda,0.0,0.02445
Sad,it s,0.004651272727272727,0.023382727272727274
Sad,blush on,0.0,0.023314
Sad,barrier rusak,0.0,0.023301
Sad,produk warda,0.0,0.022993
Sad,misalnya water,0.0,0.022239
Sad,tiba tiba,0.0009793636363636363,0.021606636363636363
Sad,km per,0.000496,-0.000496
Sad,cacar api,0.0005038181818181818,-0.0005038181818181818
Sad,3 jutaan,0.0005094545454545455,-0.0005094545454545455
Sad,bekas jerawat,0.0005110909090909091,-0.0005110909090909091
Sad,carbon fiber,0.000534,-0.000534
Sad,bukan cuma,0.0005894545454545455,-0.0005894545454545455
Sad,bulu mata,0.0005916363636363636,-0.0005916363636363636
Sad,sobat sehat,0.0006176363636363636,-0.0006176363636363636
Sad,1 2,0.0006180000000000001,-0.0006180000000000001
Sad,bikin kulit,0.0006583636363636363,-0.0006583636363636363
Sad,s go,0.0006614545454545455,-0.0006614545454545455
Sad,let s,0.0007148181818181818,-0.0007148181818181818
Sad,waktu menyerahkan,0.0007176363636363637,-0.0007176363636363637
Sad,membantu revaluasi,0.0007176363636363637,-0.0007176363636363637
Sad,barokah aktivitas,0.0007176363636363637,-0.0007176363636363637
Sad,aktivitas sebenarnya,0.0007176363636363637,-0.0007176363636363637
Sad,aktivitas besar,0.0007176363636363637,-0.0007176363636363637
Sad,dr nia,0.0007176363636363637,-0.0007176363636363637
Sad,aktivitas rasa,0.0007176363636363637,-0.0007176363636363637
Sad,mengawasi allah,0.0007176363636363637,-0.0007176363636363637
Sad,benar kejutan,0.0007176363636363637,-0.0007176363636363637
Sad,this is,0.0007210909090909091,-0.0007210909090909091
Sad,komen bawah,0.0007356363636363637,-0.0007356363636363637
Sad,misalnya kalian,0.0007435454545454546,-0.0007435454545454546
Sad,love you,0.000758090909090909,-0.000758090909090909
Sad,i love,0.0007613636363636364,-0.0007613636363636364
Sad,my god,0.0007695454545454546,-0.0007695454545454546
Sad,oh oh,0.0007793636363636364,-0.0007793636363636364
Sad,dk jakarta,0.0008128181818181818,-0.0008128181818181818
Sad,oh my,0.0008134545454545454,-0.0008134545454545454
Sad,berat badan,0.0008214545454545455,-0.0008214545454545455
Sad,pull up,0.0008410000000000001,-0.0008410000000000001
Sad,anak anak,0.001195090909090909,-0.001195090909090909
Sad,insya allah,0.001231909090909091,-0.001231909090909091
Sad,nama baik,0.001335909090909091,-0.001335909090909091
Sad,4 perunggu,0.001364,-0.001364
Sad,oke oke,0.0013692727272727274,-0.0013692727272727274
Sad,jakarta indonesia,0.0013831818181818181,-0.0013831818181818181
Sad,segala macam,0.0013881818181818181,-0.0013881818181818181
Sad,warga jakarta,0.0013938181818181818,-0.0013938181818181818
Sad,gias 2025,0.001402090909090909,-0.001402090909090909
Sad,warna warna,0.0014207272727272727,-0.0014207272727272727
Sad,vitamin c,0.0014236363636363637,-0.0014236363636363637
Sad,back to,0.0014265454545454546,-0.0014265454545454546
Sad,sampai jam,0.001449090909090909,-0.001449090909090909
Sad,datang jakarta,0.0014499090909090911,-0.0014499090909090911
Sad,kaca film,0.0014530909090909093,-0.0014530909090909093
Sad,lihat kasih,0.0014609999999999998,-0.0014609999999999998
Sad,kalah kalah,0.0014609999999999998,-0.0014609999999999998
Sad,kasih kerana,0.0014625454545454547,-0.0014625454545454547
Sad,kerana menonton,0.0014625454545454547,-0.0014625454545454547
Sad,cabang olahraga,0.001467090909090909,-0.001467090909090909
Sad,menyerang lawan,0.0014946363636363638,-0.0014946363636363638
Sad,2 3,0.001496090909090909,-0.001496090909090909
Sad,ivan gunawan,0.0015018181818181819,-0.0015018181818181819
Sad,dipon 21,0.001503,-0.001503
Sad,wuling mitra,0.0015034545454545455,-0.0015034545454545455
Sad,selamat datang,0.0015265454545454547,-0.0015265454545454547
Sad,agak sedikit,0.0015302727272727273,-0.0015302727272727273
Sad,off road,0.0015472727272727272,-0.0015472727272727272
Sad,oke john,0.0015734545454545454,-0.0015734545454545454
Sad,beliau adalah,0.0015843636363636364,-0.0015843636363636364
Sad,pertama kali,0.0015883636363636365,-0.0015883636363636365
Sad,jakarta menang,0.0015963636363636362,-0.0015963636363636362
Sad,mas mas,0.001622181818181818,-0.001622181818181818
Sad,betul betul,0.0016270909090909092,-0.0016270909090909092
Sad,belakang bagian,0.001638,-0.001638
Sad,rata rata,0.0016611818181818184,-0.0016611818181818184
Sad,ekonomi indonesia,0.0017564545454545456,-0.0017564545454545456
Sad,makanan sehat,0.0017907272727272728,-0.0017907272727272728
Sad,200 ribu,0.001820909090909091,-0.001820909090909091
Sad,tahan terhadap,0.001866090909090909,-0.001866090909090909
Sad,misalkan gini,0.001881181818181818,-0.001881181818181818
Sad,kena serangan,0.0019136363636363637,-0.0019136363636363637
Sad,nah gimana,0.0019147272727272728,-0.0019147272727272728
Sad,harga rp,0.0019303636363636363,-0.0019303636363636363
Sad,hari masalah,0.0019349999999999999,-0.0019349999999999999
Sad,masalah hari,0.0019349999999999999,-0.0019349999999999999
Sad,game changer,0.0019675454545454545,-0.0019675454545454545
Sad,atlet atlet,0.0019678181818181817,-0.0019678181818181817
Sad,satu sisi,0.0019712727272727273,-0.0019712727272727273
Sad,tim nasional,0.0019877272727272725,-0.0019877272727272725
Sad,dekai jakarta,0.002037090909090909,-0.002037090909090909
Sad,para pecinta,0.0020660909090909093,-0.0020660909090909093
Sad,enak kalian,0.0020660909090909093,-0.0020660909090909093
Sad,pemain pemain,0.0020660909090909093,-0.0020660909090909093
Sad,19 tahun,0.002182909090909091,-0.002182909090909091
Sad,nah menarik,0.0022144545454545455,-0.0022144545454545455
Sad,sepak bola,0.0022341818181818183,-0.0022341818181818183
Sad,eh ternyata,0.0022644545454545456,-0.0022644545454545456
Sad,kaya kaya,0.002278181818181818,-0.002278181818181818
Sad,real madrid,0.002286818181818182,-0.002286818181818182
Sad,keluar satu,0.002293909090909091,-0.002293909090909091
Sad,kulit gampang,0.0023725454545454544,-0.0023725454545454544
Sad,apalagi sering,0.0023725454545454544,-0.0023725454545454544
Sad,sel kulit,0.0023725454545454544,-0.0023725454545454544
Sad,satu paling,0.002379,-0.002379
Sad,speed 1,0.002396090909090909,-0.002396090909090909
Sad,jalan coba,0.0024322727272727274,-0.0024322727272727274
Sad,jalan gias,0.0024322727272727274,-0.0024322727272727274
Sad,cewek cewek,0.0024322727272727274,-0.0024322727272727274
Sad,satu satunya,0.0025733636363636362,-0.0025733636363636362
Sad,malam hari,0.0026337272727272724,-0.0026337272727272724
Sad,usah banyak,0.0027524545454545453,-0.0027524545454545453
Sad,indonesia perlu,0.002865909090909091,-0.002865909090909091
Sad,make up,0.0029914545454545454,-0.0029914545454545454
Sad,solar guard,0.003103272727272727,-0.003103272727272727
Sad,hari cari,0.003118363636363636,-0.003118363636363636
Sad,keluar biar,0.003118363636363636,-0.003118363636363636
Sad,bagus bagus,0.003246727272727273,-0.003246727272727273
Sad,semua otot,0.003251454545454546,-0.003251454545454546
Sad,full coverage,0.0032847272727272725,-0.0032847272727272725
Sad,paling rendah,0.0033056363636363635,-0.0033056363636363635
Sad,paling bawah,0.0034218181818181817,-0.0034218181818181817
Sad,pas tengah,0.0034416363636363637,-0.0034416363636363637
Sad,banyak pilihannya,0.0034416363636363637,-0.0034416363636363637
Sad,i m,0.0034616363636363638,-0.0034616363636363638
Sad,benar benar,0.003480090909090909,-0.003480090909090909
Sad,video video,0.0034860909090909083,-0.0034860909090909083
Sad,to notice,0.0036525454545454543,-0.0036525454545454543
Sad,memindahkan beban,0.0036525454545454543,-0.0036525454545454543
Sad,perlu banyak,0.0036525454545454543,-0.0036525454545454543
Sad,banyak space,0.0036525454545454543,-0.0036525454545454543
Sad,100 kilo,0.0036525454545454543,-0.0036525454545454543
Sad,diatur layar,0.0036525454545454543,-0.0036525454545454543
Sad,sampai sampai,0.0036897272727272725,-0.0036897272727272725
Sad,pemburu darah,0.0037663636363636367,-0.0037663636363636367
Sad,besar banyak,0.0037663636363636367,-0.0037663636363636367
Sad,skin care,0.0037790000000000002,-0.0037790000000000002
Sad,saham saham,0.003900272727272727,-0.003900272727272727
Sad,jangan lupa,0.004044272727272727,-0.004044272727272727
Sad,jangan khawatir,0.004119818181818182,-0.004119818181818182
Sad,olah raga,0.004154636363636364,-0.004154636363636364
Sad,adalah hasil,0.004184454545454546,-0.004184454545454546
Sad,temen temen,0.004269363636363637,-0.004269363636363637
Sad,lalu turun,0.004331636363636364,-0.004331636363636364
Sad,memang akhirnya,0.004384272727272727,-0.004384272727272727
Sad,your skin,0.004541727272727273,-0.004541727272727273
Sad,dki jakarta,0.004584545454545454,-0.004584545454545454
Sad,kira kira,0.004706636363636363,-0.004706636363636363
Sad,you need,0.004783272727272727,-0.004783272727272727
Sad,pendaraan otak,0.0049475454545454545,-0.0049475454545454545
Sad,latihan beban,0.005182363636363637,-0.005182363636363637
Sad,semua hidup,0.005361454545454545,-0.005361454545454545
Sad,s so,0.0054083636363636365,-0.0054083636363636365
Sad,jalan jalan,0.005409363636363637,-0.005409363636363637
Sad,saham turun,0.005438090909090909,-0.005438090909090909
Sad,naik turun,0.005463727272727273,-0.005463727272727273
Sad,mual muntah,0.005771181818181819,-0.005771181818181819
Sad,hamil mengalami,0.005771181818181819,-0.005771181818181819
Sad,workout rumah,0.006502909090909092,-0.006502909090909092
Sad,salah satu,0.006814181818181817,-0.006814181818181817
Sad,alternatif aman,0.007031090909090909,-0.007031090909090909
Sad,luar biasa,0.0070616363636363646,-0.0070616363636363646
Sad,rumah punya,0.007305181818181817,-0.007305181818181817
Sad,hati hati,0.007463545454545455,-0.007463545454545455
Sad,kejutan kejutan,0.007653454545454546,-0.007653454545454546
Sad,memiliki mindset,0.007750272727272728,-0.007750272727272728
Sad,mindset benar,0.007750272727272728,-0.007750272727272728
Sad,saham naik,0.007816181818181818,-0.007816181818181818
Sad,serangan jantung,0.008066,-0.008066
Sad,bener bener,0.010604,-0.010604
Sad,teman teman,0.012106636363636365,-0.012106636363636365
Sad,memberikan hasil,0.013421272727272726,-0.013421272727272726
Sad,3 tahun,0.013912636363636365,-0.013912636363636365
Sad,kalian suka,0.013912636363636365,-0.013912636363636365
Sad,main game,0.013912636363636365,-0.013912636363636365
Sad,selama 3,0.014177181818181818,-0.014177181818181818
Sad,kanan kiri,0.014469636363636363,-0.014469636363636363
Sad,selama 2,0.015167272727272725,-0.015167272727272725
Sad,2 kali,0.015167272727272725,-0.015167272727272725
Sad,1 tahun,0.01559509090909091,-0.01559509090909091
Sad,langsung datang,0.01559509090909091,-0.01559509090909091
Sad,kolom komentar,0.01559509090909091,-0.01559509090909091
Sad,terima kasih,0.016469636363636363,-0.016469636363636363
Sad,7 tahun,0.016720545454545457,-0.016720545454545457
Sad,2 tahun,0.016720545454545457,-0.016720545454545457
Sad,circle to,0.017519090909090908,-0.017519090909090908
Sad,aplikasi lain,0.017519090909090908,-0.017519090909090908
Sad,fitur ai,0.017519090909090908,-0.017519090909090908
Sad,ganti layar,0.017519090909090908,-0.017519090909090908
Sad,kalian banyak,0.017519090909090908,-0.017519090909090908
Sad,to search,0.017519090909090908,-0.017519090909090908
Sad,screen protector,0.017519090909090908,-0.017519090909090908
Sad,pertama langsung,0.017519090909090908,-0.017519090909090908
Sad,info detail,0.017519090909090908,-0.017519090909090908
Sad,cover semua,0.017519090909090908,-0.017519090909090908
Sad,one ui,0.017519090909090908,-0.017519090909090908
Sad,lihat sebelum,0.017519090909090908,-0.017519090909090908
Sad,misalnya butuh,0.017519090909090908,-0.017519090909090908
Sad,pre order,0.017519090909090908,-0.017519090909090908
Sad,glory glory,0.032170454545454544,-0.032170454545454544
Sad,sekitar 3,0.032921,-0.032921
Sad,3 kilo,0.03449327272727273,-0.03449327272727273
Sad,john glory,0.03449327272727273,-0.03449327272727273
Sad,long run,0.03449327272727273,-0.03449327272727273
Sad,tahun pertama,0.035038181818181816,-0.035038181818181816
Sad,thank you,0.05214918181818182,-0.05214918181818182
Surprise,terima kasih,0.011046545454545455,0.015047454545454544
Surprise,make up,0.0008262727272727272,0.013901727272727272
Surprise,kira kira,0.003408818181818182,0.010867181818181817
Surprise,oh my,0.0,0.008948
Surprise,oh oh,0.0,0.008573
Surprise,my god,0.0,0.008465
Surprise,temen temen,0.002204727272727273,0.008164272727272727
Surprise,this is,0.0,0.007932
Surprise,let s,0.0,0.007863
Surprise,salah satu,0.0048337272727272725,0.0077922727272727275
Surprise,s go,0.0,0.007276
Surprise,bikin kulit,0.0,0.007242
Surprise,1 2,0.0,0.006798
Surprise,sobat sehat,0.0,0.006794
Surprise,tiba tiba,0.004106545454545454,0.006666454545454546
Surprise,bulu mata,0.0,0.006508
Surprise,bukan cuma,0.0,0.006484
Surprise,jangan lupa,0.0021716363636363634,0.006355363636363636
Surprise,carbon fiber,0.0,0.005874
Surprise,2 3,0.0008955454545454545,0.0057104545454545455
Surprise,bekas jerawat,0.0,0.005622
Surprise,3 jutaan,0.0,0.005604
Surprise,cacar api,0.0,0.005542
Surprise,km per,0.0,0.005456
Surprise,bener bener,0.007922363636363637,0.005448636363636362
Surprise,benar benar,0.0019755454545454547,0.005308454545454545
Surprise,luar biasa,0.005137363636363637,0.004452636363636363
Surprise,dki jakarta,0.003019545454545455,0.003867454545454545
Surprise,teman teman,0.008981181818181819,0.0014888181818181814
Surprise,it s,0.00895618181818182,-0.0002421818181818202
Surprise,warna warna,0.0007103636363636364,-0.0007103636363636364
Surprise,vitamin c,0.0007118181818181818,-0.0007118181818181818
Surprise,aktivitas sebenarnya,0.0007176363636363637,-0.0007176363636363637
Surprise,aktivitas besar,0.0007176363636363637,-0.0007176363636363637
Surprise,aktivitas rasa,0.0007176363636363637,-0.0007176363636363637
Surprise,benar kejutan,0.0007176363636363637,-0.0007176363636363637
Surprise,membantu revaluasi,0.0007176363636363637,-0.0007176363636363637
Surprise,mengawasi allah,0.0007176363636363637,-0.0007176363636363637
Surprise,dr nia,0.0007176363636363637,-0.0007176363636363637
Surprise,waktu menyerahkan,0.0007176363636363637,-0.0007176363636363637
Surprise,barokah aktivitas,0.0007176363636363637,-0.0007176363636363637
Surprise,sampai jam,0.0007245454545454545,-0.0007245454545454545
Surprise,kaca film,0.0007265454545454547,-0.0007265454545454547
Surprise,cabang olahraga,0.0007335454545454545,-0.0007335454545454545
Surprise,komen bawah,0.0007356363636363637,-0.0007356363636363637
Surprise,misalnya kalian,0.0007435454545454546,-0.0007435454545454546
Surprise,wuling mitra,0.0007517272727272727,-0.0007517272727272727
Surprise,love you,0.000758090909090909,-0.000758090909090909
Surprise,i love,0.0007613636363636364,-0.0007613636363636364
Surprise,selamat datang,0.0007632727272727273,-0.0007632727272727273
Surprise,oke john,0.0007867272727272729,-0.0007867272727272729
Surprise,pertama kali,0.0007941818181818182,-0.0007941818181818182
Surprise,dk jakarta,0.0008128181818181818,-0.0008128181818181818
Surprise,belakang bagian,0.000819,-0.000819
Surprise,berat badan,0.0008214545454545455,-0.0008214545454545455
Surprise,pull up,0.0008410000000000001,-0.0008410000000000001
Surprise,200 ribu,0.0009104545454545455,-0.0009104545454545455
Surprise,atlet atlet,0.0009839090909090908,-0.0009839090909090908
Surprise,dekai jakarta,0.0010185454545454545,-0.0010185454545454545
Surprise,sepak bola,0.0011170909090909092,-0.0011170909090909092
Surprise,anak anak,0.001195090909090909,-0.001195090909090909
Surprise,insya allah,0.001231909090909091,-0.001231909090909091
Surprise,nama baik,0.001335909090909091,-0.001335909090909091
Surprise,4 perunggu,0.001364,-0.001364
Surprise,oke oke,0.0013692727272727274,-0.0013692727272727274
Surprise,jakarta indonesia,0.0013831818181818181,-0.0013831818181818181
Surprise,segala macam,0.0013881818181818181,-0.0013881818181818181
Surprise,warga jakarta,0.0013938181818181818,-0.0013938181818181818
Surprise,gias 2025,0.001402090909090909,-0.001402090909090909
Surprise,back to,0.0014265454545454546,-0.0014265454545454546
Surprise,datang jakarta,0.0014499090909090911,-0.0014499090909090911
Surprise,kalah kalah,0.0014609999999999998,-0.0014609999999999998
Surprise,lihat kasih,0.0014609999999999998,-0.0014609999999999998
Surprise,kasih kerana,0.0014625454545454547,-0.0014625454545454547
Surprise,kerana menonton,0.0014625454545454547,-0.0014625454545454547
Surprise,menyerang lawan,0.0014946363636363638,-0.0014946363636363638
Surprise,ivan gunawan,0.0015018181818181819,-0.0015018181818181819
Surprise,dipon 21,0.001503,-0.001503
Surprise,agak sedikit,0.0015302727272727273,-0.0015302727272727273
Surprise,off road,0.0015472727272727272,-0.0015472727272727272
Surprise,beliau adalah,0.0015843636363636364,-0.0015843636363636364
Surprise,jakarta menang,0.0015963636363636362,-0.0015963636363636362
Surprise,mas mas,0.001622181818181818,-0.001622181818181818
Surprise,betul betul,0.0016270909090909092,-0.0016270909090909092
Surprise,rata rata,0.0016611818181818184,-0.0016611818181818184
Surprise,ekonomi indonesia,0.0017564545454545456,-0.0017564545454545456
Surprise,makanan sehat,0.0017907272727272728,-0.0017907272727272728
Surprise,tahan terhadap,0.001866090909090909,-0.001866090909090909
Surprise,misalkan gini,0.001881181818181818,-0.001881181818181818
Surprise,kena serangan,0.0019136363636363637,-0.0019136363636363637
Surprise,nah gimana,0.0019147272727272728,-0.0019147272727272728
Surprise,harga rp,0.0019303636363636363,-0.0019303636363636363
Surprise,hari masalah,0.0019349999999999999,-0.0019349999999999999
Surprise,masalah hari,0.0019349999999999999,-0.0019349999999999999
Surprise,game changer,0.0019675454545454545,-0.0019675454545454545
Surprise,satu sisi,0.0019712727272727273,-0.0019712727272727273
Surprise,tim nasional,0.0019877272727272725,-0.0019877272727272725
Surprise,solar guard,0.0020617272727272724,-0.0020617272727272724
Surprise,enak kalian,0.0020660909090909093,-0.0020660909090909093
Surprise,para pecinta,0.0020660909090909093,-0.0020660909090909093
Surprise,pemain pemain,0.0020660909090909093,-0.0020660909090909093
Surprise,19 tahun,0.002182909090909091,-0.002182909090909091
Surprise,nah menarik,0.0022144545454545455,-0.0022144545454545455
Surprise,eh ternyata,0.0022644545454545456,-0.0022644545454545456
Surprise,kaya kaya,0.002278181818181818,-0.002278181818181818
Surprise,real madrid,0.002286818181818182,-0.002286818181818182
Surprise,keluar satu,0.002293909090909091,-0.002293909090909091
Surprise,sel kulit,0.0023725454545454544,-0.0023725454545454544
Surprise,kulit gampang,0.0023725454545454544,-0.0023725454545454544
Surprise,apalagi sering,0.0023725454545454544,-0.0023725454545454544
Surprise,satu paling,0.002379,-0.002379
Surprise,speed 1,0.002396090909090909,-0.002396090909090909
Surprise,cewek cewek,0.0024322727272727274,-0.0024322727272727274
Surprise,jalan gias,0.0024322727272727274,-0.0024322727272727274
Surprise,jalan coba,0.0024322727272727274,-0.0024322727272727274
Surprise,satu satunya,0.0025733636363636362,-0.0025733636363636362
Surprise,malam hari,0.0026337272727272724,-0.0026337272727272724
Surprise,usah banyak,0.0027524545454545453,-0.0027524545454545453
Surprise,indonesia perlu,0.002865909090909091,-0.002865909090909091
Surprise,hari cari,0.003118363636363636,-0.003118363636363636
Surprise,keluar biar,0.003118363636363636,-0.003118363636363636
Surprise,bagus bagus,0.003246727272727273,-0.003246727272727273
Surprise,semua otot,0.0032514545454545452,-0.0032514545454545452
Surprise,full coverage,0.0032847272727272725,-0.0032847272727272725
Surprise,paling rendah,0.0033056363636363635,-0.0033056363636363635
Surprise,paling bawah,0.0034218181818181817,-0.0034218181818181817
Surprise,banyak pilihannya,0.0034416363636363637,-0.0034416363636363637
Surprise,pas tengah,0.0034416363636363637,-0.0034416363636363637
Surprise,i m,0.0034616363636363638,-0.0034616363636363638
Surprise,video video,0.003486090909090909,-0.003486090909090909
Surprise,memindahkan beban,0.0036525454545454543,-0.0036525454545454543
Surprise,perlu banyak,0.0036525454545454543,-0.0036525454545454543
Surprise,diatur layar,0.0036525454545454543,-0.0036525454545454543
Surprise,to notice,0.0036525454545454543,-0.0036525454545454543
Surprise,banyak space,0.0036525454545454543,-0.0036525454545454543
Surprise,100 kilo,0.0036525454545454543,-0.0036525454545454543
Surprise,sampai sampai,0.0036897272727272725,-0.0036897272727272725
Surprise,besar banyak,0.0037663636363636367,-0.0037663636363636367
Surprise,pemburu darah,0.0037663636363636367,-0.0037663636363636367
Surprise,skin care,0.0037790000000000002,-0.0037790000000000002
Surprise,saham saham,0.003900272727272727,-0.003900272727272727
Surprise,misalnya water,0.004043454545454545,-0.004043454545454545
Surprise,jangan khawatir,0.004119818181818182,-0.004119818181818182
Surprise,olah raga,0.004154636363636364,-0.004154636363636364
Surprise,produk warda,0.004180545454545454,-0.004180545454545454
Surprise,adalah hasil,0.004184454545454546,-0.004184454545454546
Surprise,barrier rusak,0.004236545454545455,-0.004236545454545455
Surprise,blush on,0.004238909090909091,-0.004238909090909091
Surprise,lalu turun,0.004331636363636364,-0.004331636363636364
Surprise,memang akhirnya,0.004384272727272727,-0.004384272727272727
Surprise,tanda tanda,0.004445454545454545,-0.004445454545454545
Surprise,luar rumah,0.004454909090909091,-0.004454909090909091
Surprise,your skin,0.004541727272727273,-0.004541727272727273
Surprise,jalan jalan,0.004673,-0.004673
Surprise,you need,0.004783272727272727,-0.004783272727272727
Surprise,pendaraan otak,0.0049475454545454545,-0.0049475454545454545
Surprise,emang eh,0.004950545454545454,-0.004950545454545454
Surprise,kemarin habis,0.004955090909090909,-0.004955090909090909
Surprise,bagi kesehatan,0.004979090909090909,-0.004979090909090909
Surprise,latihan beban,0.005182363636363637,-0.005182363636363637
Surprise,mobil bekas,0.00519,-0.00519
Surprise,semua hidup,0.005361454545454545,-0.005361454545454545
Surprise,s so,0.005408363636363637,-0.005408363636363637
Surprise,asupan minuman,0.005417454545454546,-0.005417454545454546
Surprise,sekolah les,0.005417454545454546,-0.005417454545454546
Surprise,minuman tepat,0.005417454545454546,-0.005417454545454546
Surprise,mengonsumsi minuman,0.005417454545454546,-0.005417454545454546
Surprise,les bermain,0.005417454545454546,-0.005417454545454546
Surprise,saham turun,0.005438090909090909,-0.005438090909090909
Surprise,naik turun,0.005463727272727273,-0.005463727272727273
Surprise,hamil mengalami,0.005771181818181818,-0.005771181818181818
Surprise,mual muntah,0.005771181818181818,-0.005771181818181818
Surprise,sini sini,0.005957454545454546,-0.005957454545454546
Surprise,sini tunjukin,0.006241818181818182,-0.006241818181818182
Surprise,hai kalian,0.006241818181818182,-0.006241818181818182
Surprise,menang menang,0.0062707272727272724,-0.0062707272727272724
Surprise,muka muka,0.0062707272727272724,-0.0062707272727272724
Surprise,workout rumah,0.0065029090909090904,-0.0065029090909090904
Surprise,minuman manis,0.0066823636363636365,-0.0066823636363636365
Surprise,kejutan kejutan,0.006712181818181818,-0.006712181818181818
Surprise,memiliki mindset,0.006797090909090909,-0.006797090909090909
Surprise,mindset benar,0.006797090909090909,-0.006797090909090909
Surprise,alternatif aman,0.007031090909090909,-0.007031090909090909
Surprise,kalian lihat,0.007044363636363637,-0.007044363636363637
Surprise,rumah punya,0.007305181818181818,-0.007305181818181818
Surprise,hati hati,0.007463545454545455,-0.007463545454545455
Surprise,saham naik,0.007816181818181818,-0.007816181818181818
Surprise,serangan jantung,0.008066,-0.008066
Surprise,bukan hanya,0.008249727272727271,-0.008249727272727271
Surprise,tinggi gula,0.008607454545454545,-0.008607454545454545
Surprise,lihat bukan,0.009238909090909091,-0.009238909090909091
Surprise,sebelah sini,0.009628545454545454,-0.009628545454545454
Surprise,paling penting,0.011363636363636364,-0.011363636363636364
Surprise,ibu hamil,0.01307209090909091,-0.01307209090909091
Surprise,memberikan hasil,0.013421272727272726,-0.013421272727272726
Surprise,3 tahun,0.013912636363636365,-0.013912636363636365
Surprise,main game,0.013912636363636365,-0.013912636363636365
Surprise,kalian suka,0.013912636363636365,-0.013912636363636365
Surprise,selama 3,0.014177181818181818,-0.014177181818181818
Surprise,kanan kiri,0.014469636363636363,-0.014469636363636363
Surprise,selama 2,0.015167272727272725,-0.015167272727272725
Surprise,2 kali,0.015167272727272725,-0.015167272727272725
Surprise,langsung datang,0.01559509090909091,-0.01559509090909091
Surprise,kolom komentar,0.01559509090909091,-0.01559509090909091
Surprise,1 tahun,0.01559509090909091,-0.01559509090909091
Surprise,7 tahun,0.016720545454545457,-0.016720545454545457
Surprise,2 tahun,0.016720545454545457,-0.016720545454545457
Surprise,circle to,0.017519090909090908,-0.017519090909090908
Surprise,aplikasi lain,0.017519090909090908,-0.017519090909090908
Surprise,fitur ai,0.017519090909090908,-0.017519090909090908
Surprise,ganti layar,0.017519090909090908,-0.017519090909090908
Surprise,kalian banyak,0.017519090909090908,-0.017519090909090908
Surprise,to search,0.017519090909090908,-0.017519090909090908
Surprise,screen protector,0.017519090909090908,-0.017519090909090908
Surprise,pertama langsung,0.017519090909090908,-0.017519090909090908
Surprise,info detail,0.017519090909090908,-0.017519090909090908
Surprise,cover semua,0.017519090909090908,-0.017519090909090908
Surprise,one ui,0.017519090909090908,-0.017519090909090908
Surprise,lihat sebelum,0.017519090909090908,-0.017519090909090908
Surprise,misalnya butuh,0.017519090909090908,-0.017519090909090908
Surprise,pre order,0.017519090909090908,-0.017519090909090908
Surprise,glory glory,0.032170454545454544,-0.032170454545454544
Surprise,sekitar 3,0.032921,-0.032921
Surprise,3 kilo,0.03449327272727273,-0.03449327272727273
Surprise,john glory,0.03449327272727273,-0.03449327272727273
Surprise,long run,0.03449327272727273,-0.03449327272727273
Surprise,tahun pertama,0.035038181818181816,-0.035038181818181816
Surprise,thank you,0.05214918181818182,-0.05214918181818182
Trust,terima kasih,0.012535363636363634,0.023275636363636366
Trust,insya allah,0.0,0.013551
Trust,anak anak,0.0,0.013146
Trust,memiliki mindset,0.005361727272727273,0.010427272727272728
Trust,mindset benar,0.005361727272727273,0.010427272727272728
Trust,benar benar,0.002166727272727273,0.010298272727272727
Trust,kejutan kejutan,0.005294727272727272,0.010297272727272728
Trust,solar guard,0.0010415454545454545,0.010180454545454545
Trust,pull up,0.0,0.009251
Trust,jangan lupa,0.0026478181818181817,0.009168181818181818
Trust,teman teman,0.009216000000000002,0.009140999999999996
Trust,berat badan,0.0,0.009036
Trust,dk jakarta,0.0,0.008941
Trust,temen temen,0.003007272727272728,0.008902727272727272
Trust,2 3,0.001201090909090909,0.008649909090909092
Trust,i love,0.0,0.008375
Trust,love you,0.0,0.008339
Trust,misalnya kalian,0.0,0.008179
Trust,komen bawah,0.0,0.008092
Trust,benar kejutan,0.0,0.007894
Trust,barokah aktivitas,0.0,0.007894
Trust,dr nia,0.0,0.007894
Trust,aktivitas rasa,0.0,0.007894
Trust,membantu revaluasi,0.0,0.007894
Trust,mengawasi allah,0.0,0.007894
Trust,waktu menyerahkan,0.0,0.007894
Trust,aktivitas sebenarnya,0.0,0.007894
Trust,aktivitas besar,0.0,0.007894
Trust,salah satu,0.005919272727272728,0.007391727272727272
Trust,kalian lihat,0.003581545454545455,0.004871454545454545
Trust,warna warna,0.0007103636363636364,-0.0007103636363636364
Trust,vitamin c,0.0007118181818181818,-0.0007118181818181818
Trust,sampai jam,0.0007245454545454545,-0.0007245454545454545
Trust,kaca film,0.0007265454545454547,-0.0007265454545454547
Trust,cabang olahraga,0.0007335454545454545,-0.0007335454545454545
Trust,wuling mitra,0.0007517272727272727,-0.0007517272727272727
Trust,selamat datang,0.0007632727272727273,-0.0007632727272727273
Trust,oke john,0.0007867272727272727,-0.0007867272727272727
Trust,pertama kali,0.0007941818181818182,-0.0007941818181818182
Trust,belakang bagian,0.000819,-0.000819
Trust,200 ribu,0.0009104545454545455,-0.0009104545454545455
Trust,atlet atlet,0.0009839090909090908,-0.0009839090909090908
Trust,km per,0.000992,-0.000992
Trust,cacar api,0.0010076363636363635,-0.0010076363636363635
Trust,dekai jakarta,0.0010185454545454545,-0.0010185454545454545
Trust,3 jutaan,0.001018909090909091,-0.001018909090909091
Trust,bekas jerawat,0.0010221818181818181,-0.0010221818181818181
Trust,carbon fiber,0.001068,-0.001068
Trust,sepak bola,0.0011170909090909092,-0.0011170909090909092
Trust,bukan cuma,0.001178909090909091,-0.001178909090909091
Trust,bulu mata,0.0011832727272727273,-0.0011832727272727273
Trust,sobat sehat,0.0012352727272727272,-0.0012352727272727272
Trust,1 2,0.0012360000000000001,-0.0012360000000000001
Trust,bikin kulit,0.0013167272727272728,-0.0013167272727272728
Trust,s go,0.001322909090909091,-0.001322909090909091
Trust,nama baik,0.001335909090909091,-0.001335909090909091
Trust,4 perunggu,0.001364,-0.001364
Trust,oke oke,0.0013692727272727274,-0.0013692727272727274
Trust,jakarta indonesia,0.0013831818181818181,-0.0013831818181818181
Trust,segala macam,0.0013881818181818181,-0.0013881818181818181
Trust,warga jakarta,0.0013938181818181818,-0.0013938181818181818
Trust,gias 2025,0.001402090909090909,-0.001402090909090909
Trust,back to,0.0014265454545454546,-0.0014265454545454546
Trust,let s,0.0014296363636363636,-0.0014296363636363636
Trust,this is,0.0014421818181818181,-0.0014421818181818181
Trust,datang jakarta,0.0014499090909090911,-0.0014499090909090911
Trust,lihat kasih,0.0014609999999999998,-0.0014609999999999998
Trust,kalah kalah,0.0014609999999999998,-0.0014609999999999998
Trust,kasih kerana,0.0014625454545454547,-0.0014625454545454547
Trust,kerana menonton,0.0014625454545454547,-0.0014625454545454547
Trust,menyerang lawan,0.0014946363636363638,-0.0014946363636363638
Trust,ivan gunawan,0.0015018181818181819,-0.0015018181818181819
Trust,dipon 21,0.001503,-0.001503
Trust,agak sedikit,0.0015302727272727273,-0.0015302727272727273
Trust,my god,0.0015390909090909092,-0.0015390909090909092
Trust,off road,0.0015472727272727272,-0.0015472727272727272
Trust,oh oh,0.0015587272727272728,-0.0015587272727272728
Trust,beliau adalah,0.0015843636363636364,-0.0015843636363636364
Trust,jakarta menang,0.0015963636363636362,-0.0015963636363636362
Trust,mas mas,0.001622181818181818,-0.001622181818181818
Trust,oh my,0.0016269090909090908,-0.0016269090909090908
Trust,betul betul,0.0016270909090909092,-0.0016270909090909092
Trust,rata rata,0.0016611818181818184,-0.0016611818181818184
Trust,ekonomi indonesia,0.0017564545454545456,-0.0017564545454545456
Trust,makanan sehat,0.0017907272727272728,-0.0017907272727272728
Trust,tahan terhadap,0.001866090909090909,-0.001866090909090909
Trust,misalkan gini,0.001881181818181818,-0.001881181818181818
Trust,kena serangan,0.0019136363636363637,-0.0019136363636363637
Trust,nah gimana,0.0019147272727272728,-0.0019147272727272728
Trust,harga rp,0.0019303636363636363,-0.0019303636363636363
Trust,masalah hari,0.0019349999999999999,-0.0019349999999999999
Trust,hari masalah,0.0019349999999999999,-0.0019349999999999999
Trust,game changer,0.0019675454545454545,-0.0019675454545454545
Trust,satu sisi,0.0019712727272727273,-0.0019712727272727273
Trust,tim nasional,0.0019877272727272725,-0.0019877272727272725
Trust,misalnya water,0.0020217272727272727,-0.0020217272727272727
Trust,para pecinta,0.0020660909090909093,-0.0020660909090909093
Trust,pemain pemain,0.0020660909090909093,-0.0020660909090909093
Trust,enak kalian,0.0020660909090909093,-0.0020660909090909093
Trust,produk warda,0.002090272727272727,-0.002090272727272727
Trust,barrier rusak,0.0021182727272727273,-0.0021182727272727273
Trust,blush on,0.0021194545454545455,-0.0021194545454545455
Trust,19 tahun,0.002182909090909091,-0.002182909090909091
Trust,nah menarik,0.0022144545454545455,-0.0022144545454545455
Trust,tanda tanda,0.0022227272727272725,-0.0022227272727272725
Trust,luar rumah,0.002227454545454545,-0.002227454545454545
Trust,eh ternyata,0.0022644545454545456,-0.0022644545454545456
Trust,kaya kaya,0.002278181818181818,-0.002278181818181818
Trust,real madrid,0.002286818181818182,-0.002286818181818182
Trust,keluar satu,0.002293909090909091,-0.002293909090909091
Trust,kulit gampang,0.0023725454545454544,-0.0023725454545454544
Trust,sel kulit,0.0023725454545454544,-0.0023725454545454544
Trust,apalagi sering,0.0023725454545454544,-0.0023725454545454544
Trust,satu paling,0.002379,-0.002379
Trust,speed 1,0.002396090909090909,-0.002396090909090909
Trust,jalan coba,0.0024322727272727274,-0.0024322727272727274
Trust,cewek cewek,0.0024322727272727274,-0.0024322727272727274
Trust,jalan gias,0.0024322727272727274,-0.0024322727272727274
Trust,emang eh,0.002475272727272727,-0.002475272727272727
Trust,kemarin habis,0.0024775454545454545,-0.0024775454545454545
Trust,bagi kesehatan,0.002489545454545455,-0.002489545454545455
Trust,satu satunya,0.0025733636363636362,-0.0025733636363636362
Trust,mobil bekas,0.002595,-0.002595
Trust,malam hari,0.0026337272727272724,-0.0026337272727272724
Trust,asupan minuman,0.002708727272727273,-0.002708727272727273
Trust,minuman tepat,0.002708727272727273,-0.002708727272727273
Trust,mengonsumsi minuman,0.002708727272727273,-0.002708727272727273
Trust,les bermain,0.002708727272727273,-0.002708727272727273
Trust,sekolah les,0.002708727272727273,-0.002708727272727273
Trust,usah banyak,0.0027524545454545453,-0.0027524545454545453
Trust,indonesia perlu,0.002865909090909091,-0.002865909090909091
Trust,sini sini,0.002978727272727273,-0.002978727272727273
Trust,hari cari,0.003118363636363636,-0.003118363636363636
Trust,keluar biar,0.003118363636363636,-0.003118363636363636
Trust,hai kalian,0.003120909090909091,-0.003120909090909091
Trust,sini tunjukin,0.003120909090909091,-0.003120909090909091
Trust,muka muka,0.0031353636363636362,-0.0031353636363636362
Trust,menang menang,0.0031353636363636362,-0.0031353636363636362
Trust,bagus bagus,0.003246727272727273,-0.003246727272727273
Trust,semua otot,0.0032514545454545452,-0.0032514545454545452
Trust,full coverage,0.0032847272727272725,-0.0032847272727272725
Trust,paling rendah,0.0033056363636363635,-0.0033056363636363635
Trust,minuman manis,0.0033411818181818182,-0.0033411818181818182
Trust,paling bawah,0.0034218181818181817,-0.0034218181818181817
Trust,pas tengah,0.0034416363636363637,-0.0034416363636363637
Trust,banyak pilihannya,0.0034416363636363637,-0.0034416363636363637
Trust,i m,0.0034616363636363638,-0.0034616363636363638
Trust,video video,0.003486090909090909,-0.003486090909090909
Trust,make up,0.0035040909090909085,-0.0035040909090909085
Trust,perlu banyak,0.0036525454545454543,-0.0036525454545454543
Trust,memindahkan beban,0.0036525454545454543,-0.0036525454545454543
Trust,to notice,0.0036525454545454543,-0.0036525454545454543
Trust,banyak space,0.0036525454545454543,-0.0036525454545454543
Trust,diatur layar,0.0036525454545454543,-0.0036525454545454543
Trust,100 kilo,0.0036525454545454543,-0.0036525454545454543
Trust,sampai sampai,0.0036897272727272725,-0.0036897272727272725
Trust,besar banyak,0.0037663636363636367,-0.0037663636363636367
Trust,pemburu darah,0.0037663636363636367,-0.0037663636363636367
Trust,skin care,0.0037790000000000002,-0.0037790000000000002
Trust,saham saham,0.003900272727272727,-0.003900272727272727
Trust,tiba tiba,0.004012,-0.004012
Trust,jangan khawatir,0.004119818181818182,-0.004119818181818182
Trust,olah raga,0.004154636363636364,-0.004154636363636364
Trust,adalah hasil,0.004184454545454546,-0.004184454545454546
Trust,dki jakarta,0.0042717272727272725,-0.0042717272727272725
Trust,tinggi gula,0.0043037272727272724,-0.0043037272727272724
Trust,lalu turun,0.004331636363636364,-0.004331636363636364
Trust,memang akhirnya,0.004384272727272727,-0.004384272727272727
Trust,your skin,0.004541727272727273,-0.004541727272727273
Trust,lihat bukan,0.0046194545454545455,-0.0046194545454545455
Trust,jalan jalan,0.004673,-0.004673
Trust,you need,0.004783272727272727,-0.004783272727272727
Trust,sebelah sini,0.004814272727272727,-0.004814272727272727
Trust,bukan hanya,0.004941636363636364,-0.004941636363636364
Trust,pendaraan otak,0.0049475454545454545,-0.0049475454545454545
Trust,latihan beban,0.005182363636363637,-0.005182363636363637
Trust,semua hidup,0.005361454545454545,-0.005361454545454545
Trust,s so,0.005408363636363637,-0.005408363636363637
Trust,saham turun,0.005438090909090909,-0.005438090909090909
Trust,naik turun,0.005463727272727273,-0.005463727272727273
Trust,paling penting,0.005681818181818182,-0.005681818181818182
Trust,mual muntah,0.005771181818181818,-0.005771181818181818
Trust,hamil mengalami,0.005771181818181818,-0.005771181818181818
Trust,kira kira,0.0060044545454545455,-0.0060044545454545455
Trust,workout rumah,0.0065029090909090904,-0.0065029090909090904
Trust,luar biasa,0.006881000000000001,-0.006881000000000001
Trust,alternatif aman,0.007031090909090909,-0.007031090909090909
Trust,rumah punya,0.007305181818181818,-0.007305181818181818
Trust,hati hati,0.007463545454545455,-0.007463545454545455
Trust,saham naik,0.007816181818181818,-0.007816181818181818
Trust,it s,0.007992,-0.007992
Trust,serangan jantung,0.008066,-0.008066
Trust,ibu hamil,0.009188090909090908,-0.009188090909090908
Trust,bener bener,0.010353454545454546,-0.010353454545454546
Trust,memberikan hasil,0.013421272727272726,-0.013421272727272726
Trust,3 tahun,0.013912636363636365,-0.013912636363636365
Trust,main game,0.013912636363636365,-0.013912636363636365
Trust,kalian suka,0.013912636363636365,-0.013912636363636365
Trust,selama 3,0.014177181818181818,-0.014177181818181818
Trust,kanan kiri,0.014469636363636363,-0.014469636363636363
Trust,selama 2,0.015167272727272725,-0.015167272727272725
Trust,2 kali,0.015167272727272725,-0.015167272727272725
Trust,langsung datang,0.01559509090909091,-0.01559509090909091
Trust,kolom komentar,0.01559509090909091,-0.01559509090909091
Trust,1 tahun,0.01559509090909091,-0.01559509090909091
Trust,7 tahun,0.016720545454545457,-0.016720545454545457
Trust,2 tahun,0.016720545454545457,-0.016720545454545457
Trust,circle to,0.017519090909090908,-0.017519090909090908
Trust,aplikasi lain,0.017519090909090908,-0.017519090909090908
Trust,fitur ai,0.017519090909090908,-0.017519090909090908
Trust,ganti layar,0.017519090909090908,-0.017519090909090908
Trust,kalian banyak,0.017519090909090908,-0.017519090909090908
Trust,to search,0.017519090909090908,-0.017519090909090908
Trust,screen protector,0.017519090909090908,-0.017519090909090908
Trust,pertama langsung,0.017519090909090908,-0.017519090909090908
Trust,info detail,0.017519090909090908,-0.017519090909090908
Trust,cover semua,0.017519090909090908,-0.017519090909090908
Trust,one ui,0.017519090909090908,-0.017519090909090908
Trust,lihat sebelum,0.017519090909090908,-0.017519090909090908
Trust,misalnya butuh,0.017519090909090908,-0.017519090909090908
Trust,pre order,0.017519090909090908,-0.017519090909090908
Trust,glory glory,0.032170454545454544,-0.032170454545454544
Trust,sekitar 3,0.032921,-0.032921
Trust,3 kilo,0.03449327272727273,-0.03449327272727273
Trust,john glory,0.03449327272727273,-0.03449327272727273
Trust,long run,0.03449327272727273,-0.03449327272727273
Trust,tahun pertama,0.035038181818181816,-0.035038181818181816
Trust,thank you,0.05214918181818182,-0.05214918181818182
