emotion,phrase,other_mean,distinctiveness
Anger,masalah hari masalah,0.0,0.071429
Anger,salah satu paling,0.001001,0.066085
Anger,kena serangan jantung,0.0,0.045571
Anger,latihan beban menjadi,0.0,0.035714
Anger,memang luar biasa,0.0,0.035714
Anger,semua masyarakat indonesia,0.0,0.035714
Anger,sampai berapa kali,0.0,0.035714
Anger,nah menurut kalian,0.002525222222222222,0.03318877777777778
Anger,malam hari cari,0.007407444444444445,0.028306555555555557
Anger,kaya kaya kaya,0.0006879999999999999,0.028009
Anger,gini gini gini,0.0,0.027001
Anger,terlalu lebar gini,0.0,0.025836
Anger,harganya murah meriah,0.0,0.025254
Anger,segi harga punya,0.0,0.025254
Anger,sedikit tips kalian,0.0,0.024658
Anger,speed 1 2,0.0,0.024022
Anger,oke terima kasih,0.0009365555555555556,0.022439444444444446
Anger,sebagai salah satu,0.0,0.018269
Anger,1 2 3,0.0015493333333333333,0.01788966666666667
Anger,salah satu faktor,0.0,0.017436
Anger,tekanan darah tinggi,0.0,0.017436
Anger,tau salah satu,0.0,0.017067
Anger,terima kasih pak,0.0,0.016014
Anger,anak anak mungkin,0.0,0.015034
Anger,salah satu bentuk,0.0,0.015034
Anger,satu studi terbaru,0.0,0.013651
Anger,semua penyakit metabolik,0.0,0.013651
Anger,s go pertama,0.0,0.013073
Anger,semangat stay hard,0.0,0.013073
Anger,sampai kira kira,0.0,0.013073
Anger,punya bekas jerawat,0.0006227777777777778,-0.0006227777777777778
Anger,harga 3 jutaan,0.0006298888888888889,-0.0006298888888888889
Anger,salah satunya adalah,0.0006374444444444444,-0.0006374444444444444
Anger,buang air besar,0.0006846666666666666,-0.0006846666666666666
Anger,carbon fiber carbon,0.0006846666666666666,-0.0006846666666666666
Anger,s go langsung,0.0006924444444444444,-0.0006924444444444444
Anger,8gb storage 256gb,0.0006961111111111111,-0.0006961111111111111
Anger,suv leather frame,0.0007034444444444445,-0.0007034444444444445
Anger,sub indo by,0.0007063333333333333,-0.0007063333333333333
Anger,indo by broth3rmax,0.0007063333333333333,-0.0007063333333333333
Anger,nah kira kira,0.0007095555555555556,-0.0007095555555555556
Anger,adaptive cruise control,0.0007277777777777778,-0.0007277777777777778
Anger,bulu mata bawahnya,0.0007292222222222223,-0.0007292222222222223
Anger,paling tipis dunia,0.0007408888888888889,-0.0007408888888888889
Anger,oh om om,0.0007408888888888889,-0.0007408888888888889
Anger,1500 cc turbo,0.0007535555555555555,-0.0007535555555555555
Anger,adalah salah satu,0.0008515555555555555,-0.0008515555555555555
Anger,banyak sekolah sekolah,0.0008680000000000001,-0.0008680000000000001
Anger,nah makanya biar,0.0008680000000000001,-0.0008680000000000001
Anger,i don t,0.0008873333333333333,-0.0008873333333333333
Anger,adalah mindset apabila,0.0009194444444444444,-0.0009194444444444444
Anger,benar teruskan dr,0.0009194444444444444,-0.0009194444444444444
Anger,benar kejutan kejutan,0.0009194444444444444,-0.0009194444444444444
Anger,adalah membuat waktu,0.0009194444444444444,-0.0009194444444444444
Anger,android auto apple,0.0009251111111111111,-0.0009251111111111111
Anger,auto apple carplay,0.0009251111111111111,-0.0009251111111111111
Anger,mantap terima kasih,0.0009327777777777777,-0.0009327777777777777
Anger,selama 3 hari,0.0009441111111111111,-0.0009441111111111111
Anger,satu per satu,0.0009622222222222222,-0.0009622222222222222
Anger,km per liter,0.0009803333333333333,-0.0009803333333333333
Anger,share satu studi,0.000995,-0.000995
Anger,8 12 kali,0.0009952222222222222,-0.0009952222222222222
Anger,jangan lupa follow,0.001001,-0.001001
Anger,benar benar suka,0.001001,-0.001001
Anger,android 15 fitur,0.001001,-0.001001
Anger,32gb storage 1tb,0.001001,-0.001001
Anger,atlet atlet terbaik,0.001001,-0.001001
Anger,temen temen lihat,0.001001,-0.001001
Anger,worth it kalian,0.001001,-0.001001
Anger,menjaga skin barrier,0.001001,-0.001001
Anger,menang semua senang,0.001001,-0.001001
Anger,mengatasi masalah jerawat,0.001001,-0.001001
Anger,punya 2 warna,0.001001,-0.001001
Anger,mobil kilometer rendah,0.001001,-0.001001
Anger,pola hidup sehat,0.001001,-0.001001
Anger,bahu bagian belakang,0.0010167777777777777,-0.0010167777777777777
Anger,bulu mata lentik,0.001031777777777778,-0.001031777777777778
Anger,biar bulu mata,0.001031777777777778,-0.001031777777777778
Anger,skin prep kalian,0.0010407777777777778,-0.0010407777777777778
Anger,tiang pull up,0.0010682222222222221,-0.0010682222222222221
Anger,bikin kulit kering,0.001122,-0.001122
Anger,menurunkan berat badan,0.0011284444444444445,-0.0011284444444444445
Anger,kejutan kejutan kejutan,0.0011296666666666668,-0.0011296666666666668
Anger,kejutan kejutan aktivitas,0.0011296666666666668,-0.0011296666666666668
Anger,lakukan adalah membuat,0.0011296666666666668,-0.0011296666666666668
Anger,sejati aktivitas besar,0.0011296666666666668,-0.0011296666666666668
Anger,sebenarnya barokah aktivitas,0.0011296666666666668,-0.0011296666666666668
Anger,mengawasi allah terima,0.0011296666666666668,-0.0011296666666666668
Anger,rasa lakukan adalah,0.0011296666666666668,-0.0011296666666666668
Anger,nia bilang sejati,0.0011296666666666668,-0.0011296666666666668
Anger,menyerahkan adalah mindset,0.0011296666666666668,-0.0011296666666666668
Anger,mindset rasa berbagi,0.0011296666666666668,-0.0011296666666666668
Anger,faat stay hard,0.0011556666666666668,-0.0011556666666666668
Anger,jakarta tahun 2025,0.0011994444444444446,-0.0011994444444444446
Anger,provinsi kaya jakarta,0.0012133333333333332,-0.0012133333333333332
Anger,jalan jalan jalan,0.0012143333333333333,-0.0012143333333333333
Anger,tahan 2 3,0.0012164444444444445,-0.0012164444444444445
Anger,meraih medali emas,0.0012547777777777776,-0.0012547777777777776
Anger,badan masa otot,0.0012857777777777778,-0.0012857777777777778
Anger,by the way,0.0013215555555555556,-0.0013215555555555556
Anger,pertama kali nyobain,0.001325,-0.001325
Anger,gini 8 12,0.0013943333333333334,-0.0013943333333333334
Anger,paling penting adalah,0.0014340000000000002,-0.0014340000000000002
Anger,nama baik jakarta,0.0014607777777777779,-0.0014607777777777779
Anger,mother of pearl,0.0014666666666666667,-0.0014666666666666667
Anger,ikan koi ikan,0.0014703333333333333,-0.0014703333333333333
Anger,kehidupan sehari hari,0.0014703333333333333,-0.0014703333333333333
Anger,s super comfortable,0.0014765555555555556,-0.0014765555555555556
Anger,you so much,0.0014765555555555556,-0.0014765555555555556
Anger,to get this,0.0014765555555555556,-0.0014765555555555556
Anger,is my favorite,0.0014765555555555556,-0.0014765555555555556
Anger,it s super,0.0014765555555555556,-0.0014765555555555556
Anger,check that out,0.0014765555555555556,-0.0014765555555555556
Anger,sampai jam 6,0.0015046666666666667,-0.0015046666666666667
Anger,beberapa minggu lalu,0.001561,-0.001561
Anger,move your hustle,0.0015876666666666667,-0.0015876666666666667
Anger,ivan gunawan deluxe,0.001606111111111111,-0.001606111111111111
Anger,blush on lipstick,0.001624,-0.001624
Anger,gini makanya gemes,0.001624,-0.001624
Anger,bagus oh my,0.001624,-0.001624
Anger,multitasking color crayon,0.001624,-0.001624
Anger,my god suka,0.001624,-0.001624
Anger,blush on bibir,0.001624,-0.001624
Anger,wireless charging 50w,0.0017087777777777778,-0.0017087777777777778
Anger,i love you,0.0017226666666666666,-0.0017226666666666666
Anger,plug in hybrid,0.0017435555555555557,-0.0017435555555555557
Anger,jakarta x beauty,0.0017435555555555557,-0.0017435555555555557
Anger,perjalanan jauh menggunakan,0.0017856666666666665,-0.0017856666666666665
Anger,langsung coba langsung,0.0017856666666666665,-0.0017856666666666665
Anger,one of my,0.0017856666666666665,-0.0017856666666666665
Anger,mulai 299 juta,0.0017856666666666665,-0.0017856666666666665
Anger,g3 plus mobil,0.0017856666666666665,-0.0017856666666666665
Anger,teman teman baru,0.0017856666666666665,-0.0017856666666666665
Anger,set set set,0.0018267777777777779,-0.0018267777777777779
Anger,bener bener bikin,0.0018267777777777779,-0.0018267777777777779
Anger,jakarta menang sukses,0.0019357777777777778,-0.0019357777777777778
Anger,menang sukses jakarta,0.0019357777777777778,-0.0019357777777777778
Anger,let s go,0.0019683333333333337,-0.0019683333333333337
Anger,coba komen bawah,0.002037777777777778,-0.002037777777777778
Anger,rasa berbagi jika,0.002049111111111111,-0.002049111111111111
Anger,rasa membantu revaluasi,0.002049111111111111,-0.002049111111111111
Anger,revaluasi mindset rasa,0.002049111111111111,-0.002049111111111111
Anger,waktu menyerahkan adalah,0.002049111111111111,-0.002049111111111111
Anger,depan salah satu,0.002525222222222222,-0.002525222222222222
Anger,test drive mobil,0.002525222222222222,-0.002525222222222222
Anger,jangan sampai kelewatan,0.002525222222222222,-0.002525222222222222
Anger,something calm down,0.0026645555555555554,-0.0026645555555555554
Anger,misalnya water misalnya,0.0026645555555555554,-0.0026645555555555554
Anger,terima kasih kerana,0.0026829999999999996,-0.0026829999999999996
Anger,kasih kerana menonton,0.0026829999999999996,-0.0026829999999999996
Anger,jakarta datang jakarta,0.002735777777777778,-0.002735777777777778
Anger,sukses jakarta indonesia,0.0028682222222222217,-0.0028682222222222217
Anger,membawa nama baik,0.002918777777777778,-0.002918777777777778
Anger,datang jakarta menang,0.003023111111111111,-0.003023111111111111
Anger,3 2 1,0.003195666666666667,-0.003195666666666667
Anger,eyeshadow blush on,0.003248,-0.003248
Anger,menghasilkan atlet atlet,0.0032571111111111112,-0.0032571111111111112
Anger,2025 terima kasih,0.0035262222222222223,-0.0035262222222222223
Anger,kasih lihat kalian,0.003625777777777778,-0.003625777777777778
Anger,melihat teman teman,0.003868333333333333,-0.003868333333333333
Anger,mindset benar kejutan,0.003953666666666667,-0.003953666666666667
Anger,membantu revaluasi mindset,0.003953666666666667,-0.003953666666666667
Anger,membuat waktu menyerahkan,0.003953666666666667,-0.003953666666666667
Anger,mindset apabila memiliki,0.003953666666666667,-0.003953666666666667
Anger,teruskan dr nia,0.003953666666666667,-0.003953666666666667
Anger,mencari kecil sebenarnya,0.003953666666666667,-0.003953666666666667
Anger,mindset benar teruskan,0.003953666666666667,-0.003953666666666667
Anger,panggil timur inspeksi,0.0040093333333333335,-0.0040093333333333335
Anger,inspeksi menyeluruh plus,0.0040093333333333335,-0.0040093333333333335
Anger,gini kira kira,0.0040093333333333335,-0.0040093333333333335
Anger,tanda tanda penuaan,0.004188000000000001,-0.004188000000000001
Anger,sebelah sini lihat,0.004188000000000001,-0.004188000000000001
Anger,i really really,0.004324666666666667,-0.004324666666666667
Anger,really like this,0.004490999999999999,-0.004490999999999999
Anger,coverage berasa berat,0.004490999999999999,-0.004490999999999999
Anger,and i m,0.004490999999999999,-0.004490999999999999
Anger,selesai make upan,0.004490999999999999,-0.004490999999999999
Anger,that s it,0.004688777777777778,-0.004688777777777778
Anger,berasa berat so,0.004705444444444444,-0.004705444444444444
Anger,really really like,0.004705444444444444,-0.004705444444444444
Anger,finishnya velvet matte,0.004705444444444444,-0.004705444444444444
Anger,telling you this,0.004705444444444444,-0.004705444444444444
Anger,tanpa berasa berat,0.004705444444444444,-0.004705444444444444
Anger,m telling you,0.004705444444444444,-0.004705444444444444
Anger,hai guys kali,0.004910444444444444,-0.004910444444444444
Anger,setelah cek ternyata,0.004910444444444444,-0.004910444444444444
Anger,pagi sore hari,0.005237777777777778,-0.005237777777777778
Anger,share kolom komentar,0.005237777777777778,-0.005237777777777778
Anger,salah satu sisi,0.005237777777777778,-0.005237777777777778
Anger,satu sisi tubuh,0.005237777777777778,-0.005237777777777778
Anger,skin barrier rusak,0.005329111111111111,-0.005329111111111111
Anger,i m telling,0.006182,-0.006182
Anger,s so good,0.006684333333333333,-0.006684333333333333
Anger,it it s,0.006684333333333333,-0.006684333333333333
Anger,pokoknya bener bener,0.007003555555555556,-0.007003555555555556
Anger,pas pertama kali,0.007003555555555556,-0.007003555555555556
Anger,jalan jalan gias,0.007407444444444445,-0.007407444444444445
Anger,sel kulit mati,0.007407444444444445,-0.007407444444444445
Anger,pas tengah tengah,0.009411,-0.009411
Anger,oh my god,0.010152111111111112,-0.010152111111111112
Anger,memiliki mindset benar,0.010967444444444445,-0.010967444444444445
Anger,you need to,0.012785666666666667,-0.012785666666666667
Anger,klik follow save,0.013094555555555555,-0.013094555555555555
Anger,need to notice,0.013396333333333333,-0.013396333333333333
Anger,sekolah les bermain,0.013888888888888888,-0.013888888888888888
Anger,saham naik turun,0.01481477777777778,-0.01481477777777778
Anger,it s so,0.01522888888888889,-0.01522888888888889
Anger,follow save video,0.020038999999999998,-0.020038999999999998
Anger,selama 3 tahun,0.07671422222222223,-0.07671422222222223
Anger,circle to search,0.08037788888888889,-0.08037788888888889
Anger,john glory glory,0.1111111111111111,-0.1111111111111111
Fear,saham naik turun,0.0,0.133333
Fear,sel kulit mati,0.0,0.066667
Fear,jalan jalan gias,0.0,0.066667
Fear,malam hari cari,0.006493454545454546,0.06017354545454546
Fear,pagi sore hari,0.0,0.04714
Fear,satu sisi tubuh,0.0,0.04714
Fear,salah satu sisi,0.0,0.04714
Fear,share kolom komentar,0.0,0.04714
Fear,memiliki mindset benar,0.007124909090909091,0.013208090909090909
Fear,sejati aktivitas besar,0.0,0.010167
Fear,rasa lakukan adalah,0.0,0.010167
Fear,mengawasi allah terima,0.0,0.010167
Fear,nia bilang sejati,0.0,0.010167
Fear,mindset rasa berbagi,0.0,0.010167
Fear,menyerahkan adalah mindset,0.0,0.010167
Fear,lakukan adalah membuat,0.0,0.010167
Fear,sebenarnya barokah aktivitas,0.0,0.010167
Fear,kejutan kejutan kejutan,0.0,0.010167
Fear,kejutan kejutan aktivitas,0.0,0.010167
Fear,waktu menyerahkan adalah,0.0007522727272727272,0.009414727272727274
Fear,rasa membantu revaluasi,0.0007522727272727272,0.009414727272727274
Fear,rasa berbagi jika,0.0007522727272727272,0.009414727272727274
Fear,revaluasi mindset rasa,0.0007522727272727272,0.009414727272727274
Fear,mindset benar teruskan,0.0023105454545454544,0.007856454545454547
Fear,teruskan dr nia,0.0023105454545454544,0.007856454545454547
Fear,mindset apabila memiliki,0.0023105454545454544,0.007856454545454547
Fear,mencari kecil sebenarnya,0.0023105454545454544,0.007856454545454547
Fear,membantu revaluasi mindset,0.0023105454545454544,0.007856454545454547
Fear,membuat waktu menyerahkan,0.0023105454545454544,0.007856454545454547
Fear,mindset benar kejutan,0.0023105454545454544,0.007856454545454547
Fear,punya bekas jerawat,0.0005095454545454545,-0.0005095454545454545
Fear,harga 3 jutaan,0.0005153636363636364,-0.0005153636363636364
Fear,salah satunya adalah,0.0005215454545454547,-0.0005215454545454547
Fear,carbon fiber carbon,0.0005601818181818182,-0.0005601818181818182
Fear,buang air besar,0.0005601818181818182,-0.0005601818181818182
Fear,s go langsung,0.0005665454545454546,-0.0005665454545454546
Fear,8gb storage 256gb,0.0005695454545454545,-0.0005695454545454545
Fear,suv leather frame,0.0005755454545454546,-0.0005755454545454546
Fear,sub indo by,0.0005779090909090908,-0.0005779090909090908
Fear,indo by broth3rmax,0.0005779090909090908,-0.0005779090909090908
Fear,nah kira kira,0.0005805454545454546,-0.0005805454545454546
Fear,adaptive cruise control,0.0005954545454545455,-0.0005954545454545455
Fear,bulu mata bawahnya,0.0005966363636363636,-0.0005966363636363636
Fear,oh om om,0.0006061818181818182,-0.0006061818181818182
Fear,paling tipis dunia,0.0006061818181818182,-0.0006061818181818182
Fear,1500 cc turbo,0.0006165454545454546,-0.0006165454545454546
Fear,adalah salah satu,0.0006967272727272728,-0.0006967272727272728
Fear,nah makanya biar,0.0007101818181818182,-0.0007101818181818182
Fear,banyak sekolah sekolah,0.0007101818181818182,-0.0007101818181818182
Fear,i don t,0.000726,-0.000726
Fear,adalah mindset apabila,0.0007522727272727272,-0.0007522727272727272
Fear,benar kejutan kejutan,0.0007522727272727272,-0.0007522727272727272
Fear,benar teruskan dr,0.0007522727272727272,-0.0007522727272727272
Fear,adalah membuat waktu,0.0007522727272727272,-0.0007522727272727272
Fear,android auto apple,0.000756909090909091,-0.000756909090909091
Fear,auto apple carplay,0.000756909090909091,-0.000756909090909091
Fear,mantap terima kasih,0.0007631818181818181,-0.0007631818181818181
Fear,selama 3 hari,0.0007724545454545454,-0.0007724545454545454
Fear,satu per satu,0.0007872727272727272,-0.0007872727272727272
Fear,km per liter,0.000802090909090909,-0.000802090909090909
Fear,share satu studi,0.0008140909090909091,-0.0008140909090909091
Fear,8 12 kali,0.0008142727272727273,-0.0008142727272727273
Fear,32gb storage 1tb,0.000819,-0.000819
Fear,benar benar suka,0.000819,-0.000819
Fear,jangan lupa follow,0.000819,-0.000819
Fear,android 15 fitur,0.000819,-0.000819
Fear,atlet atlet terbaik,0.000819,-0.000819
Fear,menang semua senang,0.000819,-0.000819
Fear,temen temen lihat,0.000819,-0.000819
Fear,worth it kalian,0.000819,-0.000819
Fear,punya 2 warna,0.000819,-0.000819
Fear,menjaga skin barrier,0.000819,-0.000819
Fear,mengatasi masalah jerawat,0.000819,-0.000819
Fear,mobil kilometer rendah,0.000819,-0.000819
Fear,pola hidup sehat,0.000819,-0.000819
Fear,bahu bagian belakang,0.0008319090909090908,-0.0008319090909090908
Fear,biar bulu mata,0.0008441818181818182,-0.0008441818181818182
Fear,bulu mata lentik,0.0008441818181818182,-0.0008441818181818182
Fear,skin prep kalian,0.0008515454545454545,-0.0008515454545454545
Fear,tiang pull up,0.0008739999999999999,-0.0008739999999999999
Fear,bikin kulit kering,0.000918,-0.000918
Fear,menurunkan berat badan,0.0009232727272727273,-0.0009232727272727273
Fear,faat stay hard,0.0009455454545454546,-0.0009455454545454546
Fear,jakarta tahun 2025,0.0009813636363636363,-0.0009813636363636363
Fear,provinsi kaya jakarta,0.0009927272727272727,-0.0009927272727272727
Fear,jalan jalan jalan,0.0009935454545454544,-0.0009935454545454544
Fear,tahan 2 3,0.0009952727272727272,-0.0009952727272727272
Fear,meraih medali emas,0.0010266363636363635,-0.0010266363636363635
Fear,badan masa otot,0.001052,-0.001052
Fear,by the way,0.0010812727272727274,-0.0010812727272727274
Fear,pertama kali nyobain,0.0010840909090909091,-0.0010840909090909091
Fear,gini 8 12,0.0011408181818181816,-0.0011408181818181816
Fear,paling penting adalah,0.0011732727272727274,-0.0011732727272727274
Fear,nama baik jakarta,0.0011951818181818183,-0.0011951818181818183
Fear,mother of pearl,0.0012,-0.0012
Fear,kehidupan sehari hari,0.001203,-0.001203
Fear,ikan koi ikan,0.001203,-0.001203
Fear,is my favorite,0.001208090909090909,-0.001208090909090909
Fear,check that out,0.001208090909090909,-0.001208090909090909
Fear,you so much,0.001208090909090909,-0.001208090909090909
Fear,s super comfortable,0.001208090909090909,-0.001208090909090909
Fear,it s super,0.001208090909090909,-0.001208090909090909
Fear,to get this,0.001208090909090909,-0.001208090909090909
Fear,sampai jam 6,0.0012310909090909091,-0.0012310909090909091
Fear,beberapa minggu lalu,0.0012771818181818181,-0.0012771818181818181
Fear,move your hustle,0.001299,-0.001299
Fear,ivan gunawan deluxe,0.0013140909090909093,-0.0013140909090909093
Fear,my god suka,0.0013287272727272729,-0.0013287272727272729
Fear,multitasking color crayon,0.0013287272727272729,-0.0013287272727272729
Fear,bagus oh my,0.0013287272727272729,-0.0013287272727272729
Fear,blush on bibir,0.0013287272727272729,-0.0013287272727272729
Fear,blush on lipstick,0.0013287272727272729,-0.0013287272727272729
Fear,gini makanya gemes,0.0013287272727272729,-0.0013287272727272729
Fear,wireless charging 50w,0.0013980909090909092,-0.0013980909090909092
Fear,i love you,0.0014094545454545456,-0.0014094545454545456
Fear,jakarta x beauty,0.0014265454545454546,-0.0014265454545454546
Fear,plug in hybrid,0.0014265454545454546,-0.0014265454545454546
Fear,teman teman baru,0.0014609999999999998,-0.0014609999999999998
Fear,g3 plus mobil,0.0014609999999999998,-0.0014609999999999998
Fear,one of my,0.0014609999999999998,-0.0014609999999999998
Fear,langsung coba langsung,0.0014609999999999998,-0.0014609999999999998
Fear,mulai 299 juta,0.0014609999999999998,-0.0014609999999999998
Fear,perjalanan jauh menggunakan,0.0014609999999999998,-0.0014609999999999998
Fear,bener bener bikin,0.0014946363636363638,-0.0014946363636363638
Fear,set set set,0.0014946363636363638,-0.0014946363636363638
Fear,menang sukses jakarta,0.001583818181818182,-0.001583818181818182
Fear,jakarta menang sukses,0.001583818181818182,-0.001583818181818182
Fear,let s go,0.0016104545454545456,-0.0016104545454545456
Fear,coba komen bawah,0.0016672727272727275,-0.0016672727272727275
Fear,test drive mobil,0.0020660909090909093,-0.0020660909090909093
Fear,depan salah satu,0.0020660909090909093,-0.0020660909090909093
Fear,jangan sampai kelewatan,0.0020660909090909093,-0.0020660909090909093
Fear,misalnya water misalnya,0.002180090909090909,-0.002180090909090909
Fear,something calm down,0.002180090909090909,-0.002180090909090909
Fear,kasih kerana menonton,0.0021951818181818183,-0.0021951818181818183
Fear,terima kasih kerana,0.0021951818181818183,-0.0021951818181818183
Fear,jakarta datang jakarta,0.0022383636363636364,-0.0022383636363636364
Fear,sukses jakarta indonesia,0.0023467272727272725,-0.0023467272727272725
Fear,s go pertama,0.002376909090909091,-0.002376909090909091
Fear,sampai kira kira,0.002376909090909091,-0.002376909090909091
Fear,semangat stay hard,0.002376909090909091,-0.002376909090909091
Fear,membawa nama baik,0.002388090909090909,-0.002388090909090909
Fear,datang jakarta menang,0.0024734545454545456,-0.0024734545454545456
Fear,semua penyakit metabolik,0.002482,-0.002482
Fear,satu studi terbaru,0.002482,-0.002482
Fear,3 2 1,0.0026146363636363637,-0.0026146363636363637
Fear,eyeshadow blush on,0.0026574545454545457,-0.0026574545454545457
Fear,menghasilkan atlet atlet,0.002664909090909091,-0.002664909090909091
Fear,salah satu bentuk,0.0027334545454545454,-0.0027334545454545454
Fear,anak anak mungkin,0.0027334545454545454,-0.0027334545454545454
Fear,2025 terima kasih,0.002885090909090909,-0.002885090909090909
Fear,terima kasih pak,0.0029116363636363636,-0.0029116363636363636
Fear,kasih lihat kalian,0.0029665454545454548,-0.0029665454545454548
Fear,tau salah satu,0.003103090909090909,-0.003103090909090909
Fear,melihat teman teman,0.003165,-0.003165
Fear,tekanan darah tinggi,0.003170181818181818,-0.003170181818181818
Fear,salah satu faktor,0.003170181818181818,-0.003170181818181818
Fear,inspeksi menyeluruh plus,0.0032803636363636355,-0.0032803636363636355
Fear,gini kira kira,0.0032803636363636355,-0.0032803636363636355
Fear,panggil timur inspeksi,0.0032803636363636355,-0.0032803636363636355
Fear,sebagai salah satu,0.003321636363636364,-0.003321636363636364
Fear,sebelah sini lihat,0.0034265454545454547,-0.0034265454545454547
Fear,tanda tanda penuaan,0.0034265454545454547,-0.0034265454545454547
Fear,i really really,0.0035383636363636364,-0.0035383636363636364
Fear,and i m,0.003674454545454545,-0.003674454545454545
Fear,selesai make upan,0.003674454545454545,-0.003674454545454545
Fear,really like this,0.003674454545454545,-0.003674454545454545
Fear,coverage berasa berat,0.003674454545454545,-0.003674454545454545
Fear,that s it,0.0038362727272727272,-0.0038362727272727272
Fear,tanpa berasa berat,0.003849909090909091,-0.003849909090909091
Fear,really really like,0.003849909090909091,-0.003849909090909091
Fear,m telling you,0.003849909090909091,-0.003849909090909091
Fear,finishnya velvet matte,0.003849909090909091,-0.003849909090909091
Fear,berasa berat so,0.003849909090909091,-0.003849909090909091
Fear,telling you this,0.003849909090909091,-0.003849909090909091
Fear,hai guys kali,0.004017636363636363,-0.004017636363636363
Fear,setelah cek ternyata,0.004017636363636363,-0.004017636363636363
Fear,skin barrier rusak,0.004360181818181818,-0.004360181818181818
Fear,speed 1 2,0.004367636363636364,-0.004367636363636364
Fear,sedikit tips kalian,0.004483272727272727,-0.004483272727272727
Fear,segi harga punya,0.004591636363636364,-0.004591636363636364
Fear,harganya murah meriah,0.004591636363636364,-0.004591636363636364
Fear,terlalu lebar gini,0.0046974545454545455,-0.0046974545454545455
Fear,1 2 3,0.004802000000000001,-0.004802000000000001
Fear,gini gini gini,0.004909272727272727,-0.004909272727272727
Fear,oke terima kasih,0.005016454545454546,-0.005016454545454546
Fear,i m telling,0.005058,-0.005058
Fear,s so good,0.005468999999999999,-0.005468999999999999
Fear,it it s,0.005468999999999999,-0.005468999999999999
Fear,pas pertama kali,0.005730181818181818,-0.005730181818181818
Fear,pokoknya bener bener,0.005730181818181818,-0.005730181818181818
Fear,kaya kaya kaya,0.005780545454545455,-0.005780545454545455
Fear,memang luar biasa,0.006493454545454546,-0.006493454545454546
Fear,latihan beban menjadi,0.006493454545454546,-0.006493454545454546
Fear,sampai berapa kali,0.006493454545454546,-0.006493454545454546
Fear,semua masyarakat indonesia,0.006493454545454546,-0.006493454545454546
Fear,pas tengah tengah,0.007699909090909091,-0.007699909090909091
Fear,kena serangan jantung,0.008285636363636363,-0.008285636363636363
Fear,oh my god,0.008306272727272728,-0.008306272727272728
Fear,nah menurut kalian,0.008559545454545457,-0.008559545454545457
Fear,you need to,0.010461,-0.010461
Fear,klik follow save,0.010713727272727274,-0.010713727272727274
Fear,need to notice,0.010960636363636363,-0.010960636363636363
Fear,sekolah les bermain,0.011363636363636364,-0.011363636363636364
Fear,it s so,0.01246,-0.01246
Fear,masalah hari masalah,0.01298709090909091,-0.01298709090909091
Fear,salah satu paling,0.013016454545454546,-0.013016454545454546
Fear,follow save video,0.016395545454545454,-0.016395545454545454
Fear,selama 3 tahun,0.06276618181818182,-0.06276618181818182
Fear,circle to search,0.06576372727272727,-0.06576372727272727
Fear,john glory glory,0.09090909090909091,-0.09090909090909091
Joy,menghasilkan atlet atlet,0.0,0.029314
Joy,datang jakarta menang,0.0,0.027208
Joy,membawa nama baik,0.0,0.026269
Joy,jakarta datang jakarta,0.0,0.024622
Joy,terima kasih kerana,0.0,0.024147
Joy,kasih kerana menonton,0.0,0.024147
Joy,depan salah satu,0.0,0.022727
Joy,test drive mobil,0.0,0.022727
Joy,jangan sampai kelewatan,0.0,0.022727
Joy,3 2 1,0.0005485454545454544,0.022178454545454546
Joy,2025 terima kasih,0.000819,0.021908
Joy,melihat teman teman,0.001098909090909091,0.02162809090909091
Joy,nah menurut kalian,0.003246727272727273,0.019480272727272728
Joy,jakarta menang sukses,0.0,0.017422
Joy,menang sukses jakarta,0.0,0.017422
Joy,set set set,0.0,0.016441
Joy,bener bener bikin,0.0,0.016441
Joy,g3 plus mobil,0.0,0.016071
Joy,perjalanan jauh menggunakan,0.0,0.016071
Joy,one of my,0.0,0.016071
Joy,mulai 299 juta,0.0,0.016071
Joy,langsung coba langsung,0.0,0.016071
Joy,teman teman baru,0.0,0.016071
Joy,plug in hybrid,0.0,0.015692
Joy,jakarta x beauty,0.0,0.015692
Joy,sukses jakarta indonesia,0.00091,0.014894
Joy,ivan gunawan deluxe,0.0,0.014455
Joy,nama baik jakarta,0.0,0.013147
Joy,gini 8 12,0.0,0.012549
Joy,oh my god,0.007107272727272727,0.0060817272727272725
Joy,punya bekas jerawat,0.0005095454545454545,-0.0005095454545454545
Joy,harga 3 jutaan,0.0005153636363636364,-0.0005153636363636364
Joy,salah satunya adalah,0.0005215454545454544,-0.0005215454545454544
Joy,buang air besar,0.0005601818181818182,-0.0005601818181818182
Joy,carbon fiber carbon,0.0005601818181818182,-0.0005601818181818182
Joy,s go langsung,0.0005665454545454546,-0.0005665454545454546
Joy,8gb storage 256gb,0.0005695454545454545,-0.0005695454545454545
Joy,suv leather frame,0.0005755454545454546,-0.0005755454545454546
Joy,sub indo by,0.0005779090909090908,-0.0005779090909090908
Joy,indo by broth3rmax,0.0005779090909090908,-0.0005779090909090908
Joy,nah kira kira,0.0005805454545454546,-0.0005805454545454546
Joy,adaptive cruise control,0.0005954545454545455,-0.0005954545454545455
Joy,bulu mata bawahnya,0.0005966363636363636,-0.0005966363636363636
Joy,paling tipis dunia,0.0006061818181818182,-0.0006061818181818182
Joy,oh om om,0.0006061818181818182,-0.0006061818181818182
Joy,1500 cc turbo,0.0006165454545454546,-0.0006165454545454546
Joy,adalah salah satu,0.0006967272727272728,-0.0006967272727272728
Joy,nah makanya biar,0.0007101818181818182,-0.0007101818181818182
Joy,banyak sekolah sekolah,0.0007101818181818182,-0.0007101818181818182
Joy,i don t,0.000726,-0.000726
Joy,adalah mindset apabila,0.0007522727272727272,-0.0007522727272727272
Joy,adalah membuat waktu,0.0007522727272727272,-0.0007522727272727272
Joy,benar kejutan kejutan,0.0007522727272727272,-0.0007522727272727272
Joy,benar teruskan dr,0.0007522727272727272,-0.0007522727272727272
Joy,auto apple carplay,0.000756909090909091,-0.000756909090909091
Joy,android auto apple,0.000756909090909091,-0.000756909090909091
Joy,mantap terima kasih,0.0007631818181818181,-0.0007631818181818181
Joy,selama 3 hari,0.0007724545454545454,-0.0007724545454545454
Joy,satu per satu,0.0007872727272727272,-0.0007872727272727272
Joy,km per liter,0.000802090909090909,-0.000802090909090909
Joy,share satu studi,0.0008140909090909091,-0.0008140909090909091
Joy,8 12 kali,0.0008142727272727273,-0.0008142727272727273
Joy,punya 2 warna,0.000819,-0.000819
Joy,jangan lupa follow,0.000819,-0.000819
Joy,android 15 fitur,0.000819,-0.000819
Joy,32gb storage 1tb,0.000819,-0.000819
Joy,atlet atlet terbaik,0.000819,-0.000819
Joy,benar benar suka,0.000819,-0.000819
Joy,pola hidup sehat,0.000819,-0.000819
Joy,menang semua senang,0.000819,-0.000819
Joy,mengatasi masalah jerawat,0.000819,-0.000819
Joy,worth it kalian,0.000819,-0.000819
Joy,temen temen lihat,0.000819,-0.000819
Joy,menjaga skin barrier,0.000819,-0.000819
Joy,mobil kilometer rendah,0.000819,-0.000819
Joy,bahu bagian belakang,0.0008319090909090908,-0.0008319090909090908
Joy,bulu mata lentik,0.0008441818181818182,-0.0008441818181818182
Joy,biar bulu mata,0.0008441818181818182,-0.0008441818181818182
Joy,skin prep kalian,0.0008515454545454545,-0.0008515454545454545
Joy,tiang pull up,0.0008739999999999999,-0.0008739999999999999
Joy,bikin kulit kering,0.000918,-0.000918
Joy,menurunkan berat badan,0.0009232727272727273,-0.0009232727272727273
Joy,faat stay hard,0.0009455454545454546,-0.0009455454545454546
Joy,jakarta tahun 2025,0.0009813636363636363,-0.0009813636363636363
Joy,provinsi kaya jakarta,0.0009927272727272727,-0.0009927272727272727
Joy,jalan jalan jalan,0.0009935454545454544,-0.0009935454545454544
Joy,tahan 2 3,0.0009952727272727272,-0.0009952727272727272
Joy,meraih medali emas,0.0010266363636363635,-0.0010266363636363635
Joy,badan masa otot,0.001052,-0.001052
Joy,by the way,0.0010812727272727274,-0.0010812727272727274
Joy,pertama kali nyobain,0.0010840909090909091,-0.0010840909090909091
Joy,paling penting adalah,0.0011732727272727274,-0.0011732727272727274
Joy,semangat stay hard,0.0011884545454545455,-0.0011884545454545455
Joy,s go pertama,0.0011884545454545455,-0.0011884545454545455
Joy,sampai kira kira,0.0011884545454545455,-0.0011884545454545455
Joy,mother of pearl,0.0012,-0.0012
Joy,ikan koi ikan,0.001203,-0.001203
Joy,kehidupan sehari hari,0.001203,-0.001203
Joy,is my favorite,0.001208090909090909,-0.001208090909090909
Joy,you so much,0.001208090909090909,-0.001208090909090909
Joy,it s super,0.001208090909090909,-0.001208090909090909
Joy,check that out,0.001208090909090909,-0.001208090909090909
Joy,to get this,0.001208090909090909,-0.001208090909090909
Joy,s super comfortable,0.001208090909090909,-0.001208090909090909
Joy,sampai jam 6,0.0012310909090909091,-0.0012310909090909091
Joy,satu studi terbaru,0.0012410000000000001,-0.0012410000000000001
Joy,semua penyakit metabolik,0.0012410000000000001,-0.0012410000000000001
Joy,beberapa minggu lalu,0.0012771818181818181,-0.0012771818181818181
Joy,move your hustle,0.001299,-0.001299
Joy,my god suka,0.0013287272727272729,-0.0013287272727272729
Joy,multitasking color crayon,0.0013287272727272729,-0.0013287272727272729
Joy,bagus oh my,0.0013287272727272729,-0.0013287272727272729
Joy,blush on lipstick,0.0013287272727272729,-0.0013287272727272729
Joy,gini makanya gemes,0.0013287272727272729,-0.0013287272727272729
Joy,blush on bibir,0.0013287272727272729,-0.0013287272727272729
Joy,salah satu bentuk,0.0013667272727272727,-0.0013667272727272727
Joy,anak anak mungkin,0.0013667272727272727,-0.0013667272727272727
Joy,wireless charging 50w,0.001398090909090909,-0.001398090909090909
Joy,i love you,0.0014094545454545456,-0.0014094545454545456
Joy,terima kasih pak,0.0014558181818181818,-0.0014558181818181818
Joy,tau salah satu,0.0015515454545454545,-0.0015515454545454545
Joy,salah satu faktor,0.001585090909090909,-0.001585090909090909
Joy,tekanan darah tinggi,0.001585090909090909,-0.001585090909090909
Joy,let s go,0.0016104545454545456,-0.0016104545454545456
Joy,sebagai salah satu,0.001660818181818182,-0.001660818181818182
Joy,coba komen bawah,0.0016672727272727275,-0.0016672727272727275
Joy,mengawasi allah terima,0.0018485454545454547,-0.0018485454545454547
Joy,lakukan adalah membuat,0.0018485454545454547,-0.0018485454545454547
Joy,sejati aktivitas besar,0.0018485454545454547,-0.0018485454545454547
Joy,sebenarnya barokah aktivitas,0.0018485454545454547,-0.0018485454545454547
Joy,rasa lakukan adalah,0.0018485454545454547,-0.0018485454545454547
Joy,kejutan kejutan kejutan,0.0018485454545454547,-0.0018485454545454547
Joy,menyerahkan adalah mindset,0.0018485454545454547,-0.0018485454545454547
Joy,nia bilang sejati,0.0018485454545454547,-0.0018485454545454547
Joy,mindset rasa berbagi,0.0018485454545454547,-0.0018485454545454547
Joy,kejutan kejutan aktivitas,0.0018485454545454547,-0.0018485454545454547
Joy,misalnya water misalnya,0.002180090909090909,-0.002180090909090909
Joy,something calm down,0.002180090909090909,-0.002180090909090909
Joy,speed 1 2,0.002183818181818182,-0.002183818181818182
Joy,sedikit tips kalian,0.0022416363636363636,-0.0022416363636363636
Joy,segi harga punya,0.002295818181818182,-0.002295818181818182
Joy,harganya murah meriah,0.002295818181818182,-0.002295818181818182
Joy,terlalu lebar gini,0.0023487272727272727,-0.0023487272727272727
Joy,gini gini gini,0.002454636363636364,-0.002454636363636364
Joy,rasa berbagi jika,0.002600818181818182,-0.002600818181818182
Joy,waktu menyerahkan adalah,0.002600818181818182,-0.002600818181818182
Joy,revaluasi mindset rasa,0.002600818181818182,-0.002600818181818182
Joy,rasa membantu revaluasi,0.002600818181818182,-0.002600818181818182
Joy,eyeshadow blush on,0.0026574545454545457,-0.0026574545454545457
Joy,oke terima kasih,0.0028913636363636364,-0.0028913636363636364
Joy,kasih lihat kalian,0.0029665454545454548,-0.0029665454545454548
Joy,1 2 3,0.003034818181818182,-0.003034818181818182
Joy,kaya kaya kaya,0.003171727272727273,-0.003171727272727273
Joy,semua masyarakat indonesia,0.003246727272727273,-0.003246727272727273
Joy,memang luar biasa,0.003246727272727273,-0.003246727272727273
Joy,sampai berapa kali,0.003246727272727273,-0.003246727272727273
Joy,latihan beban menjadi,0.003246727272727273,-0.003246727272727273
Joy,inspeksi menyeluruh plus,0.0032803636363636364,-0.0032803636363636364
Joy,panggil timur inspeksi,0.0032803636363636364,-0.0032803636363636364
Joy,gini kira kira,0.0032803636363636364,-0.0032803636363636364
Joy,sebelah sini lihat,0.0034265454545454547,-0.0034265454545454547
Joy,tanda tanda penuaan,0.0034265454545454547,-0.0034265454545454547
Joy,i really really,0.0035383636363636364,-0.0035383636363636364
Joy,coverage berasa berat,0.003674454545454545,-0.003674454545454545
Joy,and i m,0.003674454545454545,-0.003674454545454545
Joy,selesai make upan,0.003674454545454545,-0.003674454545454545
Joy,really like this,0.003674454545454545,-0.003674454545454545
Joy,that s it,0.0038362727272727272,-0.0038362727272727272
Joy,really really like,0.003849909090909091,-0.003849909090909091
Joy,tanpa berasa berat,0.003849909090909091,-0.003849909090909091
Joy,telling you this,0.003849909090909091,-0.003849909090909091
Joy,m telling you,0.003849909090909091,-0.003849909090909091
Joy,finishnya velvet matte,0.003849909090909091,-0.003849909090909091
Joy,berasa berat so,0.003849909090909091,-0.003849909090909091
Joy,hai guys kali,0.004017636363636363,-0.004017636363636363
Joy,setelah cek ternyata,0.004017636363636363,-0.004017636363636363
Joy,kena serangan jantung,0.0041428181818181815,-0.0041428181818181815
Joy,teruskan dr nia,0.00415909090909091,-0.00415909090909091
Joy,membuat waktu menyerahkan,0.00415909090909091,-0.00415909090909091
Joy,mencari kecil sebenarnya,0.00415909090909091,-0.00415909090909091
Joy,mindset benar teruskan,0.00415909090909091,-0.00415909090909091
Joy,mindset apabila memiliki,0.00415909090909091,-0.00415909090909091
Joy,membantu revaluasi mindset,0.00415909090909091,-0.00415909090909091
Joy,mindset benar kejutan,0.00415909090909091,-0.00415909090909091
Joy,skin barrier rusak,0.004360181818181818,-0.004360181818181818
Joy,i m telling,0.005058,-0.005058
Joy,it it s,0.005468999999999999,-0.005468999999999999
Joy,s so good,0.005468999999999999,-0.005468999999999999
Joy,pokoknya bener bener,0.005730181818181818,-0.005730181818181818
Joy,pas pertama kali,0.005730181818181818,-0.005730181818181818
Joy,masalah hari masalah,0.006493545454545455,-0.006493545454545455
Joy,salah satu paling,0.0069177272727272724,-0.0069177272727272724
Joy,pas tengah tengah,0.007699909090909091,-0.007699909090909091
Joy,salah satu sisi,0.00857090909090909,-0.00857090909090909
Joy,satu sisi tubuh,0.00857090909090909,-0.00857090909090909
Joy,share kolom komentar,0.00857090909090909,-0.00857090909090909
Joy,pagi sore hari,0.00857090909090909,-0.00857090909090909
Joy,you need to,0.010461,-0.010461
Joy,klik follow save,0.010713727272727272,-0.010713727272727272
Joy,memiliki mindset benar,0.01082181818181818,-0.01082181818181818
Joy,need to notice,0.010960636363636362,-0.010960636363636362
Joy,sekolah les bermain,0.011363636363636362,-0.011363636363636362
Joy,jalan jalan gias,0.012121272727272729,-0.012121272727272729
Joy,sel kulit mati,0.012121272727272729,-0.012121272727272729
Joy,it s so,0.01246,-0.01246
Joy,malam hari cari,0.015368,-0.015368
Joy,follow save video,0.016395545454545454,-0.016395545454545454
Joy,saham naik turun,0.02424236363636364,-0.02424236363636364
Joy,selama 3 tahun,0.06276618181818182,-0.06276618181818182
Joy,circle to search,0.06576372727272727,-0.06576372727272727
Joy,john glory glory,0.0909090909090909,-0.0909090909090909
Love,john glory glory,0.0,1.0
Love,punya bekas jerawat,0.0005095454545454545,-0.0005095454545454545
Love,harga 3 jutaan,0.0005153636363636364,-0.0005153636363636364
Love,salah satunya adalah,0.0005215454545454545,-0.0005215454545454545
Love,buang air besar,0.0005601818181818182,-0.0005601818181818182
Love,carbon fiber carbon,0.0005601818181818182,-0.0005601818181818182
Love,s go langsung,0.0005665454545454546,-0.0005665454545454546
Love,8gb storage 256gb,0.0005695454545454545,-0.0005695454545454545
Love,suv leather frame,0.0005755454545454546,-0.0005755454545454546
Love,indo by broth3rmax,0.0005779090909090908,-0.0005779090909090908
Love,sub indo by,0.0005779090909090908,-0.0005779090909090908
Love,nah kira kira,0.0005805454545454546,-0.0005805454545454546
Love,adaptive cruise control,0.0005954545454545455,-0.0005954545454545455
Love,bulu mata bawahnya,0.0005966363636363636,-0.0005966363636363636
Love,oh om om,0.0006061818181818182,-0.0006061818181818182
Love,paling tipis dunia,0.0006061818181818182,-0.0006061818181818182
Love,1500 cc turbo,0.0006165454545454546,-0.0006165454545454546
Love,adalah salah satu,0.0006967272727272728,-0.0006967272727272728
Love,banyak sekolah sekolah,0.0007101818181818182,-0.0007101818181818182
Love,nah makanya biar,0.0007101818181818182,-0.0007101818181818182
Love,i don t,0.000726,-0.000726
Love,adalah membuat waktu,0.0007522727272727272,-0.0007522727272727272
Love,adalah mindset apabila,0.0007522727272727272,-0.0007522727272727272
Love,benar kejutan kejutan,0.0007522727272727272,-0.0007522727272727272
Love,benar teruskan dr,0.0007522727272727272,-0.0007522727272727272
Love,auto apple carplay,0.000756909090909091,-0.000756909090909091
Love,android auto apple,0.000756909090909091,-0.000756909090909091
Love,mantap terima kasih,0.0007631818181818181,-0.0007631818181818181
Love,selama 3 hari,0.0007724545454545454,-0.0007724545454545454
Love,satu per satu,0.0007872727272727272,-0.0007872727272727272
Love,km per liter,0.000802090909090909,-0.000802090909090909
Love,share satu studi,0.0008140909090909091,-0.0008140909090909091
Love,8 12 kali,0.0008142727272727273,-0.0008142727272727273
Love,32gb storage 1tb,0.000819,-0.000819
Love,atlet atlet terbaik,0.000819,-0.000819
Love,menang semua senang,0.000819,-0.000819
Love,menjaga skin barrier,0.000819,-0.000819
Love,benar benar suka,0.000819,-0.000819
Love,jangan lupa follow,0.000819,-0.000819
Love,android 15 fitur,0.000819,-0.000819
Love,pola hidup sehat,0.000819,-0.000819
Love,punya 2 warna,0.000819,-0.000819
Love,temen temen lihat,0.000819,-0.000819
Love,mengatasi masalah jerawat,0.000819,-0.000819
Love,mobil kilometer rendah,0.000819,-0.000819
Love,worth it kalian,0.000819,-0.000819
Love,bahu bagian belakang,0.0008319090909090908,-0.0008319090909090908
Love,biar bulu mata,0.0008441818181818182,-0.0008441818181818182
Love,bulu mata lentik,0.0008441818181818182,-0.0008441818181818182
Love,skin prep kalian,0.0008515454545454545,-0.0008515454545454545
Love,tiang pull up,0.0008739999999999999,-0.0008739999999999999
Love,bikin kulit kering,0.000918,-0.000918
Love,menurunkan berat badan,0.0009232727272727273,-0.0009232727272727273
Love,mindset rasa berbagi,0.0009242727272727274,-0.0009242727272727274
Love,mengawasi allah terima,0.0009242727272727274,-0.0009242727272727274
Love,rasa lakukan adalah,0.0009242727272727274,-0.0009242727272727274
Love,menyerahkan adalah mindset,0.0009242727272727274,-0.0009242727272727274
Love,nia bilang sejati,0.0009242727272727274,-0.0009242727272727274
Love,sejati aktivitas besar,0.0009242727272727274,-0.0009242727272727274
Love,lakukan adalah membuat,0.0009242727272727274,-0.0009242727272727274
Love,kejutan kejutan aktivitas,0.0009242727272727274,-0.0009242727272727274
Love,kejutan kejutan kejutan,0.0009242727272727274,-0.0009242727272727274
Love,sebenarnya barokah aktivitas,0.0009242727272727274,-0.0009242727272727274
Love,faat stay hard,0.0009455454545454546,-0.0009455454545454546
Love,jakarta tahun 2025,0.0009813636363636363,-0.0009813636363636363
Love,provinsi kaya jakarta,0.0009927272727272727,-0.0009927272727272727
Love,jalan jalan jalan,0.0009935454545454544,-0.0009935454545454544
Love,tahan 2 3,0.0009952727272727272,-0.0009952727272727272
Love,meraih medali emas,0.0010266363636363635,-0.0010266363636363635
Love,badan masa otot,0.001052,-0.001052
Love,by the way,0.0010812727272727274,-0.0010812727272727274
Love,pertama kali nyobain,0.0010840909090909091,-0.0010840909090909091
Love,paling penting adalah,0.0011732727272727274,-0.0011732727272727274
Love,sampai kira kira,0.0011884545454545455,-0.0011884545454545455
Love,s go pertama,0.0011884545454545455,-0.0011884545454545455
Love,semangat stay hard,0.0011884545454545455,-0.0011884545454545455
Love,mother of pearl,0.0012,-0.0012
Love,kehidupan sehari hari,0.001203,-0.001203
Love,ikan koi ikan,0.001203,-0.001203
Love,it s super,0.001208090909090909,-0.001208090909090909
Love,s super comfortable,0.001208090909090909,-0.001208090909090909
Love,is my favorite,0.001208090909090909,-0.001208090909090909
Love,check that out,0.001208090909090909,-0.001208090909090909
Love,you so much,0.001208090909090909,-0.001208090909090909
Love,to get this,0.001208090909090909,-0.001208090909090909
Love,sampai jam 6,0.0012310909090909091,-0.0012310909090909091
Love,satu studi terbaru,0.001241,-0.001241
Love,semua penyakit metabolik,0.001241,-0.001241
Love,beberapa minggu lalu,0.0012771818181818181,-0.0012771818181818181
Love,move your hustle,0.001299,-0.001299
Love,my god suka,0.0013287272727272729,-0.0013287272727272729
Love,bagus oh my,0.0013287272727272729,-0.0013287272727272729
Love,blush on bibir,0.0013287272727272729,-0.0013287272727272729
Love,multitasking color crayon,0.0013287272727272729,-0.0013287272727272729
Love,blush on lipstick,0.0013287272727272729,-0.0013287272727272729
Love,gini makanya gemes,0.0013287272727272729,-0.0013287272727272729
Love,anak anak mungkin,0.0013667272727272727,-0.0013667272727272727
Love,salah satu bentuk,0.0013667272727272727,-0.0013667272727272727
Love,wireless charging 50w,0.001398090909090909,-0.001398090909090909
Love,i love you,0.0014094545454545456,-0.0014094545454545456
Love,terima kasih pak,0.0014558181818181818,-0.0014558181818181818
Love,tau salah satu,0.0015515454545454545,-0.0015515454545454545
Love,tekanan darah tinggi,0.001585090909090909,-0.001585090909090909
Love,salah satu faktor,0.001585090909090909,-0.001585090909090909
Love,let s go,0.0016104545454545456,-0.0016104545454545456
Love,sebagai salah satu,0.001660818181818182,-0.001660818181818182
Love,coba komen bawah,0.0016672727272727275,-0.0016672727272727275
Love,waktu menyerahkan adalah,0.0016765454545454546,-0.0016765454545454546
Love,rasa berbagi jika,0.0016765454545454546,-0.0016765454545454546
Love,rasa membantu revaluasi,0.0016765454545454546,-0.0016765454545454546
Love,revaluasi mindset rasa,0.0016765454545454546,-0.0016765454545454546
Love,something calm down,0.002180090909090909,-0.002180090909090909
Love,misalnya water misalnya,0.002180090909090909,-0.002180090909090909
Love,speed 1 2,0.002183818181818182,-0.002183818181818182
Love,sedikit tips kalian,0.0022416363636363636,-0.0022416363636363636
Love,gini 8 12,0.0022816363636363637,-0.0022816363636363637
Love,harganya murah meriah,0.002295818181818182,-0.002295818181818182
Love,segi harga punya,0.002295818181818182,-0.002295818181818182
Love,terlalu lebar gini,0.0023487272727272727,-0.0023487272727272727
Love,nama baik jakarta,0.0023903636363636366,-0.0023903636363636366
Love,gini gini gini,0.0024546363636363637,-0.0024546363636363637
Love,ivan gunawan deluxe,0.002628181818181818,-0.002628181818181818
Love,eyeshadow blush on,0.0026574545454545457,-0.0026574545454545457
Love,plug in hybrid,0.0028530909090909093,-0.0028530909090909093
Love,jakarta x beauty,0.0028530909090909093,-0.0028530909090909093
Love,oke terima kasih,0.0028913636363636364,-0.0028913636363636364
Love,langsung coba langsung,0.0029219999999999997,-0.0029219999999999997
Love,teman teman baru,0.0029219999999999997,-0.0029219999999999997
Love,perjalanan jauh menggunakan,0.0029219999999999997,-0.0029219999999999997
Love,one of my,0.0029219999999999997,-0.0029219999999999997
Love,mulai 299 juta,0.0029219999999999997,-0.0029219999999999997
Love,g3 plus mobil,0.0029219999999999997,-0.0029219999999999997
Love,kasih lihat kalian,0.0029665454545454548,-0.0029665454545454548
Love,bener bener bikin,0.0029892727272727276,-0.0029892727272727276
Love,set set set,0.0029892727272727276,-0.0029892727272727276
Love,1 2 3,0.003034818181818182,-0.003034818181818182
Love,jakarta menang sukses,0.003167636363636364,-0.003167636363636364
Love,menang sukses jakarta,0.003167636363636364,-0.003167636363636364
Love,kaya kaya kaya,0.003171727272727273,-0.003171727272727273
Love,mindset apabila memiliki,0.003234818181818182,-0.003234818181818182
Love,mindset benar teruskan,0.003234818181818182,-0.003234818181818182
Love,membuat waktu menyerahkan,0.003234818181818182,-0.003234818181818182
Love,membantu revaluasi mindset,0.003234818181818182,-0.003234818181818182
Love,mindset benar kejutan,0.003234818181818182,-0.003234818181818182
Love,mencari kecil sebenarnya,0.003234818181818182,-0.003234818181818182
Love,teruskan dr nia,0.003234818181818182,-0.003234818181818182
Love,memang luar biasa,0.003246727272727273,-0.003246727272727273
Love,semua masyarakat indonesia,0.003246727272727273,-0.003246727272727273
Love,sampai berapa kali,0.003246727272727273,-0.003246727272727273
Love,latihan beban menjadi,0.003246727272727273,-0.003246727272727273
Love,panggil timur inspeksi,0.0032803636363636364,-0.0032803636363636364
Love,inspeksi menyeluruh plus,0.0032803636363636364,-0.0032803636363636364
Love,gini kira kira,0.0032803636363636364,-0.0032803636363636364
Love,tanda tanda penuaan,0.0034265454545454547,-0.0034265454545454547
Love,sebelah sini lihat,0.0034265454545454547,-0.0034265454545454547
Love,i really really,0.0035383636363636364,-0.0035383636363636364
Love,selesai make upan,0.003674454545454545,-0.003674454545454545
Love,coverage berasa berat,0.003674454545454545,-0.003674454545454545
Love,and i m,0.003674454545454545,-0.003674454545454545
Love,really like this,0.003674454545454545,-0.003674454545454545
Love,sukses jakarta indonesia,0.003783454545454545,-0.003783454545454545
Love,that s it,0.0038362727272727272,-0.0038362727272727272
Love,tanpa berasa berat,0.003849909090909091,-0.003849909090909091
Love,berasa berat so,0.003849909090909091,-0.003849909090909091
Love,finishnya velvet matte,0.003849909090909091,-0.003849909090909091
Love,telling you this,0.003849909090909091,-0.003849909090909091
Love,really really like,0.003849909090909091,-0.003849909090909091
Love,m telling you,0.003849909090909091,-0.003849909090909091
Love,setelah cek ternyata,0.004017636363636363,-0.004017636363636363
Love,hai guys kali,0.004017636363636363,-0.004017636363636363
Love,test drive mobil,0.004132181818181819,-0.004132181818181819
Love,depan salah satu,0.004132181818181819,-0.004132181818181819
Love,jangan sampai kelewatan,0.004132181818181819,-0.004132181818181819
Love,kena serangan jantung,0.0041428181818181815,-0.0041428181818181815
Love,share kolom komentar,0.004285454545454545,-0.004285454545454545
Love,pagi sore hari,0.004285454545454545,-0.004285454545454545
Love,satu sisi tubuh,0.004285454545454545,-0.004285454545454545
Love,salah satu sisi,0.004285454545454545,-0.004285454545454545
Love,skin barrier rusak,0.004360181818181818,-0.004360181818181818
Love,terima kasih kerana,0.004390363636363636,-0.004390363636363636
Love,kasih kerana menonton,0.004390363636363636,-0.004390363636363636
Love,jakarta datang jakarta,0.004476727272727273,-0.004476727272727273
Love,3 2 1,0.004680727272727273,-0.004680727272727273
Love,membawa nama baik,0.004776181818181818,-0.004776181818181818
Love,datang jakarta menang,0.004946909090909091,-0.004946909090909091
Love,2025 terima kasih,0.004951181818181818,-0.004951181818181818
Love,i m telling,0.005058,-0.005058
Love,melihat teman teman,0.005231090909090908,-0.005231090909090908
Love,menghasilkan atlet atlet,0.005329818181818182,-0.005329818181818182
Love,s so good,0.005468999999999999,-0.005468999999999999
Love,it it s,0.005468999999999999,-0.005468999999999999
Love,pas pertama kali,0.005730181818181818,-0.005730181818181818
Love,pokoknya bener bener,0.005730181818181818,-0.005730181818181818
Love,jalan jalan gias,0.006060636363636364,-0.006060636363636364
Love,sel kulit mati,0.006060636363636364,-0.006060636363636364
Love,masalah hari masalah,0.006493545454545455,-0.006493545454545455
Love,salah satu paling,0.006917727272727273,-0.006917727272727273
Love,nah menurut kalian,0.007378909090909092,-0.007378909090909092
Love,pas tengah tengah,0.007699909090909091,-0.007699909090909091
Love,memiliki mindset benar,0.008973363636363637,-0.008973363636363637
Love,malam hari cari,0.009307363636363636,-0.009307363636363636
Love,oh my god,0.009505272727272727,-0.009505272727272727
Love,you need to,0.010461,-0.010461
Love,klik follow save,0.010713727272727272,-0.010713727272727272
Love,need to notice,0.010960636363636362,-0.010960636363636362
Love,sekolah les bermain,0.011363636363636362,-0.011363636363636362
Love,saham naik turun,0.01212118181818182,-0.01212118181818182
Love,it s so,0.01246,-0.01246
Love,follow save video,0.016395545454545454,-0.016395545454545454
Love,selama 3 tahun,0.06276618181818182,-0.06276618181818182
Love,circle to search,0.06576372727272727,-0.06576372727272727
Loyalty,circle to search,0.0,0.723401
Loyalty,selama 3 tahun,0.0,0.690428
Loyalty,punya bekas jerawat,0.0005095454545454545,-0.0005095454545454545
Loyalty,harga 3 jutaan,0.0005153636363636364,-0.0005153636363636364
Loyalty,salah satunya adalah,0.0005215454545454545,-0.0005215454545454545
Loyalty,buang air besar,0.0005601818181818182,-0.0005601818181818182
Loyalty,carbon fiber carbon,0.0005601818181818182,-0.0005601818181818182
Loyalty,s go langsung,0.0005665454545454546,-0.0005665454545454546
Loyalty,8gb storage 256gb,0.0005695454545454545,-0.0005695454545454545
Loyalty,suv leather frame,0.0005755454545454546,-0.0005755454545454546
Loyalty,indo by broth3rmax,0.0005779090909090908,-0.0005779090909090908
Loyalty,sub indo by,0.0005779090909090908,-0.0005779090909090908
Loyalty,nah kira kira,0.0005805454545454546,-0.0005805454545454546
Loyalty,adaptive cruise control,0.0005954545454545455,-0.0005954545454545455
Loyalty,bulu mata bawahnya,0.0005966363636363636,-0.0005966363636363636
Loyalty,oh om om,0.0006061818181818182,-0.0006061818181818182
Loyalty,paling tipis dunia,0.0006061818181818182,-0.0006061818181818182
Loyalty,1500 cc turbo,0.0006165454545454546,-0.0006165454545454546
Loyalty,adalah salah satu,0.0006967272727272728,-0.0006967272727272728
Loyalty,nah makanya biar,0.0007101818181818182,-0.0007101818181818182
Loyalty,banyak sekolah sekolah,0.0007101818181818182,-0.0007101818181818182
Loyalty,i don t,0.000726,-0.000726
Loyalty,adalah mindset apabila,0.0007522727272727272,-0.0007522727272727272
Loyalty,benar kejutan kejutan,0.0007522727272727272,-0.0007522727272727272
Loyalty,benar teruskan dr,0.0007522727272727272,-0.0007522727272727272
Loyalty,adalah membuat waktu,0.0007522727272727272,-0.0007522727272727272
Loyalty,android auto apple,0.000756909090909091,-0.000756909090909091
Loyalty,auto apple carplay,0.000756909090909091,-0.000756909090909091
Loyalty,mantap terima kasih,0.0007631818181818181,-0.0007631818181818181
Loyalty,selama 3 hari,0.0007724545454545454,-0.0007724545454545454
Loyalty,satu per satu,0.0007872727272727272,-0.0007872727272727272
Loyalty,km per liter,0.000802090909090909,-0.000802090909090909
Loyalty,share satu studi,0.0008140909090909091,-0.0008140909090909091
Loyalty,8 12 kali,0.0008142727272727273,-0.0008142727272727273
Loyalty,32gb storage 1tb,0.000819,-0.000819
Loyalty,menang semua senang,0.000819,-0.000819
Loyalty,atlet atlet terbaik,0.000819,-0.000819
Loyalty,jangan lupa follow,0.000819,-0.000819
Loyalty,benar benar suka,0.000819,-0.000819
Loyalty,android 15 fitur,0.000819,-0.000819
Loyalty,pola hidup sehat,0.000819,-0.000819
Loyalty,punya 2 warna,0.000819,-0.000819
Loyalty,menjaga skin barrier,0.000819,-0.000819
Loyalty,mengatasi masalah jerawat,0.000819,-0.000819
Loyalty,worth it kalian,0.000819,-0.000819
Loyalty,temen temen lihat,0.000819,-0.000819
Loyalty,mobil kilometer rendah,0.000819,-0.000819
Loyalty,bahu bagian belakang,0.0008319090909090908,-0.0008319090909090908
Loyalty,bulu mata lentik,0.0008441818181818182,-0.0008441818181818182
Loyalty,biar bulu mata,0.0008441818181818182,-0.0008441818181818182
Loyalty,skin prep kalian,0.0008515454545454545,-0.0008515454545454545
Loyalty,tiang pull up,0.0008739999999999999,-0.0008739999999999999
Loyalty,bikin kulit kering,0.000918,-0.000918
Loyalty,menurunkan berat badan,0.0009232727272727273,-0.0009232727272727273
Loyalty,mengawasi allah terima,0.0009242727272727274,-0.0009242727272727274
Loyalty,rasa lakukan adalah,0.0009242727272727274,-0.0009242727272727274
Loyalty,menyerahkan adalah mindset,0.0009242727272727274,-0.0009242727272727274
Loyalty,mindset rasa berbagi,0.0009242727272727274,-0.0009242727272727274
Loyalty,nia bilang sejati,0.0009242727272727274,-0.0009242727272727274
Loyalty,lakukan adalah membuat,0.0009242727272727274,-0.0009242727272727274
Loyalty,kejutan kejutan aktivitas,0.0009242727272727274,-0.0009242727272727274
Loyalty,kejutan kejutan kejutan,0.0009242727272727274,-0.0009242727272727274
Loyalty,sejati aktivitas besar,0.0009242727272727274,-0.0009242727272727274
Loyalty,sebenarnya barokah aktivitas,0.0009242727272727274,-0.0009242727272727274
Loyalty,faat stay hard,0.0009455454545454546,-0.0009455454545454546
Loyalty,jakarta tahun 2025,0.0009813636363636363,-0.0009813636363636363
Loyalty,provinsi kaya jakarta,0.0009927272727272727,-0.0009927272727272727
Loyalty,jalan jalan jalan,0.0009935454545454544,-0.0009935454545454544
Loyalty,tahan 2 3,0.0009952727272727272,-0.0009952727272727272
Loyalty,meraih medali emas,0.0010266363636363635,-0.0010266363636363635
Loyalty,badan masa otot,0.001052,-0.001052
Loyalty,by the way,0.0010812727272727274,-0.0010812727272727274
Loyalty,pertama kali nyobain,0.0010840909090909091,-0.0010840909090909091
Loyalty,gini 8 12,0.0011408181818181819,-0.0011408181818181819
Loyalty,paling penting adalah,0.0011732727272727274,-0.0011732727272727274
Loyalty,s go pertama,0.0011884545454545455,-0.0011884545454545455
Loyalty,semangat stay hard,0.0011884545454545455,-0.0011884545454545455
Loyalty,sampai kira kira,0.0011884545454545455,-0.0011884545454545455
Loyalty,nama baik jakarta,0.0011951818181818183,-0.0011951818181818183
Loyalty,mother of pearl,0.0012,-0.0012
Loyalty,kehidupan sehari hari,0.001203,-0.001203
Loyalty,ikan koi ikan,0.001203,-0.001203
Loyalty,is my favorite,0.001208090909090909,-0.001208090909090909
Loyalty,you so much,0.001208090909090909,-0.001208090909090909
Loyalty,s super comfortable,0.001208090909090909,-0.001208090909090909
Loyalty,check that out,0.001208090909090909,-0.001208090909090909
Loyalty,it s super,0.001208090909090909,-0.001208090909090909
Loyalty,to get this,0.001208090909090909,-0.001208090909090909
Loyalty,sampai jam 6,0.0012310909090909091,-0.0012310909090909091
Loyalty,satu studi terbaru,0.001241,-0.001241
Loyalty,semua penyakit metabolik,0.001241,-0.001241
Loyalty,beberapa minggu lalu,0.0012771818181818181,-0.0012771818181818181
Loyalty,move your hustle,0.001299,-0.001299
Loyalty,ivan gunawan deluxe,0.0013140909090909093,-0.0013140909090909093
Loyalty,my god suka,0.0013287272727272729,-0.0013287272727272729
Loyalty,gini makanya gemes,0.0013287272727272729,-0.0013287272727272729
Loyalty,blush on bibir,0.0013287272727272729,-0.0013287272727272729
Loyalty,bagus oh my,0.0013287272727272729,-0.0013287272727272729
Loyalty,blush on lipstick,0.0013287272727272729,-0.0013287272727272729
Loyalty,multitasking color crayon,0.0013287272727272729,-0.0013287272727272729
Loyalty,salah satu bentuk,0.0013667272727272727,-0.0013667272727272727
Loyalty,anak anak mungkin,0.0013667272727272727,-0.0013667272727272727
Loyalty,wireless charging 50w,0.001398090909090909,-0.001398090909090909
Loyalty,i love you,0.0014094545454545456,-0.0014094545454545456
Loyalty,jakarta x beauty,0.0014265454545454546,-0.0014265454545454546
Loyalty,plug in hybrid,0.0014265454545454546,-0.0014265454545454546
Loyalty,terima kasih pak,0.0014558181818181818,-0.0014558181818181818
Loyalty,g3 plus mobil,0.0014609999999999998,-0.0014609999999999998
Loyalty,mulai 299 juta,0.0014609999999999998,-0.0014609999999999998
Loyalty,perjalanan jauh menggunakan,0.0014609999999999998,-0.0014609999999999998
Loyalty,langsung coba langsung,0.0014609999999999998,-0.0014609999999999998
Loyalty,teman teman baru,0.0014609999999999998,-0.0014609999999999998
Loyalty,one of my,0.0014609999999999998,-0.0014609999999999998
Loyalty,set set set,0.0014946363636363633,-0.0014946363636363633
Loyalty,bener bener bikin,0.0014946363636363633,-0.0014946363636363633
Loyalty,tau salah satu,0.0015515454545454545,-0.0015515454545454545
Loyalty,menang sukses jakarta,0.001583818181818182,-0.001583818181818182
Loyalty,jakarta menang sukses,0.001583818181818182,-0.001583818181818182
Loyalty,tekanan darah tinggi,0.001585090909090909,-0.001585090909090909
Loyalty,salah satu faktor,0.001585090909090909,-0.001585090909090909
Loyalty,let s go,0.0016104545454545456,-0.0016104545454545456
Loyalty,sebagai salah satu,0.001660818181818182,-0.001660818181818182
Loyalty,coba komen bawah,0.0016672727272727275,-0.0016672727272727275
Loyalty,rasa berbagi jika,0.0016765454545454546,-0.0016765454545454546
Loyalty,waktu menyerahkan adalah,0.0016765454545454546,-0.0016765454545454546
Loyalty,revaluasi mindset rasa,0.0016765454545454546,-0.0016765454545454546
Loyalty,rasa membantu revaluasi,0.0016765454545454546,-0.0016765454545454546
Loyalty,jangan sampai kelewatan,0.0020660909090909093,-0.0020660909090909093
Loyalty,test drive mobil,0.0020660909090909093,-0.0020660909090909093
Loyalty,depan salah satu,0.0020660909090909093,-0.0020660909090909093
Loyalty,something calm down,0.002180090909090909,-0.002180090909090909
Loyalty,misalnya water misalnya,0.002180090909090909,-0.002180090909090909
Loyalty,speed 1 2,0.002183818181818182,-0.002183818181818182
Loyalty,kasih kerana menonton,0.002195181818181818,-0.002195181818181818
Loyalty,terima kasih kerana,0.002195181818181818,-0.002195181818181818
Loyalty,jakarta datang jakarta,0.002238363636363637,-0.002238363636363637
Loyalty,sedikit tips kalian,0.0022416363636363636,-0.0022416363636363636
Loyalty,harganya murah meriah,0.002295818181818182,-0.002295818181818182
Loyalty,segi harga punya,0.002295818181818182,-0.002295818181818182
Loyalty,sukses jakarta indonesia,0.0023467272727272725,-0.0023467272727272725
Loyalty,terlalu lebar gini,0.0023487272727272727,-0.0023487272727272727
Loyalty,membawa nama baik,0.002388090909090909,-0.002388090909090909
Loyalty,gini gini gini,0.0024546363636363637,-0.0024546363636363637
Loyalty,datang jakarta menang,0.002473454545454545,-0.002473454545454545
Loyalty,3 2 1,0.0026146363636363637,-0.0026146363636363637
Loyalty,eyeshadow blush on,0.0026574545454545457,-0.0026574545454545457
Loyalty,menghasilkan atlet atlet,0.0026649090909090906,-0.0026649090909090906
Loyalty,2025 terima kasih,0.002885090909090909,-0.002885090909090909
Loyalty,oke terima kasih,0.0028913636363636364,-0.0028913636363636364
Loyalty,kasih lihat kalian,0.0029665454545454548,-0.0029665454545454548
Loyalty,1 2 3,0.003034818181818182,-0.003034818181818182
Loyalty,melihat teman teman,0.003165,-0.003165
Loyalty,kaya kaya kaya,0.003171727272727273,-0.003171727272727273
Loyalty,mencari kecil sebenarnya,0.003234818181818182,-0.003234818181818182
Loyalty,membuat waktu menyerahkan,0.003234818181818182,-0.003234818181818182
Loyalty,mindset apabila memiliki,0.003234818181818182,-0.003234818181818182
Loyalty,mindset benar teruskan,0.003234818181818182,-0.003234818181818182
Loyalty,membantu revaluasi mindset,0.003234818181818182,-0.003234818181818182
Loyalty,teruskan dr nia,0.003234818181818182,-0.003234818181818182
Loyalty,mindset benar kejutan,0.003234818181818182,-0.003234818181818182
Loyalty,sampai berapa kali,0.003246727272727273,-0.003246727272727273
Loyalty,memang luar biasa,0.003246727272727273,-0.003246727272727273
Loyalty,latihan beban menjadi,0.003246727272727273,-0.003246727272727273
Loyalty,semua masyarakat indonesia,0.003246727272727273,-0.003246727272727273
Loyalty,panggil timur inspeksi,0.0032803636363636364,-0.0032803636363636364
Loyalty,gini kira kira,0.0032803636363636364,-0.0032803636363636364
Loyalty,inspeksi menyeluruh plus,0.0032803636363636364,-0.0032803636363636364
Loyalty,tanda tanda penuaan,0.0034265454545454547,-0.0034265454545454547
Loyalty,sebelah sini lihat,0.0034265454545454547,-0.0034265454545454547
Loyalty,i really really,0.0035383636363636364,-0.0035383636363636364
Loyalty,selesai make upan,0.003674454545454545,-0.003674454545454545
Loyalty,and i m,0.003674454545454545,-0.003674454545454545
Loyalty,really like this,0.003674454545454545,-0.003674454545454545
Loyalty,coverage berasa berat,0.003674454545454545,-0.003674454545454545
Loyalty,that s it,0.0038362727272727272,-0.0038362727272727272
Loyalty,really really like,0.003849909090909091,-0.003849909090909091
Loyalty,finishnya velvet matte,0.003849909090909091,-0.003849909090909091
Loyalty,berasa berat so,0.003849909090909091,-0.003849909090909091
Loyalty,telling you this,0.003849909090909091,-0.003849909090909091
Loyalty,m telling you,0.003849909090909091,-0.003849909090909091
Loyalty,tanpa berasa berat,0.003849909090909091,-0.003849909090909091
Loyalty,hai guys kali,0.004017636363636363,-0.004017636363636363
Loyalty,setelah cek ternyata,0.004017636363636363,-0.004017636363636363
Loyalty,kena serangan jantung,0.0041428181818181815,-0.0041428181818181815
Loyalty,share kolom komentar,0.004285454545454545,-0.004285454545454545
Loyalty,satu sisi tubuh,0.004285454545454545,-0.004285454545454545
Loyalty,pagi sore hari,0.004285454545454545,-0.004285454545454545
Loyalty,salah satu sisi,0.004285454545454545,-0.004285454545454545
Loyalty,skin barrier rusak,0.004360181818181818,-0.004360181818181818
Loyalty,i m telling,0.005058,-0.005058
Loyalty,nah menurut kalian,0.0053128181818181824,-0.0053128181818181824
Loyalty,s so good,0.005468999999999999,-0.005468999999999999
Loyalty,it it s,0.005468999999999999,-0.005468999999999999
Loyalty,pas pertama kali,0.005730181818181818,-0.005730181818181818
Loyalty,pokoknya bener bener,0.005730181818181818,-0.005730181818181818
Loyalty,jalan jalan gias,0.006060636363636364,-0.006060636363636364
Loyalty,sel kulit mati,0.006060636363636364,-0.006060636363636364
Loyalty,masalah hari masalah,0.006493545454545455,-0.006493545454545455
Loyalty,salah satu paling,0.006917727272727273,-0.006917727272727273
Loyalty,pas tengah tengah,0.007699909090909091,-0.007699909090909091
Loyalty,oh my god,0.008306272727272728,-0.008306272727272728
Loyalty,memiliki mindset benar,0.008973363636363637,-0.008973363636363637
Loyalty,malam hari cari,0.009307363636363636,-0.009307363636363636
Loyalty,you need to,0.010461,-0.010461
Loyalty,klik follow save,0.010713727272727272,-0.010713727272727272
Loyalty,need to notice,0.010960636363636362,-0.010960636363636362
Loyalty,sekolah les bermain,0.011363636363636362,-0.011363636363636362
Loyalty,saham naik turun,0.01212118181818182,-0.01212118181818182
Loyalty,it s so,0.01246,-0.01246
Loyalty,follow save video,0.016395545454545454,-0.016395545454545454
Loyalty,john glory glory,0.18181818181818182,-0.18181818181818182
Neutral,need to notice,0.0,0.120567
Neutral,klik follow save,0.0,0.117851
Neutral,you need to,0.0,0.115071
Neutral,follow save video,0.005681818181818182,0.11216918181818182
Neutral,it s so,0.0022581818181818185,0.10996181818181819
Neutral,pas tengah tengah,0.0,0.084699
Neutral,pokoknya bener bener,0.0,0.063032
Neutral,pas pertama kali,0.0,0.063032
Neutral,it it s,0.0,0.060159
Neutral,s so good,0.0,0.060159
Neutral,memiliki mindset benar,0.004352181818181818,0.046480818181818186
Neutral,m telling you,0.0,0.042349
Neutral,finishnya velvet matte,0.0,0.042349
Neutral,berasa berat so,0.0,0.042349
Neutral,really really like,0.0,0.042349
Neutral,tanpa berasa berat,0.0,0.042349
Neutral,telling you this,0.0,0.042349
Neutral,i m telling,0.0012080909090909093,0.04114090909090909
Neutral,coverage berasa berat,0.0,0.040419
Neutral,selesai make upan,0.0,0.040419
Neutral,and i m,0.0,0.040419
Neutral,really like this,0.0,0.040419
Neutral,i really really,0.0,0.038922
Neutral,membantu revaluasi mindset,0.0009242727272727274,0.024491727272727273
Neutral,mindset apabila memiliki,0.0009242727272727274,0.024491727272727273
Neutral,mindset benar kejutan,0.0009242727272727274,0.024491727272727273
Neutral,mencari kecil sebenarnya,0.0009242727272727274,0.024491727272727273
Neutral,membuat waktu menyerahkan,0.0009242727272727274,0.024491727272727273
Neutral,mindset benar teruskan,0.0009242727272727274,0.024491727272727273
Neutral,teruskan dr nia,0.0009242727272727274,0.024491727272727273
Neutral,punya bekas jerawat,0.0005095454545454545,-0.0005095454545454545
Neutral,harga 3 jutaan,0.0005153636363636364,-0.0005153636363636364
Neutral,salah satunya adalah,0.0005215454545454545,-0.0005215454545454545
Neutral,buang air besar,0.0005601818181818182,-0.0005601818181818182
Neutral,carbon fiber carbon,0.0005601818181818182,-0.0005601818181818182
Neutral,s go langsung,0.0005665454545454546,-0.0005665454545454546
Neutral,8gb storage 256gb,0.0005695454545454545,-0.0005695454545454545
Neutral,suv leather frame,0.0005755454545454546,-0.0005755454545454546
Neutral,indo by broth3rmax,0.0005779090909090908,-0.0005779090909090908
Neutral,sub indo by,0.0005779090909090908,-0.0005779090909090908
Neutral,nah kira kira,0.0005805454545454546,-0.0005805454545454546
Neutral,adaptive cruise control,0.0005954545454545455,-0.0005954545454545455
Neutral,bulu mata bawahnya,0.0005966363636363636,-0.0005966363636363636
Neutral,oh om om,0.0006061818181818182,-0.0006061818181818182
Neutral,paling tipis dunia,0.0006061818181818182,-0.0006061818181818182
Neutral,1500 cc turbo,0.0006165454545454546,-0.0006165454545454546
Neutral,adalah salah satu,0.0006967272727272728,-0.0006967272727272728
Neutral,banyak sekolah sekolah,0.0007101818181818182,-0.0007101818181818182
Neutral,nah makanya biar,0.0007101818181818182,-0.0007101818181818182
Neutral,i don t,0.000726,-0.000726
Neutral,benar kejutan kejutan,0.0007522727272727272,-0.0007522727272727272
Neutral,adalah mindset apabila,0.0007522727272727272,-0.0007522727272727272
Neutral,adalah membuat waktu,0.0007522727272727272,-0.0007522727272727272
Neutral,benar teruskan dr,0.0007522727272727272,-0.0007522727272727272
Neutral,auto apple carplay,0.000756909090909091,-0.000756909090909091
Neutral,android auto apple,0.000756909090909091,-0.000756909090909091
Neutral,mantap terima kasih,0.0007631818181818181,-0.0007631818181818181
Neutral,selama 3 hari,0.0007724545454545454,-0.0007724545454545454
Neutral,satu per satu,0.0007872727272727272,-0.0007872727272727272
Neutral,km per liter,0.000802090909090909,-0.000802090909090909
Neutral,share satu studi,0.0008140909090909091,-0.0008140909090909091
Neutral,8 12 kali,0.0008142727272727273,-0.0008142727272727273
Neutral,32gb storage 1tb,0.000819,-0.000819
Neutral,android 15 fitur,0.000819,-0.000819
Neutral,atlet atlet terbaik,0.000819,-0.000819
Neutral,benar benar suka,0.000819,-0.000819
Neutral,jangan lupa follow,0.000819,-0.000819
Neutral,mobil kilometer rendah,0.000819,-0.000819
Neutral,mengatasi masalah jerawat,0.000819,-0.000819
Neutral,punya 2 warna,0.000819,-0.000819
Neutral,pola hidup sehat,0.000819,-0.000819
Neutral,temen temen lihat,0.000819,-0.000819
Neutral,worth it kalian,0.000819,-0.000819
Neutral,menjaga skin barrier,0.000819,-0.000819
Neutral,menang semua senang,0.000819,-0.000819
Neutral,bahu bagian belakang,0.0008319090909090908,-0.0008319090909090908
Neutral,biar bulu mata,0.0008441818181818182,-0.0008441818181818182
Neutral,bulu mata lentik,0.0008441818181818182,-0.0008441818181818182
Neutral,skin prep kalian,0.0008515454545454545,-0.0008515454545454545
Neutral,tiang pull up,0.0008739999999999999,-0.0008739999999999999
Neutral,bikin kulit kering,0.000918,-0.000918
Neutral,menurunkan berat badan,0.0009232727272727273,-0.0009232727272727273
Neutral,kejutan kejutan aktivitas,0.0009242727272727274,-0.0009242727272727274
Neutral,rasa lakukan adalah,0.0009242727272727274,-0.0009242727272727274
Neutral,menyerahkan adalah mindset,0.0009242727272727274,-0.0009242727272727274
Neutral,mengawasi allah terima,0.0009242727272727274,-0.0009242727272727274
Neutral,lakukan adalah membuat,0.0009242727272727274,-0.0009242727272727274
Neutral,mindset rasa berbagi,0.0009242727272727274,-0.0009242727272727274
Neutral,sebenarnya barokah aktivitas,0.0009242727272727274,-0.0009242727272727274
Neutral,sejati aktivitas besar,0.0009242727272727274,-0.0009242727272727274
Neutral,nia bilang sejati,0.0009242727272727274,-0.0009242727272727274
Neutral,kejutan kejutan kejutan,0.0009242727272727274,-0.0009242727272727274
Neutral,faat stay hard,0.0009455454545454546,-0.0009455454545454546
Neutral,jakarta tahun 2025,0.0009813636363636363,-0.0009813636363636363
Neutral,provinsi kaya jakarta,0.0009927272727272727,-0.0009927272727272727
Neutral,jalan jalan jalan,0.0009935454545454544,-0.0009935454545454544
Neutral,tahan 2 3,0.0009952727272727272,-0.0009952727272727272
Neutral,meraih medali emas,0.0010266363636363635,-0.0010266363636363635
Neutral,badan masa otot,0.001052,-0.001052
Neutral,by the way,0.0010812727272727274,-0.0010812727272727274
Neutral,pertama kali nyobain,0.0010840909090909091,-0.0010840909090909091
Neutral,gini 8 12,0.0011408181818181819,-0.0011408181818181819
Neutral,paling penting adalah,0.0011732727272727274,-0.0011732727272727274
Neutral,semangat stay hard,0.0011884545454545455,-0.0011884545454545455
Neutral,s go pertama,0.0011884545454545455,-0.0011884545454545455
Neutral,sampai kira kira,0.0011884545454545455,-0.0011884545454545455
Neutral,nama baik jakarta,0.0011951818181818183,-0.0011951818181818183
Neutral,mother of pearl,0.0012,-0.0012
Neutral,ikan koi ikan,0.001203,-0.001203
Neutral,kehidupan sehari hari,0.001203,-0.001203
Neutral,is my favorite,0.001208090909090909,-0.001208090909090909
Neutral,to get this,0.001208090909090909,-0.001208090909090909
Neutral,you so much,0.001208090909090909,-0.001208090909090909
Neutral,check that out,0.001208090909090909,-0.001208090909090909
Neutral,s super comfortable,0.001208090909090909,-0.001208090909090909
Neutral,it s super,0.001208090909090909,-0.001208090909090909
Neutral,sampai jam 6,0.0012310909090909091,-0.0012310909090909091
Neutral,satu studi terbaru,0.001241,-0.001241
Neutral,semua penyakit metabolik,0.001241,-0.001241
Neutral,beberapa minggu lalu,0.0012771818181818181,-0.0012771818181818181
Neutral,move your hustle,0.001299,-0.001299
Neutral,ivan gunawan deluxe,0.001314090909090909,-0.001314090909090909
Neutral,my god suka,0.0013287272727272729,-0.0013287272727272729
Neutral,blush on lipstick,0.0013287272727272729,-0.0013287272727272729
Neutral,blush on bibir,0.0013287272727272729,-0.0013287272727272729
Neutral,gini makanya gemes,0.0013287272727272729,-0.0013287272727272729
Neutral,bagus oh my,0.0013287272727272729,-0.0013287272727272729
Neutral,multitasking color crayon,0.0013287272727272729,-0.0013287272727272729
Neutral,salah satu bentuk,0.0013667272727272727,-0.0013667272727272727
Neutral,anak anak mungkin,0.0013667272727272727,-0.0013667272727272727
Neutral,wireless charging 50w,0.001398090909090909,-0.001398090909090909
Neutral,i love you,0.0014094545454545456,-0.0014094545454545456
Neutral,jakarta x beauty,0.0014265454545454546,-0.0014265454545454546
Neutral,plug in hybrid,0.0014265454545454546,-0.0014265454545454546
Neutral,terima kasih pak,0.0014558181818181818,-0.0014558181818181818
Neutral,langsung coba langsung,0.0014609999999999998,-0.0014609999999999998
Neutral,teman teman baru,0.0014609999999999998,-0.0014609999999999998
Neutral,one of my,0.0014609999999999998,-0.0014609999999999998
Neutral,g3 plus mobil,0.0014609999999999998,-0.0014609999999999998
Neutral,mulai 299 juta,0.0014609999999999998,-0.0014609999999999998
Neutral,perjalanan jauh menggunakan,0.0014609999999999998,-0.0014609999999999998
Neutral,bener bener bikin,0.0014946363636363638,-0.0014946363636363638
Neutral,set set set,0.0014946363636363638,-0.0014946363636363638
Neutral,tau salah satu,0.0015515454545454545,-0.0015515454545454545
Neutral,jakarta menang sukses,0.001583818181818182,-0.001583818181818182
Neutral,menang sukses jakarta,0.001583818181818182,-0.001583818181818182
Neutral,salah satu faktor,0.001585090909090909,-0.001585090909090909
Neutral,tekanan darah tinggi,0.001585090909090909,-0.001585090909090909
Neutral,let s go,0.0016104545454545456,-0.0016104545454545456
Neutral,sebagai salah satu,0.001660818181818182,-0.001660818181818182
Neutral,coba komen bawah,0.0016672727272727275,-0.0016672727272727275
Neutral,revaluasi mindset rasa,0.0016765454545454546,-0.0016765454545454546
Neutral,rasa membantu revaluasi,0.0016765454545454546,-0.0016765454545454546
Neutral,rasa berbagi jika,0.0016765454545454546,-0.0016765454545454546
Neutral,waktu menyerahkan adalah,0.0016765454545454546,-0.0016765454545454546
Neutral,test drive mobil,0.0020660909090909093,-0.0020660909090909093
Neutral,jangan sampai kelewatan,0.0020660909090909093,-0.0020660909090909093
Neutral,depan salah satu,0.0020660909090909093,-0.0020660909090909093
Neutral,misalnya water misalnya,0.002180090909090909,-0.002180090909090909
Neutral,something calm down,0.002180090909090909,-0.002180090909090909
Neutral,speed 1 2,0.002183818181818182,-0.002183818181818182
Neutral,terima kasih kerana,0.002195181818181818,-0.002195181818181818
Neutral,kasih kerana menonton,0.002195181818181818,-0.002195181818181818
Neutral,jakarta datang jakarta,0.0022383636363636364,-0.0022383636363636364
Neutral,sedikit tips kalian,0.0022416363636363636,-0.0022416363636363636
Neutral,segi harga punya,0.002295818181818182,-0.002295818181818182
Neutral,harganya murah meriah,0.002295818181818182,-0.002295818181818182
Neutral,sukses jakarta indonesia,0.0023467272727272725,-0.0023467272727272725
Neutral,terlalu lebar gini,0.0023487272727272727,-0.0023487272727272727
Neutral,membawa nama baik,0.002388090909090909,-0.002388090909090909
Neutral,gini gini gini,0.0024546363636363637,-0.0024546363636363637
Neutral,datang jakarta menang,0.0024734545454545456,-0.0024734545454545456
Neutral,3 2 1,0.0026146363636363637,-0.0026146363636363637
Neutral,eyeshadow blush on,0.0026574545454545457,-0.0026574545454545457
Neutral,menghasilkan atlet atlet,0.002664909090909091,-0.002664909090909091
Neutral,2025 terima kasih,0.002885090909090909,-0.002885090909090909
Neutral,oke terima kasih,0.0028913636363636364,-0.0028913636363636364
Neutral,kasih lihat kalian,0.0029665454545454548,-0.0029665454545454548
Neutral,1 2 3,0.003034818181818182,-0.003034818181818182
Neutral,melihat teman teman,0.003165,-0.003165
Neutral,kaya kaya kaya,0.003171727272727273,-0.003171727272727273
Neutral,sampai berapa kali,0.003246727272727273,-0.003246727272727273
Neutral,semua masyarakat indonesia,0.003246727272727273,-0.003246727272727273
Neutral,latihan beban menjadi,0.003246727272727273,-0.003246727272727273
Neutral,memang luar biasa,0.003246727272727273,-0.003246727272727273
Neutral,gini kira kira,0.0032803636363636364,-0.0032803636363636364
Neutral,inspeksi menyeluruh plus,0.0032803636363636364,-0.0032803636363636364
Neutral,panggil timur inspeksi,0.0032803636363636364,-0.0032803636363636364
Neutral,sebelah sini lihat,0.0034265454545454547,-0.0034265454545454547
Neutral,tanda tanda penuaan,0.0034265454545454547,-0.0034265454545454547
Neutral,that s it,0.0038362727272727272,-0.0038362727272727272
Neutral,hai guys kali,0.004017636363636363,-0.004017636363636363
Neutral,setelah cek ternyata,0.004017636363636363,-0.004017636363636363
Neutral,kena serangan jantung,0.0041428181818181815,-0.0041428181818181815
Neutral,share kolom komentar,0.004285454545454545,-0.004285454545454545
Neutral,pagi sore hari,0.004285454545454545,-0.004285454545454545
Neutral,salah satu sisi,0.004285454545454545,-0.004285454545454545
Neutral,satu sisi tubuh,0.004285454545454545,-0.004285454545454545
Neutral,skin barrier rusak,0.004360181818181818,-0.004360181818181818
Neutral,nah menurut kalian,0.0053128181818181824,-0.0053128181818181824
Neutral,sel kulit mati,0.006060636363636364,-0.006060636363636364
Neutral,jalan jalan gias,0.006060636363636364,-0.006060636363636364
Neutral,masalah hari masalah,0.006493545454545455,-0.006493545454545455
Neutral,salah satu paling,0.006917727272727273,-0.006917727272727273
Neutral,oh my god,0.008306272727272728,-0.008306272727272728
Neutral,malam hari cari,0.009307363636363636,-0.009307363636363636
Neutral,sekolah les bermain,0.011363636363636362,-0.011363636363636362
Neutral,saham naik turun,0.01212118181818182,-0.01212118181818182
Neutral,john glory glory,0.09090909090909091,-0.09090909090909091
Neutral,selama 3 tahun,0.12553236363636364,-0.12553236363636364
Neutral,circle to search,0.13152745454545453,-0.13152745454545453
Proud,wireless charging 50w,0.0,0.015379
Proud,move your hustle,0.0,0.014289
Proud,beberapa minggu lalu,0.0,0.014049
Proud,sampai jam 6,0.0,0.013542
Proud,pertama kali nyobain,0.0,0.011925
Proud,oh my god,0.006636272727272728,0.011733727272727274
Proud,badan masa otot,0.0,0.011572
Proud,meraih medali emas,0.0,0.011293
Proud,jalan jalan jalan,0.0,0.010929
Proud,skin prep kalian,0.0,0.009367
Proud,biar bulu mata,0.0,0.009286
Proud,bulu mata lentik,0.0,0.009286
Proud,bahu bagian belakang,0.0,0.009151
Proud,menjaga skin barrier,0.0,0.009009
Proud,benar benar suka,0.0,0.009009
Proud,atlet atlet terbaik,0.0,0.009009
Proud,jangan lupa follow,0.0,0.009009
Proud,32gb storage 1tb,0.0,0.009009
Proud,android 15 fitur,0.0,0.009009
Proud,worth it kalian,0.0,0.009009
Proud,mobil kilometer rendah,0.0,0.009009
Proud,menang semua senang,0.0,0.009009
Proud,temen temen lihat,0.0,0.009009
Proud,punya 2 warna,0.0,0.009009
Proud,mengatasi masalah jerawat,0.0,0.009009
Proud,pola hidup sehat,0.0,0.009009
Proud,sukses jakarta indonesia,0.0014367272727272727,0.008573272727272728
Proud,2025 terima kasih,0.0020660909090909093,0.00694290909090909
Proud,salah satu paling,0.006098727272727273,0.0029102727272727266
Proud,punya bekas jerawat,0.0005095454545454545,-0.0005095454545454545
Proud,harga 3 jutaan,0.0005153636363636364,-0.0005153636363636364
Proud,salah satunya adalah,0.0005215454545454545,-0.0005215454545454545
Proud,buang air besar,0.0005601818181818182,-0.0005601818181818182
Proud,carbon fiber carbon,0.0005601818181818182,-0.0005601818181818182
Proud,s go langsung,0.0005665454545454546,-0.0005665454545454546
Proud,8gb storage 256gb,0.0005695454545454545,-0.0005695454545454545
Proud,suv leather frame,0.0005755454545454546,-0.0005755454545454546
Proud,sub indo by,0.0005779090909090908,-0.0005779090909090908
Proud,indo by broth3rmax,0.0005779090909090908,-0.0005779090909090908
Proud,nah kira kira,0.0005805454545454546,-0.0005805454545454546
Proud,adaptive cruise control,0.0005954545454545455,-0.0005954545454545455
Proud,bulu mata bawahnya,0.0005966363636363636,-0.0005966363636363636
Proud,oh om om,0.0006061818181818182,-0.0006061818181818182
Proud,paling tipis dunia,0.0006061818181818182,-0.0006061818181818182
Proud,1500 cc turbo,0.0006165454545454546,-0.0006165454545454546
Proud,adalah salah satu,0.0006967272727272728,-0.0006967272727272728
Proud,banyak sekolah sekolah,0.0007101818181818182,-0.0007101818181818182
Proud,nah makanya biar,0.0007101818181818182,-0.0007101818181818182
Proud,i don t,0.000726,-0.000726
Proud,adalah mindset apabila,0.0007522727272727272,-0.0007522727272727272
Proud,adalah membuat waktu,0.0007522727272727272,-0.0007522727272727272
Proud,benar kejutan kejutan,0.0007522727272727272,-0.0007522727272727272
Proud,benar teruskan dr,0.0007522727272727272,-0.0007522727272727272
Proud,android auto apple,0.000756909090909091,-0.000756909090909091
Proud,auto apple carplay,0.000756909090909091,-0.000756909090909091
Proud,mantap terima kasih,0.0007631818181818181,-0.0007631818181818181
Proud,selama 3 hari,0.0007724545454545454,-0.0007724545454545454
Proud,satu per satu,0.0007872727272727272,-0.0007872727272727272
Proud,km per liter,0.000802090909090909,-0.000802090909090909
Proud,share satu studi,0.0008140909090909091,-0.0008140909090909091
Proud,8 12 kali,0.0008142727272727273,-0.0008142727272727273
Proud,tiang pull up,0.0008739999999999999,-0.0008739999999999999
Proud,bikin kulit kering,0.000918,-0.000918
Proud,menurunkan berat badan,0.0009232727272727273,-0.0009232727272727273
Proud,kejutan kejutan kejutan,0.0009242727272727274,-0.0009242727272727274
Proud,sejati aktivitas besar,0.0009242727272727274,-0.0009242727272727274
Proud,kejutan kejutan aktivitas,0.0009242727272727274,-0.0009242727272727274
Proud,lakukan adalah membuat,0.0009242727272727274,-0.0009242727272727274
Proud,mindset rasa berbagi,0.0009242727272727274,-0.0009242727272727274
Proud,rasa lakukan adalah,0.0009242727272727274,-0.0009242727272727274
Proud,nia bilang sejati,0.0009242727272727274,-0.0009242727272727274
Proud,menyerahkan adalah mindset,0.0009242727272727274,-0.0009242727272727274
Proud,mengawasi allah terima,0.0009242727272727274,-0.0009242727272727274
Proud,sebenarnya barokah aktivitas,0.0009242727272727274,-0.0009242727272727274
Proud,faat stay hard,0.0009455454545454546,-0.0009455454545454546
Proud,jakarta tahun 2025,0.0009813636363636363,-0.0009813636363636363
Proud,provinsi kaya jakarta,0.0009927272727272727,-0.0009927272727272727
Proud,tahan 2 3,0.0009952727272727272,-0.0009952727272727272
Proud,by the way,0.0010812727272727274,-0.0010812727272727274
Proud,gini 8 12,0.0011408181818181819,-0.0011408181818181819
Proud,paling penting adalah,0.0011732727272727274,-0.0011732727272727274
Proud,semangat stay hard,0.0011884545454545455,-0.0011884545454545455
Proud,s go pertama,0.0011884545454545455,-0.0011884545454545455
Proud,sampai kira kira,0.0011884545454545455,-0.0011884545454545455
Proud,nama baik jakarta,0.0011951818181818183,-0.0011951818181818183
Proud,mother of pearl,0.0012,-0.0012
Proud,ikan koi ikan,0.001203,-0.001203
Proud,kehidupan sehari hari,0.001203,-0.001203
Proud,s super comfortable,0.001208090909090909,-0.001208090909090909
Proud,you so much,0.001208090909090909,-0.001208090909090909
Proud,to get this,0.001208090909090909,-0.001208090909090909
Proud,is my favorite,0.001208090909090909,-0.001208090909090909
Proud,check that out,0.001208090909090909,-0.001208090909090909
Proud,it s super,0.001208090909090909,-0.001208090909090909
Proud,satu studi terbaru,0.001241,-0.001241
Proud,semua penyakit metabolik,0.001241,-0.001241
Proud,ivan gunawan deluxe,0.001314090909090909,-0.001314090909090909
Proud,gini makanya gemes,0.0013287272727272729,-0.0013287272727272729
Proud,bagus oh my,0.0013287272727272729,-0.0013287272727272729
Proud,blush on lipstick,0.0013287272727272729,-0.0013287272727272729
Proud,blush on bibir,0.0013287272727272729,-0.0013287272727272729
Proud,my god suka,0.0013287272727272729,-0.0013287272727272729
Proud,multitasking color crayon,0.0013287272727272729,-0.0013287272727272729
Proud,salah satu bentuk,0.0013667272727272727,-0.0013667272727272727
Proud,anak anak mungkin,0.0013667272727272727,-0.0013667272727272727
Proud,i love you,0.0014094545454545456,-0.0014094545454545456
Proud,jakarta x beauty,0.0014265454545454546,-0.0014265454545454546
Proud,plug in hybrid,0.0014265454545454546,-0.0014265454545454546
Proud,terima kasih pak,0.0014558181818181818,-0.0014558181818181818
Proud,g3 plus mobil,0.0014609999999999998,-0.0014609999999999998
Proud,teman teman baru,0.0014609999999999998,-0.0014609999999999998
Proud,mulai 299 juta,0.0014609999999999998,-0.0014609999999999998
Proud,one of my,0.0014609999999999998,-0.0014609999999999998
Proud,perjalanan jauh menggunakan,0.0014609999999999998,-0.0014609999999999998
Proud,langsung coba langsung,0.0014609999999999998,-0.0014609999999999998
Proud,set set set,0.0014946363636363638,-0.0014946363636363638
Proud,bener bener bikin,0.0014946363636363638,-0.0014946363636363638
Proud,tau salah satu,0.0015515454545454545,-0.0015515454545454545
Proud,menang sukses jakarta,0.001583818181818182,-0.001583818181818182
Proud,jakarta menang sukses,0.001583818181818182,-0.001583818181818182
Proud,salah satu faktor,0.001585090909090909,-0.001585090909090909
Proud,tekanan darah tinggi,0.001585090909090909,-0.001585090909090909
Proud,memiliki mindset benar,0.012595363636363637,-0.0016043636363636364
Proud,let s go,0.0016104545454545456,-0.0016104545454545456
Proud,sebagai salah satu,0.001660818181818182,-0.001660818181818182
Proud,coba komen bawah,0.0016672727272727275,-0.0016672727272727275
Proud,rasa berbagi jika,0.0016765454545454546,-0.0016765454545454546
Proud,revaluasi mindset rasa,0.0016765454545454546,-0.0016765454545454546
Proud,rasa membantu revaluasi,0.0016765454545454546,-0.0016765454545454546
Proud,waktu menyerahkan adalah,0.0016765454545454546,-0.0016765454545454546
Proud,test drive mobil,0.0020660909090909093,-0.0020660909090909093
Proud,jangan sampai kelewatan,0.0020660909090909093,-0.0020660909090909093
Proud,depan salah satu,0.0020660909090909093,-0.0020660909090909093
Proud,misalnya water misalnya,0.002180090909090909,-0.002180090909090909
Proud,something calm down,0.002180090909090909,-0.002180090909090909
Proud,speed 1 2,0.002183818181818182,-0.002183818181818182
Proud,terima kasih kerana,0.002195181818181818,-0.002195181818181818
Proud,kasih kerana menonton,0.002195181818181818,-0.002195181818181818
Proud,jakarta datang jakarta,0.0022383636363636364,-0.0022383636363636364
Proud,sedikit tips kalian,0.0022416363636363636,-0.0022416363636363636
Proud,harganya murah meriah,0.002295818181818182,-0.002295818181818182
Proud,segi harga punya,0.002295818181818182,-0.002295818181818182
Proud,terlalu lebar gini,0.0023487272727272727,-0.0023487272727272727
Proud,membawa nama baik,0.002388090909090909,-0.002388090909090909
Proud,gini gini gini,0.0024546363636363637,-0.0024546363636363637
Proud,datang jakarta menang,0.0024734545454545456,-0.0024734545454545456
Proud,3 2 1,0.0026146363636363637,-0.0026146363636363637
Proud,eyeshadow blush on,0.0026574545454545457,-0.0026574545454545457
Proud,menghasilkan atlet atlet,0.002664909090909091,-0.002664909090909091
Proud,oke terima kasih,0.0028913636363636364,-0.0028913636363636364
Proud,kasih lihat kalian,0.0029665454545454548,-0.0029665454545454548
Proud,1 2 3,0.003034818181818182,-0.003034818181818182
Proud,melihat teman teman,0.003165,-0.003165
Proud,kaya kaya kaya,0.003171727272727273,-0.003171727272727273
Proud,semua masyarakat indonesia,0.003246727272727273,-0.003246727272727273
Proud,memang luar biasa,0.003246727272727273,-0.003246727272727273
Proud,latihan beban menjadi,0.003246727272727273,-0.003246727272727273
Proud,sampai berapa kali,0.003246727272727273,-0.003246727272727273
Proud,inspeksi menyeluruh plus,0.0032803636363636364,-0.0032803636363636364
Proud,panggil timur inspeksi,0.0032803636363636364,-0.0032803636363636364
Proud,gini kira kira,0.0032803636363636364,-0.0032803636363636364
Proud,tanda tanda penuaan,0.0034265454545454547,-0.0034265454545454547
Proud,sebelah sini lihat,0.0034265454545454547,-0.0034265454545454547
Proud,that s it,0.0038362727272727272,-0.0038362727272727272
Proud,setelah cek ternyata,0.004017636363636363,-0.004017636363636363
Proud,hai guys kali,0.004017636363636363,-0.004017636363636363
Proud,kena serangan jantung,0.0041428181818181815,-0.0041428181818181815
Proud,pagi sore hari,0.004285454545454545,-0.004285454545454545
Proud,salah satu sisi,0.004285454545454545,-0.004285454545454545
Proud,share kolom komentar,0.004285454545454545,-0.004285454545454545
Proud,satu sisi tubuh,0.004285454545454545,-0.004285454545454545
Proud,skin barrier rusak,0.004360181818181818,-0.004360181818181818
Proud,nah menurut kalian,0.0053128181818181824,-0.0053128181818181824
Proud,mencari kecil sebenarnya,0.0055453636363636365,-0.0055453636363636365
Proud,membuat waktu menyerahkan,0.0055453636363636365,-0.0055453636363636365
Proud,mindset benar kejutan,0.0055453636363636365,-0.0055453636363636365
Proud,mindset benar teruskan,0.0055453636363636365,-0.0055453636363636365
Proud,mindset apabila memiliki,0.0055453636363636365,-0.0055453636363636365
Proud,teruskan dr nia,0.0055453636363636365,-0.0055453636363636365
Proud,membantu revaluasi mindset,0.0055453636363636365,-0.0055453636363636365
Proud,jalan jalan gias,0.006060636363636364,-0.006060636363636364
Proud,sel kulit mati,0.006060636363636364,-0.006060636363636364
Proud,masalah hari masalah,0.006493545454545455,-0.006493545454545455
Proud,i really really,0.007076727272727273,-0.007076727272727273
Proud,really like this,0.00734890909090909,-0.00734890909090909
Proud,and i m,0.00734890909090909,-0.00734890909090909
Proud,selesai make upan,0.00734890909090909,-0.00734890909090909
Proud,coverage berasa berat,0.00734890909090909,-0.00734890909090909
Proud,berasa berat so,0.007699818181818182,-0.007699818181818182
Proud,really really like,0.007699818181818182,-0.007699818181818182
Proud,tanpa berasa berat,0.007699818181818182,-0.007699818181818182
Proud,telling you this,0.007699818181818182,-0.007699818181818182
Proud,m telling you,0.007699818181818182,-0.007699818181818182
Proud,finishnya velvet matte,0.007699818181818182,-0.007699818181818182
Proud,i m telling,0.00890790909090909,-0.00890790909090909
Proud,malam hari cari,0.009307363636363636,-0.009307363636363636
Proud,it it s,0.010938,-0.010938
Proud,s so good,0.010938,-0.010938
Proud,sekolah les bermain,0.011363636363636362,-0.011363636363636362
Proud,pas pertama kali,0.011460363636363637,-0.011460363636363637
Proud,pokoknya bener bener,0.011460363636363637,-0.011460363636363637
Proud,saham naik turun,0.01212118181818182,-0.01212118181818182
Proud,pas tengah tengah,0.015399818181818181,-0.015399818181818181
Proud,you need to,0.020922,-0.020922
Proud,klik follow save,0.021427454545454545,-0.021427454545454545
Proud,need to notice,0.021921272727272727,-0.021921272727272727
Proud,it s so,0.022661818181818186,-0.022661818181818186
Proud,follow save video,0.027109272727272725,-0.027109272727272725
Proud,selama 3 tahun,0.06276618181818182,-0.06276618181818182
Proud,circle to search,0.06576372727272727,-0.06576372727272727
Proud,john glory glory,0.0909090909090909,-0.0909090909090909
Sad,sekolah les bermain,0.0,0.125
Sad,follow save video,0.01071372727272727,0.05178627272727273
Sad,skin barrier rusak,0.0,0.047962
Sad,hai guys kali,0.0,0.044194
Sad,setelah cek ternyata,0.0,0.044194
Sad,sebelah sini lihat,0.0,0.037692
Sad,tanda tanda penuaan,0.0,0.037692
Sad,gini kira kira,0.0,0.036084
Sad,inspeksi menyeluruh plus,0.0,0.036084
Sad,panggil timur inspeksi,0.0,0.036084
Sad,oh my god,0.0063391818181818185,0.03366881818181818
Sad,kasih lihat kalian,0.0,0.032632
Sad,that s it,0.0008201818181818184,0.03235681818181818
Sad,eyeshadow blush on,0.0,0.029232
Sad,misalnya water misalnya,0.0,0.023981
Sad,something calm down,0.0,0.023981
Sad,it s so,0.010201818181818182,0.01463818181818182
Sad,blush on bibir,0.0,0.014616
Sad,bagus oh my,0.0,0.014616
Sad,multitasking color crayon,0.0,0.014616
Sad,my god suka,0.0,0.014616
Sad,blush on lipstick,0.0,0.014616
Sad,gini makanya gemes,0.0,0.014616
Sad,is my favorite,0.0,0.013289
Sad,you so much,0.0,0.013289
Sad,to get this,0.0,0.013289
Sad,s super comfortable,0.0,0.013289
Sad,check that out,0.0,0.013289
Sad,it s super,0.0,0.013289
Sad,i m telling,0.003849909090909091,0.009439090909090909
Sad,punya bekas jerawat,0.0005095454545454545,-0.0005095454545454545
Sad,harga 3 jutaan,0.0005153636363636364,-0.0005153636363636364
Sad,salah satunya adalah,0.0005215454545454545,-0.0005215454545454545
Sad,carbon fiber carbon,0.0005601818181818182,-0.0005601818181818182
Sad,buang air besar,0.0005601818181818182,-0.0005601818181818182
Sad,s go langsung,0.0005665454545454546,-0.0005665454545454546
Sad,8gb storage 256gb,0.0005695454545454545,-0.0005695454545454545
Sad,suv leather frame,0.0005755454545454546,-0.0005755454545454546
Sad,indo by broth3rmax,0.0005779090909090908,-0.0005779090909090908
Sad,sub indo by,0.0005779090909090908,-0.0005779090909090908
Sad,nah kira kira,0.0005805454545454546,-0.0005805454545454546
Sad,adaptive cruise control,0.0005954545454545455,-0.0005954545454545455
Sad,bulu mata bawahnya,0.0005966363636363636,-0.0005966363636363636
Sad,oh om om,0.0006061818181818182,-0.0006061818181818182
Sad,paling tipis dunia,0.0006061818181818182,-0.0006061818181818182
Sad,1500 cc turbo,0.0006165454545454546,-0.0006165454545454546
Sad,adalah salah satu,0.0006967272727272728,-0.0006967272727272728
Sad,nah makanya biar,0.0007101818181818182,-0.0007101818181818182
Sad,banyak sekolah sekolah,0.0007101818181818182,-0.0007101818181818182
Sad,i don t,0.000726,-0.000726
Sad,benar kejutan kejutan,0.0007522727272727272,-0.0007522727272727272
Sad,adalah mindset apabila,0.0007522727272727272,-0.0007522727272727272
Sad,adalah membuat waktu,0.0007522727272727272,-0.0007522727272727272
Sad,benar teruskan dr,0.0007522727272727272,-0.0007522727272727272
Sad,android auto apple,0.000756909090909091,-0.000756909090909091
Sad,auto apple carplay,0.000756909090909091,-0.000756909090909091
Sad,mantap terima kasih,0.0007631818181818181,-0.0007631818181818181
Sad,selama 3 hari,0.0007724545454545454,-0.0007724545454545454
Sad,satu per satu,0.0007872727272727272,-0.0007872727272727272
Sad,km per liter,0.000802090909090909,-0.000802090909090909
Sad,share satu studi,0.0008140909090909091,-0.0008140909090909091
Sad,8 12 kali,0.0008142727272727273,-0.0008142727272727273
Sad,tiang pull up,0.0008739999999999999,-0.0008739999999999999
Sad,bikin kulit kering,0.000918,-0.000918
Sad,menurunkan berat badan,0.0009232727272727273,-0.0009232727272727273
Sad,mengawasi allah terima,0.0009242727272727274,-0.0009242727272727274
Sad,kejutan kejutan kejutan,0.0009242727272727274,-0.0009242727272727274
Sad,kejutan kejutan aktivitas,0.0009242727272727274,-0.0009242727272727274
Sad,lakukan adalah membuat,0.0009242727272727274,-0.0009242727272727274
Sad,sejati aktivitas besar,0.0009242727272727274,-0.0009242727272727274
Sad,sebenarnya barokah aktivitas,0.0009242727272727274,-0.0009242727272727274
Sad,menyerahkan adalah mindset,0.0009242727272727274,-0.0009242727272727274
Sad,mindset rasa berbagi,0.0009242727272727274,-0.0009242727272727274
Sad,nia bilang sejati,0.0009242727272727274,-0.0009242727272727274
Sad,rasa lakukan adalah,0.0009242727272727274,-0.0009242727272727274
Sad,faat stay hard,0.0009455454545454546,-0.0009455454545454546
Sad,jakarta tahun 2025,0.0009813636363636363,-0.0009813636363636363
Sad,provinsi kaya jakarta,0.0009927272727272727,-0.0009927272727272727
Sad,tahan 2 3,0.0009952727272727272,-0.0009952727272727272
Sad,by the way,0.0010812727272727274,-0.0010812727272727274
Sad,gini 8 12,0.0011408181818181819,-0.0011408181818181819
Sad,paling penting adalah,0.0011732727272727274,-0.0011732727272727274
Sad,s go pertama,0.0011884545454545455,-0.0011884545454545455
Sad,sampai kira kira,0.0011884545454545455,-0.0011884545454545455
Sad,semangat stay hard,0.0011884545454545455,-0.0011884545454545455
Sad,nama baik jakarta,0.0011951818181818183,-0.0011951818181818183
Sad,mother of pearl,0.0012,-0.0012
Sad,ikan koi ikan,0.001203,-0.001203
Sad,kehidupan sehari hari,0.001203,-0.001203
Sad,semua penyakit metabolik,0.001241,-0.001241
Sad,satu studi terbaru,0.001241,-0.001241
Sad,ivan gunawan deluxe,0.001314090909090909,-0.001314090909090909
Sad,salah satu bentuk,0.0013667272727272727,-0.0013667272727272727
Sad,anak anak mungkin,0.0013667272727272727,-0.0013667272727272727
Sad,i love you,0.0014094545454545456,-0.0014094545454545456
Sad,plug in hybrid,0.0014265454545454546,-0.0014265454545454546
Sad,jakarta x beauty,0.0014265454545454546,-0.0014265454545454546
Sad,terima kasih pak,0.0014558181818181818,-0.0014558181818181818
Sad,g3 plus mobil,0.0014609999999999998,-0.0014609999999999998
Sad,perjalanan jauh menggunakan,0.0014609999999999998,-0.0014609999999999998
Sad,langsung coba langsung,0.0014609999999999998,-0.0014609999999999998
Sad,mulai 299 juta,0.0014609999999999998,-0.0014609999999999998
Sad,teman teman baru,0.0014609999999999998,-0.0014609999999999998
Sad,one of my,0.0014609999999999998,-0.0014609999999999998
Sad,set set set,0.0014946363636363638,-0.0014946363636363638
Sad,bener bener bikin,0.0014946363636363638,-0.0014946363636363638
Sad,tau salah satu,0.0015515454545454545,-0.0015515454545454545
Sad,jakarta menang sukses,0.001583818181818182,-0.001583818181818182
Sad,menang sukses jakarta,0.001583818181818182,-0.001583818181818182
Sad,salah satu faktor,0.001585090909090909,-0.001585090909090909
Sad,tekanan darah tinggi,0.001585090909090909,-0.001585090909090909
Sad,let s go,0.0016104545454545456,-0.0016104545454545456
Sad,temen temen lihat,0.001638,-0.001638
Sad,menang semua senang,0.001638,-0.001638
Sad,benar benar suka,0.001638,-0.001638
Sad,android 15 fitur,0.001638,-0.001638
Sad,32gb storage 1tb,0.001638,-0.001638
Sad,worth it kalian,0.001638,-0.001638
Sad,mengatasi masalah jerawat,0.001638,-0.001638
Sad,pola hidup sehat,0.001638,-0.001638
Sad,punya 2 warna,0.001638,-0.001638
Sad,mobil kilometer rendah,0.001638,-0.001638
Sad,menjaga skin barrier,0.001638,-0.001638
Sad,atlet atlet terbaik,0.001638,-0.001638
Sad,jangan lupa follow,0.001638,-0.001638
Sad,sebagai salah satu,0.001660818181818182,-0.001660818181818182
Sad,bahu bagian belakang,0.0016638181818181817,-0.0016638181818181817
Sad,coba komen bawah,0.0016672727272727275,-0.0016672727272727275
Sad,revaluasi mindset rasa,0.0016765454545454546,-0.0016765454545454546
Sad,rasa berbagi jika,0.0016765454545454546,-0.0016765454545454546
Sad,waktu menyerahkan adalah,0.0016765454545454546,-0.0016765454545454546
Sad,rasa membantu revaluasi,0.0016765454545454546,-0.0016765454545454546
Sad,biar bulu mata,0.0016883636363636365,-0.0016883636363636365
Sad,bulu mata lentik,0.0016883636363636365,-0.0016883636363636365
Sad,skin prep kalian,0.001703090909090909,-0.001703090909090909
Sad,jalan jalan jalan,0.001987090909090909,-0.001987090909090909
Sad,meraih medali emas,0.002053272727272727,-0.002053272727272727
Sad,jangan sampai kelewatan,0.0020660909090909093,-0.0020660909090909093
Sad,depan salah satu,0.0020660909090909093,-0.0020660909090909093
Sad,test drive mobil,0.0020660909090909093,-0.0020660909090909093
Sad,badan masa otot,0.002104,-0.002104
Sad,pertama kali nyobain,0.0021681818181818182,-0.0021681818181818182
Sad,speed 1 2,0.002183818181818182,-0.002183818181818182
Sad,kasih kerana menonton,0.002195181818181818,-0.002195181818181818
Sad,terima kasih kerana,0.002195181818181818,-0.002195181818181818
Sad,jakarta datang jakarta,0.0022383636363636364,-0.0022383636363636364
Sad,sedikit tips kalian,0.0022416363636363636,-0.0022416363636363636
Sad,harganya murah meriah,0.002295818181818182,-0.002295818181818182
Sad,segi harga punya,0.002295818181818182,-0.002295818181818182
Sad,terlalu lebar gini,0.0023487272727272727,-0.0023487272727272727
Sad,membawa nama baik,0.002388090909090909,-0.002388090909090909
Sad,gini gini gini,0.0024546363636363637,-0.0024546363636363637
Sad,sampai jam 6,0.0024621818181818182,-0.0024621818181818182
Sad,datang jakarta menang,0.0024734545454545456,-0.0024734545454545456
Sad,beberapa minggu lalu,0.0025543636363636363,-0.0025543636363636363
Sad,move your hustle,0.002598,-0.002598
Sad,3 2 1,0.0026146363636363637,-0.0026146363636363637
Sad,menghasilkan atlet atlet,0.002664909090909091,-0.002664909090909091
Sad,wireless charging 50w,0.0027961818181818183,-0.0027961818181818183
Sad,oke terima kasih,0.0028913636363636364,-0.0028913636363636364
Sad,1 2 3,0.003034818181818182,-0.003034818181818182
Sad,melihat teman teman,0.003165,-0.003165
Sad,kaya kaya kaya,0.003171727272727273,-0.003171727272727273
Sad,mindset apabila memiliki,0.003234818181818182,-0.003234818181818182
Sad,mindset benar kejutan,0.003234818181818182,-0.003234818181818182
Sad,teruskan dr nia,0.003234818181818182,-0.003234818181818182
Sad,membuat waktu menyerahkan,0.003234818181818182,-0.003234818181818182
Sad,mencari kecil sebenarnya,0.003234818181818182,-0.003234818181818182
Sad,mindset benar teruskan,0.003234818181818182,-0.003234818181818182
Sad,membantu revaluasi mindset,0.003234818181818182,-0.003234818181818182
Sad,sampai berapa kali,0.003246727272727273,-0.003246727272727273
Sad,memang luar biasa,0.003246727272727273,-0.003246727272727273
Sad,semua masyarakat indonesia,0.003246727272727273,-0.003246727272727273
Sad,latihan beban menjadi,0.003246727272727273,-0.003246727272727273
Sad,sukses jakarta indonesia,0.0032567272727272722,-0.0032567272727272722
Sad,i really really,0.0035383636363636364,-0.0035383636363636364
Sad,really like this,0.003674454545454545,-0.003674454545454545
Sad,and i m,0.003674454545454545,-0.003674454545454545
Sad,coverage berasa berat,0.003674454545454545,-0.003674454545454545
Sad,selesai make upan,0.003674454545454545,-0.003674454545454545
Sad,2025 terima kasih,0.0037040909090909086,-0.0037040909090909086
Sad,telling you this,0.003849909090909091,-0.003849909090909091
Sad,m telling you,0.003849909090909091,-0.003849909090909091
Sad,really really like,0.003849909090909091,-0.003849909090909091
Sad,tanpa berasa berat,0.003849909090909091,-0.003849909090909091
Sad,finishnya velvet matte,0.003849909090909091,-0.003849909090909091
Sad,berasa berat so,0.003849909090909091,-0.003849909090909091
Sad,kena serangan jantung,0.0041428181818181815,-0.0041428181818181815
Sad,share kolom komentar,0.004285454545454545,-0.004285454545454545
Sad,pagi sore hari,0.004285454545454545,-0.004285454545454545
Sad,satu sisi tubuh,0.004285454545454545,-0.004285454545454545
Sad,salah satu sisi,0.004285454545454545,-0.004285454545454545
Sad,nah menurut kalian,0.0053128181818181824,-0.0053128181818181824
Sad,it it s,0.005468999999999999,-0.005468999999999999
Sad,s so good,0.005468999999999999,-0.005468999999999999
Sad,pokoknya bener bener,0.005730181818181818,-0.005730181818181818
Sad,pas pertama kali,0.005730181818181818,-0.005730181818181818
Sad,sel kulit mati,0.006060636363636364,-0.006060636363636364
Sad,jalan jalan gias,0.006060636363636364,-0.006060636363636364
Sad,masalah hari masalah,0.006493545454545455,-0.006493545454545455
Sad,pas tengah tengah,0.007699909090909091,-0.007699909090909091
Sad,salah satu paling,0.007736727272727274,-0.007736727272727274
Sad,malam hari cari,0.009307363636363636,-0.009307363636363636
Sad,memiliki mindset benar,0.009972545454545454,-0.009972545454545454
Sad,you need to,0.010461,-0.010461
Sad,klik follow save,0.010713727272727272,-0.010713727272727272
Sad,need to notice,0.010960636363636362,-0.010960636363636362
Sad,saham naik turun,0.01212118181818182,-0.01212118181818182
Sad,selama 3 tahun,0.06276618181818182,-0.06276618181818182
Sad,circle to search,0.06576372727272727,-0.06576372727272727
Sad,john glory glory,0.0909090909090909,-0.0909090909090909
Surprise,let s go,0.0,0.017715
Surprise,1 2 3,0.0017671818181818186,0.012176818181818181
Surprise,bikin kulit kering,0.0,0.010098
Surprise,oh my god,0.010143181818181819,0.009658818181818182
Surprise,km per liter,0.0,0.008823
Surprise,auto apple carplay,0.0,0.008326
Surprise,android auto apple,0.0,0.008326
Surprise,coba komen bawah,0.0008594545454545455,0.008026545454545455
Surprise,i don t,0.0,0.007986
Surprise,nah makanya biar,0.0,0.007812
Surprise,banyak sekolah sekolah,0.0,0.007812
Surprise,adalah salah satu,0.0,0.007664
Surprise,1500 cc turbo,0.0,0.006782
Surprise,oh om om,0.0,0.006668
Surprise,paling tipis dunia,0.0,0.006668
Surprise,bulu mata bawahnya,0.0,0.006563
Surprise,adaptive cruise control,0.0,0.00655
Surprise,nah kira kira,0.0,0.006386
Surprise,indo by broth3rmax,0.0,0.006357
Surprise,sub indo by,0.0,0.006357
Surprise,suv leather frame,0.0,0.006331
Surprise,8gb storage 256gb,0.0,0.006265
Surprise,s go langsung,0.0,0.006232
Surprise,buang air besar,0.0,0.006162
Surprise,carbon fiber carbon,0.0,0.006162
Surprise,salah satunya adalah,0.0,0.005737
Surprise,harga 3 jutaan,0.0,0.005669
Surprise,punya bekas jerawat,0.0,0.005605
Surprise,3 2 1,0.0020660909090909093,0.003967909090909091
Surprise,kaya kaya kaya,0.0026088181818181813,0.0035831818181818183
Surprise,adalah mindset apabila,0.0007522727272727272,-0.0007522727272727272
Surprise,benar teruskan dr,0.0007522727272727272,-0.0007522727272727272
Surprise,adalah membuat waktu,0.0007522727272727272,-0.0007522727272727272
Surprise,benar kejutan kejutan,0.0007522727272727272,-0.0007522727272727272
Surprise,mantap terima kasih,0.0007631818181818181,-0.0007631818181818181
Surprise,selama 3 hari,0.0007724545454545454,-0.0007724545454545454
Surprise,satu per satu,0.0007872727272727272,-0.0007872727272727272
Surprise,share satu studi,0.0008140909090909091,-0.0008140909090909091
Surprise,8 12 kali,0.0008142727272727273,-0.0008142727272727273
Surprise,benar benar suka,0.000819,-0.000819
Surprise,android 15 fitur,0.000819,-0.000819
Surprise,32gb storage 1tb,0.000819,-0.000819
Surprise,atlet atlet terbaik,0.000819,-0.000819
Surprise,jangan lupa follow,0.000819,-0.000819
Surprise,mengatasi masalah jerawat,0.000819,-0.000819
Surprise,mobil kilometer rendah,0.000819,-0.000819
Surprise,menjaga skin barrier,0.000819,-0.000819
Surprise,menang semua senang,0.000819,-0.000819
Surprise,pola hidup sehat,0.000819,-0.000819
Surprise,punya 2 warna,0.000819,-0.000819
Surprise,temen temen lihat,0.000819,-0.000819
Surprise,worth it kalian,0.000819,-0.000819
Surprise,bahu bagian belakang,0.0008319090909090908,-0.0008319090909090908
Surprise,biar bulu mata,0.0008441818181818182,-0.0008441818181818182
Surprise,bulu mata lentik,0.0008441818181818182,-0.0008441818181818182
Surprise,skin prep kalian,0.0008515454545454545,-0.0008515454545454545
Surprise,tiang pull up,0.0008739999999999999,-0.0008739999999999999
Surprise,menurunkan berat badan,0.0009232727272727273,-0.0009232727272727273
Surprise,lakukan adalah membuat,0.0009242727272727274,-0.0009242727272727274
Surprise,menyerahkan adalah mindset,0.0009242727272727274,-0.0009242727272727274
Surprise,mengawasi allah terima,0.0009242727272727274,-0.0009242727272727274
Surprise,mindset rasa berbagi,0.0009242727272727274,-0.0009242727272727274
Surprise,rasa lakukan adalah,0.0009242727272727274,-0.0009242727272727274
Surprise,kejutan kejutan kejutan,0.0009242727272727274,-0.0009242727272727274
Surprise,kejutan kejutan aktivitas,0.0009242727272727274,-0.0009242727272727274
Surprise,nia bilang sejati,0.0009242727272727274,-0.0009242727272727274
Surprise,sejati aktivitas besar,0.0009242727272727274,-0.0009242727272727274
Surprise,sebenarnya barokah aktivitas,0.0009242727272727274,-0.0009242727272727274
Surprise,faat stay hard,0.0009455454545454546,-0.0009455454545454546
Surprise,jakarta tahun 2025,0.0009813636363636363,-0.0009813636363636363
Surprise,provinsi kaya jakarta,0.0009927272727272727,-0.0009927272727272727
Surprise,jalan jalan jalan,0.0009935454545454544,-0.0009935454545454544
Surprise,tahan 2 3,0.0009952727272727272,-0.0009952727272727272
Surprise,meraih medali emas,0.0010266363636363635,-0.0010266363636363635
Surprise,badan masa otot,0.001052,-0.001052
Surprise,by the way,0.0010812727272727274,-0.0010812727272727274
Surprise,pertama kali nyobain,0.001084090909090909,-0.001084090909090909
Surprise,gini 8 12,0.0011408181818181819,-0.0011408181818181819
Surprise,paling penting adalah,0.0011732727272727274,-0.0011732727272727274
Surprise,sampai kira kira,0.0011884545454545455,-0.0011884545454545455
Surprise,semangat stay hard,0.0011884545454545455,-0.0011884545454545455
Surprise,s go pertama,0.0011884545454545455,-0.0011884545454545455
Surprise,nama baik jakarta,0.0011951818181818183,-0.0011951818181818183
Surprise,mother of pearl,0.0012,-0.0012
Surprise,kehidupan sehari hari,0.001203,-0.001203
Surprise,ikan koi ikan,0.001203,-0.001203
Surprise,sampai jam 6,0.0012310909090909093,-0.0012310909090909093
Surprise,satu studi terbaru,0.001241,-0.001241
Surprise,semua penyakit metabolik,0.001241,-0.001241
Surprise,beberapa minggu lalu,0.0012771818181818184,-0.0012771818181818184
Surprise,move your hustle,0.001299,-0.001299
Surprise,ivan gunawan deluxe,0.001314090909090909,-0.001314090909090909
Surprise,salah satu bentuk,0.0013667272727272727,-0.0013667272727272727
Surprise,anak anak mungkin,0.0013667272727272727,-0.0013667272727272727
Surprise,wireless charging 50w,0.0013980909090909092,-0.0013980909090909092
Surprise,i love you,0.0014094545454545456,-0.0014094545454545456
Surprise,jakarta x beauty,0.0014265454545454546,-0.0014265454545454546
Surprise,plug in hybrid,0.0014265454545454546,-0.0014265454545454546
Surprise,terima kasih pak,0.0014558181818181818,-0.0014558181818181818
Surprise,teman teman baru,0.0014609999999999998,-0.0014609999999999998
Surprise,one of my,0.0014609999999999998,-0.0014609999999999998
Surprise,langsung coba langsung,0.0014609999999999998,-0.0014609999999999998
Surprise,perjalanan jauh menggunakan,0.0014609999999999998,-0.0014609999999999998
Surprise,g3 plus mobil,0.0014609999999999998,-0.0014609999999999998
Surprise,mulai 299 juta,0.0014609999999999998,-0.0014609999999999998
Surprise,set set set,0.0014946363636363638,-0.0014946363636363638
Surprise,bener bener bikin,0.0014946363636363638,-0.0014946363636363638
Surprise,tau salah satu,0.0015515454545454545,-0.0015515454545454545
Surprise,menang sukses jakarta,0.001583818181818182,-0.001583818181818182
Surprise,jakarta menang sukses,0.001583818181818182,-0.001583818181818182
Surprise,tekanan darah tinggi,0.001585090909090909,-0.001585090909090909
Surprise,salah satu faktor,0.001585090909090909,-0.001585090909090909
Surprise,sebagai salah satu,0.001660818181818182,-0.001660818181818182
Surprise,rasa berbagi jika,0.0016765454545454546,-0.0016765454545454546
Surprise,waktu menyerahkan adalah,0.0016765454545454546,-0.0016765454545454546
Surprise,revaluasi mindset rasa,0.0016765454545454546,-0.0016765454545454546
Surprise,rasa membantu revaluasi,0.0016765454545454546,-0.0016765454545454546
Surprise,depan salah satu,0.0020660909090909093,-0.0020660909090909093
Surprise,jangan sampai kelewatan,0.0020660909090909093,-0.0020660909090909093
Surprise,test drive mobil,0.0020660909090909093,-0.0020660909090909093
Surprise,speed 1 2,0.002183818181818182,-0.002183818181818182
Surprise,terima kasih kerana,0.002195181818181818,-0.002195181818181818
Surprise,kasih kerana menonton,0.002195181818181818,-0.002195181818181818
Surprise,jakarta datang jakarta,0.0022383636363636364,-0.0022383636363636364
Surprise,sedikit tips kalian,0.0022416363636363636,-0.0022416363636363636
Surprise,segi harga punya,0.002295818181818182,-0.002295818181818182
Surprise,harganya murah meriah,0.002295818181818182,-0.002295818181818182
Surprise,sukses jakarta indonesia,0.0023467272727272725,-0.0023467272727272725
Surprise,terlalu lebar gini,0.0023487272727272727,-0.0023487272727272727
Surprise,membawa nama baik,0.002388090909090909,-0.002388090909090909
Surprise,s super comfortable,0.002416181818181818,-0.002416181818181818
Surprise,is my favorite,0.002416181818181818,-0.002416181818181818
Surprise,to get this,0.002416181818181818,-0.002416181818181818
Surprise,it s super,0.002416181818181818,-0.002416181818181818
Surprise,check that out,0.002416181818181818,-0.002416181818181818
Surprise,you so much,0.002416181818181818,-0.002416181818181818
Surprise,gini gini gini,0.0024546363636363637,-0.0024546363636363637
Surprise,datang jakarta menang,0.0024734545454545456,-0.0024734545454545456
Surprise,blush on bibir,0.0026574545454545457,-0.0026574545454545457
Surprise,multitasking color crayon,0.0026574545454545457,-0.0026574545454545457
Surprise,bagus oh my,0.0026574545454545457,-0.0026574545454545457
Surprise,gini makanya gemes,0.0026574545454545457,-0.0026574545454545457
Surprise,my god suka,0.0026574545454545457,-0.0026574545454545457
Surprise,blush on lipstick,0.0026574545454545457,-0.0026574545454545457
Surprise,menghasilkan atlet atlet,0.002664909090909091,-0.002664909090909091
Surprise,2025 terima kasih,0.002885090909090909,-0.002885090909090909
Surprise,oke terima kasih,0.0028913636363636364,-0.0028913636363636364
Surprise,melihat teman teman,0.003165,-0.003165
Surprise,mindset benar teruskan,0.003234818181818182,-0.003234818181818182
Surprise,mindset apabila memiliki,0.003234818181818182,-0.003234818181818182
Surprise,teruskan dr nia,0.003234818181818182,-0.003234818181818182
Surprise,membuat waktu menyerahkan,0.003234818181818182,-0.003234818181818182
Surprise,mindset benar kejutan,0.003234818181818182,-0.003234818181818182
Surprise,membantu revaluasi mindset,0.003234818181818182,-0.003234818181818182
Surprise,mencari kecil sebenarnya,0.003234818181818182,-0.003234818181818182
Surprise,latihan beban menjadi,0.003246727272727273,-0.003246727272727273
Surprise,memang luar biasa,0.003246727272727273,-0.003246727272727273
Surprise,sampai berapa kali,0.003246727272727273,-0.003246727272727273
Surprise,semua masyarakat indonesia,0.003246727272727273,-0.003246727272727273
Surprise,i really really,0.0035383636363636364,-0.0035383636363636364
Surprise,and i m,0.003674454545454545,-0.003674454545454545
Surprise,selesai make upan,0.003674454545454545,-0.003674454545454545
Surprise,really like this,0.003674454545454545,-0.003674454545454545
Surprise,coverage berasa berat,0.003674454545454545,-0.003674454545454545
Surprise,really really like,0.003849909090909091,-0.003849909090909091
Surprise,telling you this,0.003849909090909091,-0.003849909090909091
Surprise,m telling you,0.003849909090909091,-0.003849909090909091
Surprise,tanpa berasa berat,0.003849909090909091,-0.003849909090909091
Surprise,finishnya velvet matte,0.003849909090909091,-0.003849909090909091
Surprise,berasa berat so,0.003849909090909091,-0.003849909090909091
Surprise,kena serangan jantung,0.0041428181818181815,-0.0041428181818181815
Surprise,pagi sore hari,0.004285454545454545,-0.004285454545454545
Surprise,salah satu sisi,0.004285454545454545,-0.004285454545454545
Surprise,satu sisi tubuh,0.004285454545454545,-0.004285454545454545
Surprise,share kolom komentar,0.004285454545454545,-0.004285454545454545
Surprise,something calm down,0.004360181818181818,-0.004360181818181818
Surprise,misalnya water misalnya,0.004360181818181818,-0.004360181818181818
Surprise,nah menurut kalian,0.0053128181818181824,-0.0053128181818181824
Surprise,eyeshadow blush on,0.0053149090909090915,-0.0053149090909090915
Surprise,s so good,0.005468999999999999,-0.005468999999999999
Surprise,it it s,0.005468999999999999,-0.005468999999999999
Surprise,pokoknya bener bener,0.005730181818181818,-0.005730181818181818
Surprise,pas pertama kali,0.005730181818181818,-0.005730181818181818
Surprise,kasih lihat kalian,0.0059330909090909096,-0.0059330909090909096
Surprise,jalan jalan gias,0.006060636363636364,-0.006060636363636364
Surprise,sel kulit mati,0.006060636363636364,-0.006060636363636364
Surprise,i m telling,0.0062660909090909095,-0.0062660909090909095
Surprise,masalah hari masalah,0.006493545454545455,-0.006493545454545455
Surprise,panggil timur inspeksi,0.006560727272727273,-0.006560727272727273
Surprise,inspeksi menyeluruh plus,0.006560727272727273,-0.006560727272727273
Surprise,gini kira kira,0.006560727272727273,-0.006560727272727273
Surprise,that s it,0.0068523636363636365,-0.0068523636363636365
Surprise,sebelah sini lihat,0.006853090909090909,-0.006853090909090909
Surprise,tanda tanda penuaan,0.006853090909090909,-0.006853090909090909
Surprise,salah satu paling,0.006917727272727273,-0.006917727272727273
Surprise,pas tengah tengah,0.007699909090909091,-0.007699909090909091
Surprise,hai guys kali,0.008035272727272726,-0.008035272727272726
Surprise,setelah cek ternyata,0.008035272727272726,-0.008035272727272726
Surprise,skin barrier rusak,0.008720363636363635,-0.008720363636363635
Surprise,memiliki mindset benar,0.008973363636363637,-0.008973363636363637
Surprise,malam hari cari,0.009307363636363636,-0.009307363636363636
Surprise,you need to,0.010461,-0.010461
Surprise,klik follow save,0.010713727272727272,-0.010713727272727272
Surprise,need to notice,0.010960636363636362,-0.010960636363636362
Surprise,saham naik turun,0.01212118181818182,-0.01212118181818182
Surprise,it s so,0.01471818181818182,-0.01471818181818182
Surprise,follow save video,0.022077363636363635,-0.022077363636363635
Surprise,sekolah les bermain,0.022727272727272728,-0.022727272727272728
Surprise,selama 3 tahun,0.06276618181818182,-0.06276618181818182
Surprise,circle to search,0.06576372727272727,-0.06576372727272727
Surprise,john glory glory,0.0909090909090909,-0.0909090909090909
Trust,i love you,0.0,0.015504
Trust,ikan koi ikan,0.0,0.013233
Trust,kehidupan sehari hari,0.0,0.013233
Trust,mother of pearl,0.0,0.0132
Trust,paling penting adalah,0.0,0.012906
Trust,by the way,0.0,0.011894
Trust,tahan 2 3,0.0,0.010948
Trust,provinsi kaya jakarta,0.0,0.01092
Trust,jakarta tahun 2025,0.0,0.010795
Trust,faat stay hard,0.0,0.010401
Trust,menurunkan berat badan,0.0,0.010156
Trust,melihat teman teman,0.0020660909090909093,0.01002190909090909
Trust,tiang pull up,0.0,0.009614
Trust,memiliki mindset benar,0.007468818181818182,0.009081181818181816
Trust,8 12 kali,0.0,0.008957
Trust,share satu studi,0.0,0.008955
Trust,satu per satu,0.0,0.00866
Trust,selama 3 hari,0.0,0.008497
Trust,mantap terima kasih,0.0,0.008395
Trust,benar teruskan dr,0.0,0.008275
Trust,benar kejutan kejutan,0.0,0.008275
Trust,adalah membuat waktu,0.0,0.008275
Trust,adalah mindset apabila,0.0,0.008275
Trust,coba komen bawah,0.0016156363636363636,0.007838363636363636
Trust,waktu menyerahkan adalah,0.0009242727272727274,0.007350727272727272
Trust,revaluasi mindset rasa,0.0009242727272727274,0.007350727272727272
Trust,rasa membantu revaluasi,0.0009242727272727274,0.007350727272727272
Trust,rasa berbagi jika,0.0009242727272727274,0.007350727272727272
Trust,oke terima kasih,0.0021250909090909094,0.006303909090909091
Trust,that s it,0.003016090909090909,0.006005909090909091
Trust,worth it kalian,0.000819,-0.000819
Trust,punya 2 warna,0.000819,-0.000819
Trust,pola hidup sehat,0.000819,-0.000819
Trust,menjaga skin barrier,0.000819,-0.000819
Trust,mobil kilometer rendah,0.000819,-0.000819
Trust,temen temen lihat,0.000819,-0.000819
Trust,atlet atlet terbaik,0.000819,-0.000819
Trust,32gb storage 1tb,0.000819,-0.000819
Trust,android 15 fitur,0.000819,-0.000819
Trust,benar benar suka,0.000819,-0.000819
Trust,jangan lupa follow,0.000819,-0.000819
Trust,menang semua senang,0.000819,-0.000819
Trust,mengatasi masalah jerawat,0.000819,-0.000819
Trust,bahu bagian belakang,0.0008319090909090908,-0.0008319090909090908
Trust,bulu mata lentik,0.0008441818181818182,-0.0008441818181818182
Trust,biar bulu mata,0.0008441818181818182,-0.0008441818181818182
Trust,skin prep kalian,0.0008515454545454545,-0.0008515454545454545
Trust,nia bilang sejati,0.0009242727272727274,-0.0009242727272727274
Trust,kejutan kejutan aktivitas,0.0009242727272727274,-0.0009242727272727274
Trust,kejutan kejutan kejutan,0.0009242727272727274,-0.0009242727272727274
Trust,lakukan adalah membuat,0.0009242727272727274,-0.0009242727272727274
Trust,menyerahkan adalah mindset,0.0009242727272727274,-0.0009242727272727274
Trust,mindset rasa berbagi,0.0009242727272727274,-0.0009242727272727274
Trust,mengawasi allah terima,0.0009242727272727274,-0.0009242727272727274
Trust,sejati aktivitas besar,0.0009242727272727274,-0.0009242727272727274
Trust,rasa lakukan adalah,0.0009242727272727274,-0.0009242727272727274
Trust,sebenarnya barokah aktivitas,0.0009242727272727274,-0.0009242727272727274
Trust,jalan jalan jalan,0.0009935454545454544,-0.0009935454545454544
Trust,punya bekas jerawat,0.001019090909090909,-0.001019090909090909
Trust,meraih medali emas,0.0010266363636363635,-0.0010266363636363635
Trust,harga 3 jutaan,0.0010307272727272728,-0.0010307272727272728
Trust,salah satunya adalah,0.001043090909090909,-0.001043090909090909
Trust,badan masa otot,0.001052,-0.001052
Trust,pertama kali nyobain,0.0010840909090909091,-0.0010840909090909091
Trust,buang air besar,0.0011203636363636364,-0.0011203636363636364
Trust,carbon fiber carbon,0.0011203636363636364,-0.0011203636363636364
Trust,s go langsung,0.0011330909090909091,-0.0011330909090909091
Trust,8gb storage 256gb,0.001139090909090909,-0.001139090909090909
Trust,gini 8 12,0.0011408181818181819,-0.0011408181818181819
Trust,suv leather frame,0.0011510909090909091,-0.0011510909090909091
Trust,indo by broth3rmax,0.0011558181818181817,-0.0011558181818181817
Trust,sub indo by,0.0011558181818181817,-0.0011558181818181817
Trust,nah kira kira,0.0011610909090909091,-0.0011610909090909091
Trust,sampai kira kira,0.0011884545454545455,-0.0011884545454545455
Trust,s go pertama,0.0011884545454545455,-0.0011884545454545455
Trust,semangat stay hard,0.0011884545454545455,-0.0011884545454545455
Trust,adaptive cruise control,0.001190909090909091,-0.001190909090909091
Trust,bulu mata bawahnya,0.0011932727272727273,-0.0011932727272727273
Trust,nama baik jakarta,0.0011951818181818183,-0.0011951818181818183
Trust,you so much,0.0012080909090909093,-0.0012080909090909093
Trust,check that out,0.0012080909090909093,-0.0012080909090909093
Trust,it s super,0.0012080909090909093,-0.0012080909090909093
Trust,is my favorite,0.0012080909090909093,-0.0012080909090909093
Trust,to get this,0.0012080909090909093,-0.0012080909090909093
Trust,s super comfortable,0.0012080909090909093,-0.0012080909090909093
Trust,paling tipis dunia,0.0012123636363636364,-0.0012123636363636364
Trust,oh om om,0.0012123636363636364,-0.0012123636363636364
Trust,sampai jam 6,0.0012310909090909091,-0.0012310909090909091
Trust,1500 cc turbo,0.0012330909090909092,-0.0012330909090909092
Trust,satu studi terbaru,0.001241,-0.001241
Trust,semua penyakit metabolik,0.001241,-0.001241
Trust,beberapa minggu lalu,0.0012771818181818181,-0.0012771818181818181
Trust,move your hustle,0.001299,-0.001299
Trust,ivan gunawan deluxe,0.001314090909090909,-0.001314090909090909
Trust,my god suka,0.0013287272727272729,-0.0013287272727272729
Trust,bagus oh my,0.0013287272727272729,-0.0013287272727272729
Trust,blush on lipstick,0.0013287272727272729,-0.0013287272727272729
Trust,gini makanya gemes,0.0013287272727272729,-0.0013287272727272729
Trust,blush on bibir,0.0013287272727272729,-0.0013287272727272729
Trust,multitasking color crayon,0.0013287272727272729,-0.0013287272727272729
Trust,anak anak mungkin,0.0013667272727272727,-0.0013667272727272727
Trust,salah satu bentuk,0.0013667272727272727,-0.0013667272727272727
Trust,adalah salah satu,0.0013934545454545454,-0.0013934545454545454
Trust,wireless charging 50w,0.001398090909090909,-0.001398090909090909
Trust,nah makanya biar,0.0014203636363636365,-0.0014203636363636365
Trust,banyak sekolah sekolah,0.0014203636363636365,-0.0014203636363636365
Trust,jakarta x beauty,0.0014265454545454546,-0.0014265454545454546
Trust,plug in hybrid,0.0014265454545454546,-0.0014265454545454546
Trust,i don t,0.001452,-0.001452
Trust,terima kasih pak,0.0014558181818181818,-0.0014558181818181818
Trust,perjalanan jauh menggunakan,0.0014609999999999998,-0.0014609999999999998
Trust,langsung coba langsung,0.0014609999999999998,-0.0014609999999999998
Trust,teman teman baru,0.0014609999999999998,-0.0014609999999999998
Trust,one of my,0.0014609999999999998,-0.0014609999999999998
Trust,mulai 299 juta,0.0014609999999999998,-0.0014609999999999998
Trust,g3 plus mobil,0.0014609999999999998,-0.0014609999999999998
Trust,set set set,0.0014946363636363638,-0.0014946363636363638
Trust,bener bener bikin,0.0014946363636363638,-0.0014946363636363638
Trust,android auto apple,0.001513818181818182,-0.001513818181818182
Trust,auto apple carplay,0.001513818181818182,-0.001513818181818182
Trust,tau salah satu,0.0015515454545454545,-0.0015515454545454545
Trust,menang sukses jakarta,0.001583818181818182,-0.001583818181818182
Trust,jakarta menang sukses,0.001583818181818182,-0.001583818181818182
Trust,tekanan darah tinggi,0.001585090909090909,-0.001585090909090909
Trust,salah satu faktor,0.001585090909090909,-0.001585090909090909
Trust,km per liter,0.001604181818181818,-0.001604181818181818
Trust,sebagai salah satu,0.001660818181818182,-0.001660818181818182
Trust,bikin kulit kering,0.001836,-0.001836
Trust,jangan sampai kelewatan,0.0020660909090909093,-0.0020660909090909093
Trust,depan salah satu,0.0020660909090909093,-0.0020660909090909093
Trust,test drive mobil,0.0020660909090909093,-0.0020660909090909093
Trust,something calm down,0.002180090909090909,-0.002180090909090909
Trust,misalnya water misalnya,0.002180090909090909,-0.002180090909090909
Trust,speed 1 2,0.002183818181818182,-0.002183818181818182
Trust,kasih kerana menonton,0.002195181818181818,-0.002195181818181818
Trust,terima kasih kerana,0.002195181818181818,-0.002195181818181818
Trust,jakarta datang jakarta,0.0022383636363636364,-0.0022383636363636364
Trust,sedikit tips kalian,0.0022416363636363636,-0.0022416363636363636
Trust,segi harga punya,0.002295818181818182,-0.002295818181818182
Trust,harganya murah meriah,0.002295818181818182,-0.002295818181818182
Trust,sukses jakarta indonesia,0.0023467272727272725,-0.0023467272727272725
Trust,terlalu lebar gini,0.0023487272727272727,-0.0023487272727272727
Trust,membawa nama baik,0.002388090909090909,-0.002388090909090909
Trust,gini gini gini,0.0024546363636363637,-0.0024546363636363637
Trust,datang jakarta menang,0.0024734545454545456,-0.0024734545454545456
Trust,eyeshadow blush on,0.0026574545454545457,-0.0026574545454545457
Trust,menghasilkan atlet atlet,0.002664909090909091,-0.002664909090909091
Trust,2025 terima kasih,0.002885090909090909,-0.002885090909090909
Trust,kasih lihat kalian,0.0029665454545454548,-0.0029665454545454548
Trust,3 2 1,0.003163181818181819,-0.003163181818181819
Trust,let s go,0.003220909090909091,-0.003220909090909091
Trust,mindset apabila memiliki,0.003234818181818182,-0.003234818181818182
Trust,mencari kecil sebenarnya,0.003234818181818182,-0.003234818181818182
Trust,membantu revaluasi mindset,0.003234818181818182,-0.003234818181818182
Trust,membuat waktu menyerahkan,0.003234818181818182,-0.003234818181818182
Trust,mindset benar kejutan,0.003234818181818182,-0.003234818181818182
Trust,mindset benar teruskan,0.003234818181818182,-0.003234818181818182
Trust,teruskan dr nia,0.003234818181818182,-0.003234818181818182
Trust,memang luar biasa,0.003246727272727273,-0.003246727272727273
Trust,semua masyarakat indonesia,0.003246727272727273,-0.003246727272727273
Trust,sampai berapa kali,0.003246727272727273,-0.003246727272727273
Trust,latihan beban menjadi,0.003246727272727273,-0.003246727272727273
Trust,panggil timur inspeksi,0.0032803636363636364,-0.0032803636363636364
Trust,gini kira kira,0.0032803636363636364,-0.0032803636363636364
Trust,inspeksi menyeluruh plus,0.0032803636363636364,-0.0032803636363636364
Trust,tanda tanda penuaan,0.0034265454545454547,-0.0034265454545454547
Trust,sebelah sini lihat,0.0034265454545454547,-0.0034265454545454547
Trust,i really really,0.0035383636363636364,-0.0035383636363636364
Trust,selesai make upan,0.003674454545454545,-0.003674454545454545
Trust,really like this,0.003674454545454545,-0.003674454545454545
Trust,coverage berasa berat,0.003674454545454545,-0.003674454545454545
Trust,and i m,0.003674454545454545,-0.003674454545454545
Trust,kaya kaya kaya,0.003734636363636364,-0.003734636363636364
Trust,telling you this,0.003849909090909091,-0.003849909090909091
Trust,berasa berat so,0.003849909090909091,-0.003849909090909091
Trust,finishnya velvet matte,0.003849909090909091,-0.003849909090909091
Trust,m telling you,0.003849909090909091,-0.003849909090909091
Trust,tanpa berasa berat,0.003849909090909091,-0.003849909090909091
Trust,really really like,0.003849909090909091,-0.003849909090909091
Trust,hai guys kali,0.004017636363636363,-0.004017636363636363
Trust,setelah cek ternyata,0.004017636363636363,-0.004017636363636363
Trust,kena serangan jantung,0.0041428181818181815,-0.0041428181818181815
Trust,pagi sore hari,0.004285454545454545,-0.004285454545454545
Trust,salah satu sisi,0.004285454545454545,-0.004285454545454545
Trust,share kolom komentar,0.004285454545454545,-0.004285454545454545
Trust,satu sisi tubuh,0.004285454545454545,-0.004285454545454545
Trust,1 2 3,0.004302454545454546,-0.004302454545454546
Trust,skin barrier rusak,0.004360181818181818,-0.004360181818181818
Trust,i m telling,0.005058,-0.005058
Trust,nah menurut kalian,0.0053128181818181824,-0.0053128181818181824
Trust,s so good,0.005468999999999999,-0.005468999999999999
Trust,it it s,0.005468999999999999,-0.005468999999999999
Trust,pas pertama kali,0.005730181818181818,-0.005730181818181818
Trust,pokoknya bener bener,0.005730181818181818,-0.005730181818181818
Trust,jalan jalan gias,0.006060636363636364,-0.006060636363636364
Trust,sel kulit mati,0.006060636363636364,-0.006060636363636364
Trust,masalah hari masalah,0.006493545454545455,-0.006493545454545455
Trust,salah satu paling,0.006917727272727273,-0.006917727272727273
Trust,pas tengah tengah,0.007699909090909091,-0.007699909090909091
Trust,malam hari cari,0.009307363636363636,-0.009307363636363636
Trust,oh my god,0.010106454545454545,-0.010106454545454545
Trust,you need to,0.010461,-0.010461
Trust,klik follow save,0.010713727272727272,-0.010713727272727272
Trust,need to notice,0.010960636363636362,-0.010960636363636362
Trust,sekolah les bermain,0.011363636363636364,-0.011363636363636364
Trust,saham naik turun,0.01212118181818182,-0.01212118181818182
Trust,it s so,0.01246,-0.01246
Trust,follow save video,0.016395545454545454,-0.016395545454545454
Trust,selama 3 tahun,0.06276618181818182,-0.06276618181818182
Trust,circle to search,0.06576372727272727,-0.06576372727272727
Trust,john glory glory,0.0909090909090909,-0.0909090909090909
