emotion,word,other_mean,distinctiveness
Anger,bukan,0.0013187777777777777,0.03206522222222222
Anger,jawa,0.0,0.0291
Anger,masalah,0.0,0.0275
Anger,jantung,0.0,0.027186
Anger,donut,0.0,0.026444
Anger,kemampuan,0.0,0.024816
Anger,kau,0.0,0.023518
Anger,bagus,0.0,0.023013
Anger,teori,0.0,0.022012
Anger,speed,0.0,0.021625
Anger,kira,0.0,0.021362
Anger,satu,0.003322888888888889,0.020699111111111113
Anger,minggir,0.0,0.020544
Anger,indonesia,0.0036782222222222225,0.019900777777777778
Anger,politik,0.0,0.019346
Anger,gampang,0.0,0.018129
Anger,berapa,0.0,0.018044
Anger,kaya,0.0,0.0177
Anger,lawan,0.0,0.017519
Anger,lihat,0.0016883333333333334,0.017129666666666668
Anger,nah,0.006018333333333333,0.016746666666666667
Anger,stress,0.0,0.016681
Anger,betul,0.0,0.01639
Anger,semua,0.0014774444444444444,0.016007555555555556
Anger,teman,0.006332222222222222,0.01460877777777778
Anger,punya,0.003017777777777777,0.013138222222222223
Anger,gini,0.004965666666666666,0.012436333333333334
Anger,banyak,0.006695555555555556,0.012296444444444443
Anger,kalian,0.015633222222222225,0.007333777777777776
Anger,baru,0.0013585555555555556,-0.0013585555555555556
Anger,otot,0.0013612222222222222,-0.0013612222222222222
Anger,1,0.0013735555555555556,-0.0013735555555555556
Anger,coba,0.0014201111111111111,-0.0014201111111111111
Anger,sunscreen,0.001426,-0.001426
Anger,cuma,0.001432888888888889,-0.001432888888888889
Anger,warnanya,0.0014552222222222221,-0.0014552222222222221
Anger,olaraga,0.0014626666666666668,-0.0014626666666666668
Anger,nama,0.0014633333333333332,-0.0014633333333333332
Anger,waktu,0.0015281111111111112,-0.0015281111111111112
Anger,perunggu,0.0015707777777777777,-0.0015707777777777777
Anger,selamat,0.0015824444444444445,-0.0015824444444444445
Anger,kuyup,0.001583111111111111,-0.001583111111111111
Anger,kaki,0.0015944444444444443,-0.0015944444444444443
Anger,ayo,0.0016146666666666666,-0.0016146666666666666
Anger,olahraga,0.0016164444444444444,-0.0016164444444444444
Anger,allah,0.0016466666666666667,-0.0016466666666666667
Anger,lux,0.0016905555555555554,-0.0016905555555555554
Anger,azik,0.0016954444444444445,-0.0016954444444444445
Anger,bagian,0.0017051111111111112,-0.0017051111111111112
Anger,kali,0.0017254444444444444,-0.0017254444444444444
Anger,fit,0.0018764444444444445,-0.0018764444444444445
Anger,skin,0.0019187777777777777,-0.0019187777777777777
Anger,oxford,0.001997333333333333,-0.001997333333333333
Anger,tim,0.002041222222222222,-0.002041222222222222
Anger,oh,0.0022363333333333332,-0.0022363333333333332
Anger,anduk,0.0023071111111111113,-0.0023071111111111113
Anger,paddle,0.0023071111111111113,-0.0023071111111111113
Anger,beli,0.002391111111111111,-0.002391111111111111
Anger,mam,0.002417666666666667,-0.002417666666666667
Anger,kemaren,0.002419111111111111,-0.002419111111111111
Anger,muka,0.0024392222222222224,-0.0024392222222222224
Anger,asupan,0.0024495555555555555,-0.0024495555555555555
Anger,mangsa,0.002455111111111111,-0.002455111111111111
Anger,cakup,0.002547111111111111,-0.002547111111111111
Anger,menang,0.0025672222222222225,-0.0025672222222222225
Anger,agresif,0.002573,-0.002573
Anger,keluar,0.0025870000000000003,-0.0025870000000000003
Anger,enak,0.002603222222222222,-0.002603222222222222
Anger,atasnya,0.0026163333333333334,-0.0026163333333333334
Anger,tulkit,0.0026404444444444444,-0.0026404444444444444
Anger,olah,0.002658111111111111,-0.002658111111111111
Anger,gua,0.002668111111111111,-0.002668111111111111
Anger,pilih,0.002696888888888889,-0.002696888888888889
Anger,budiman,0.0027294444444444445,-0.0027294444444444445
Anger,aliran,0.0027305555555555555,-0.0027305555555555555
Anger,up,0.0027404444444444442,-0.0027404444444444442
Anger,perut,0.002747,-0.002747
Anger,sekali,0.0027544444444444443,-0.0027544444444444443
Anger,gula,0.0027635555555555556,-0.0027635555555555556
Anger,takut,0.002896222222222222,-0.002896222222222222
Anger,shade,0.0029016666666666665,-0.0029016666666666665
Anger,gajah,0.002906,-0.002906
Anger,nyangkut,0.002958,-0.002958
Anger,susah,0.0029883333333333333,-0.0029883333333333333
Anger,atlet,0.0030091111111111113,-0.0030091111111111113
Anger,bicara,0.0030202222222222223,-0.0030202222222222223
Anger,bitcoin,0.0030221111111111113,-0.0030221111111111113
Anger,koroktor,0.0030596666666666667,-0.0030596666666666667
Anger,patuk,0.003076111111111111,-0.003076111111111111
Anger,2,0.003079111111111111,-0.003079111111111111
Anger,bersiap,0.003099888888888889,-0.003099888888888889
Anger,sampai,0.0032014444444444443,-0.0032014444444444443
Anger,pasar,0.0034455555555555554,-0.0034455555555555554
Anger,warda,0.0034997777777777774,-0.0034997777777777774
Anger,nutrisi,0.0035057777777777774,-0.0035057777777777774
Anger,rian,0.003572777777777778,-0.003572777777777778
Anger,wanita,0.0036004444444444447,-0.0036004444444444447
Anger,jangan,0.003619666666666667,-0.003619666666666667
Anger,bawa,0.003658888888888889,-0.003658888888888889
Anger,benar,0.0036994444444444444,-0.0036994444444444444
Anger,kb,0.003742888888888889,-0.003742888888888889
Anger,hati,0.003806777777777778,-0.003806777777777778
Anger,cewek,0.0038503333333333336,-0.0038503333333333336
Anger,warna,0.003856111111111111,-0.003856111111111111
Anger,hah,0.004049111111111111,-0.004049111111111111
Anger,terangkono,0.004094222222222222,-0.004094222222222222
Anger,ikan,0.004199666666666667,-0.004199666666666667
Anger,safat,0.004210555555555555,-0.004210555555555555
Anger,naik,0.004246,-0.004246
Anger,like,0.004267222222222223,-0.004267222222222223
Anger,workout,0.004333222222222222,-0.004333222222222222
Anger,headnya,0.004335111111111112,-0.004335111111111112
Anger,asbak,0.004375111111111111,-0.004375111111111111
Anger,terima,0.004469222222222222,-0.004469222222222222
Anger,hari,0.004616222222222222,-0.004616222222222222
Anger,minuman,0.004619555555555556,-0.004619555555555556
Anger,memiliki,0.00468,-0.00468
Anger,sini,0.0047625555555555555,-0.0047625555555555555
Anger,triangle,0.004799111111111112,-0.004799111111111112
Anger,menyerupai,0.004870888888888889,-0.004870888888888889
Anger,retinal,0.004870888888888889,-0.004870888888888889
Anger,space,0.004921333333333333,-0.004921333333333333
Anger,kehamilan,0.004947666666666666,-0.004947666666666666
Anger,3,0.004990222222222222,-0.004990222222222222
Anger,airnya,0.004991666666666667,-0.004991666666666667
Anger,jika,0.005102666666666667,-0.005102666666666667
Anger,laser,0.005183777777777778,-0.005183777777777778
Anger,s,0.005230444444444444,-0.005230444444444444
Anger,i,0.005334555555555555,-0.005334555555555555
Anger,otak,0.0053521111111111104,-0.0053521111111111104
Anger,rambut,0.0053690000000000005,-0.0053690000000000005
Anger,shower,0.005431222222222223,-0.005431222222222223
Anger,turun,0.005490888888888889,-0.005490888888888889
Anger,air,0.0054945555555555555,-0.0054945555555555555
Anger,pusar,0.005695666666666667,-0.005695666666666667
Anger,jalan,0.005752,-0.005752
Anger,sebenarnya,0.005779333333333333,-0.005779333333333333
Anger,filter,0.006043444444444445,-0.006043444444444445
Anger,n,0.006355444444444445,-0.006355444444444445
Anger,anak,0.006395777777777778,-0.006395777777777778
Anger,hamil,0.006422444444444444,-0.006422444444444444
Anger,suka,0.0066370000000000005,-0.0066370000000000005
Anger,beban,0.006648777777777778,-0.006648777777777778
Anger,adalah,0.006698333333333334,-0.006698333333333334
Anger,kasih,0.006760222222222221,-0.006760222222222221
Anger,speedy,0.007598222222222222,-0.007598222222222222
Anger,mobil,0.007657111111111111,-0.007657111111111111
Anger,liposom,0.007775777777777778,-0.007775777777777778
Anger,mums,0.007776000000000001,-0.007776000000000001
Anger,dikasih,0.02541988888888889,-0.00861088888888889
Anger,rasa,0.008810222222222223,-0.008810222222222223
Anger,kulit,0.008925333333333334,-0.008925333333333334
Anger,mungkin,0.009240777777777778,-0.009240777777777778
Anger,jakarta,0.009441,-0.009441
Anger,mual,0.009528888888888889,-0.009528888888888889
Anger,interactif,0.009938111111111111,-0.009938111111111111
Anger,maksimum,0.009938111111111111,-0.009938111111111111
Anger,pengekatan,0.009938111111111111,-0.009938111111111111
Anger,penggantian,0.009938111111111111,-0.009938111111111111
Anger,sekuriti,0.009938111111111111,-0.009938111111111111
Anger,saham,0.010373333333333333,-0.010373333333333333
Anger,bener,0.010459111111111112,-0.010459111111111112
Anger,tahu,0.010512,-0.010512
Anger,and,0.010534444444444445,-0.010534444444444445
Anger,agak,0.010568666666666665,-0.010568666666666665
Anger,menarik,0.01059811111111111,-0.01059811111111111
Anger,pertama,0.010801111111111112,-0.010801111111111112
Anger,oke,0.011176444444444444,-0.011176444444444444
Anger,sekitar,0.011736555555555556,-0.011736555555555556
Anger,kamera,0.012174666666666667,-0.012174666666666667
Anger,selesai,0.012185111111111112,-0.012185111111111112
Anger,minggu,0.012826555555555556,-0.012826555555555556
Anger,aktivitas,0.013247666666666666,-0.013247666666666666
Anger,kejutan,0.013576888888888888,-0.013576888888888888
Anger,langsung,0.014057444444444444,-0.014057444444444444
Anger,info,0.014118111111111113,-0.014118111111111113
Anger,pergi,0.014326333333333333,-0.014326333333333333
Anger,cover,0.014337444444444446,-0.014337444444444446
Anger,android,0.014337444444444446,-0.014337444444444446
Anger,lalu,0.014431333333333332,-0.014431333333333332
Anger,john,0.014525666666666668,-0.014525666666666668
Anger,misalnya,0.01457222222222222,-0.01457222222222222
Anger,update,0.014574333333333335,-0.014574333333333335
Anger,performa,0.014574333333333335,-0.014574333333333335
Anger,18,0.014967777777777778,-0.014967777777777778
Anger,dimensi,0.015425555555555557,-0.015425555555555557
Anger,lari,0.015483888888888889,-0.015483888888888889
Anger,k,0.01577822222222222,-0.01577822222222222
Anger,long,0.01577822222222222,-0.01577822222222222
Anger,run,0.016467555555555555,-0.016467555555555555
Anger,drag,0.01716488888888889,-0.01716488888888889
Anger,tahun,0.017356999999999997,-0.017356999999999997
Anger,eraser,0.01782522222222222,-0.01782522222222222
Anger,layar,0.018262,-0.018262
Anger,mindset,0.018355,-0.018355
Anger,wa,0.018676444444444443,-0.018676444444444443
Anger,fold,0.018676444444444443,-0.018676444444444443
Anger,nemenin,0.019497555555555556,-0.019497555555555556
Anger,game,0.01982177777777778,-0.01982177777777778
Anger,drop,0.019876222222222222,-0.019876222222222222
Anger,kursakan,0.019876222222222222,-0.019876222222222222
Anger,dzięki,0.02075011111111111,-0.02075011111111111
Anger,النine,0.02075011111111111,-0.02075011111111111
Anger,wooo,0.02075011111111111,-0.02075011111111111
Anger,finess,0.02075011111111111,-0.02075011111111111
Anger,yosua,0.02075011111111111,-0.02075011111111111
Anger,eroh,0.02075011111111111,-0.02075011111111111
Anger,doppin,0.02075011111111111,-0.02075011111111111
Anger,ai,0.021177222222222222,-0.021177222222222222
Anger,detail,0.02150611111111111,-0.02150611111111111
Anger,7,0.02187711111111111,-0.02187711111111111
Anger,terakhir,0.023148,-0.023148
Anger,you,0.024005666666666665,-0.024005666666666665
Anger,mantap,0.02541988888888889,-0.02541988888888889
Anger,kilo,0.028652666666666667,-0.028652666666666667
Anger,thank,0.029477666666666666,-0.029477666666666666
Anger,glory,0.03625844444444445,-0.03625844444444445
Anger,ujan,0.03721777777777777,-0.03721777777777777
Fear,saham,0.0,0.09336
Fear,pusar,0.0,0.051261
Fear,turun,0.0,0.049418
Fear,otak,0.0,0.048169
Fear,triangle,0.0,0.043192
Fear,safat,0.0,0.037895
Fear,jalan,0.001207090909090909,0.037282909090909096
Fear,terangkono,0.0,0.036848
Fear,cewek,0.0,0.034653
Fear,hati,0.0,0.034261
Fear,kb,0.0,0.033686
Fear,jangan,0.0,0.032577
Fear,wanita,0.0,0.032404
Fear,rian,0.0,0.032155
Fear,pasar,0.0,0.03101
Fear,koroktor,0.0,0.027537
Fear,bitcoin,0.0,0.027199
Fear,susah,0.0,0.026895
Fear,nyangkut,0.0,0.026622
Fear,takut,0.0,0.026066
Fear,budiman,0.0,0.024565
Fear,pilih,0.0,0.024272
Fear,olah,0.0,0.023923
Fear,atasnya,0.0,0.023547
Fear,keluar,0.0,0.023283
Fear,agresif,0.0,0.023157
Fear,naik,0.0013158181818181819,0.02242418181818182
Fear,mindset,0.011929818181818182,0.022037181818181817
Fear,kejutan,0.00882009090909091,0.01635090909090909
Fear,aktivitas,0.008670454545454545,0.015183545454545455
Fear,baru,0.0011115454545454545,-0.0011115454545454545
Fear,otot,0.0011137272727272727,-0.0011137272727272727
Fear,1,0.0011238181818181818,-0.0011238181818181818
Fear,coba,0.001161909090909091,-0.001161909090909091
Fear,sunscreen,0.0011667272727272726,-0.0011667272727272726
Fear,cuma,0.001172363636363636,-0.001172363636363636
Fear,warnanya,0.0011906363636363636,-0.0011906363636363636
Fear,olaraga,0.0011967272727272727,-0.0011967272727272727
Fear,nama,0.0011972727272727272,-0.0011972727272727272
Fear,waktu,0.001250272727272727,-0.001250272727272727
Fear,perunggu,0.0012851818181818181,-0.0012851818181818181
Fear,selamat,0.0012947272727272725,-0.0012947272727272725
Fear,kuyup,0.0012952727272727274,-0.0012952727272727274
Fear,kaki,0.0013045454545454547,-0.0013045454545454547
Fear,ayo,0.0013210909090909091,-0.0013210909090909091
Fear,olahraga,0.0013225454545454545,-0.0013225454545454545
Fear,allah,0.0013472727272727273,-0.0013472727272727273
Fear,lux,0.0013831818181818181,-0.0013831818181818181
Fear,azik,0.0013871818181818184,-0.0013871818181818184
Fear,bagian,0.001395090909090909,-0.001395090909090909
Fear,kali,0.0014117272727272726,-0.0014117272727272726
Fear,fit,0.0015352727272727274,-0.0015352727272727274
Fear,skin,0.0015699090909090908,-0.0015699090909090908
Fear,oxford,0.001634181818181818,-0.001634181818181818
Fear,tim,0.001670090909090909,-0.001670090909090909
Fear,oh,0.0018297272727272726,-0.0018297272727272726
Fear,anduk,0.0018876363636363637,-0.0018876363636363637
Fear,paddle,0.0018876363636363637,-0.0018876363636363637
Fear,beli,0.0019563636363636363,-0.0019563636363636363
Fear,mam,0.001978090909090909,-0.001978090909090909
Fear,kemaren,0.001979272727272727,-0.001979272727272727
Fear,muka,0.0019957272727272727,-0.0019957272727272727
Fear,asupan,0.002004181818181818,-0.002004181818181818
Fear,mangsa,0.002008727272727273,-0.002008727272727273
Fear,cakup,0.002084,-0.002084
Fear,menang,0.0021004545454545455,-0.0021004545454545455
Fear,enak,0.0021299090909090907,-0.0021299090909090907
Fear,tulkit,0.0021603636363636365,-0.0021603636363636365
Fear,gua,0.002183,-0.002183
Fear,aliran,0.002234090909090909,-0.002234090909090909
Fear,up,0.002242181818181818,-0.002242181818181818
Fear,perut,0.0022475454545454543,-0.0022475454545454543
Fear,sekali,0.0022536363636363635,-0.0022536363636363635
Fear,gula,0.0022610909090909088,-0.0022610909090909088
Fear,shade,0.002374090909090909,-0.002374090909090909
Fear,gajah,0.0023776363636363635,-0.0023776363636363635
Fear,atlet,0.002462,-0.002462
Fear,bicara,0.0024710909090909093,-0.0024710909090909093
Fear,patuk,0.002516818181818182,-0.002516818181818182
Fear,2,0.002519272727272727,-0.002519272727272727
Fear,bersiap,0.0025362727272727273,-0.0025362727272727273
Fear,sampai,0.0026193636363636363,-0.0026193636363636363
Fear,warda,0.0028634545454545453,-0.0028634545454545453
Fear,nutrisi,0.002868363636363636,-0.002868363636363636
Fear,betul,0.0029799999999999996,-0.0029799999999999996
Fear,bawa,0.0029936363636363637,-0.0029936363636363637
Fear,benar,0.0030268181818181817,-0.0030268181818181817
Fear,stress,0.0030329090909090913,-0.0030329090909090913
Fear,warna,0.003155,-0.003155
Fear,lawan,0.003185272727272727,-0.003185272727272727
Fear,kaya,0.0032181818181818184,-0.0032181818181818184
Fear,berapa,0.003280727272727273,-0.003280727272727273
Fear,gampang,0.003296181818181818,-0.003296181818181818
Fear,hah,0.003312909090909091,-0.003312909090909091
Fear,ikan,0.003436090909090909,-0.003436090909090909
Fear,like,0.0034913636363636366,-0.0034913636363636366
Fear,politik,0.0035174545454545454,-0.0035174545454545454
Fear,workout,0.0035453636363636364,-0.0035453636363636364
Fear,headnya,0.003546909090909091,-0.003546909090909091
Fear,asbak,0.0035796363636363643,-0.0035796363636363643
Fear,terima,0.003656636363636363,-0.003656636363636363
Fear,minggir,0.0037352727272727273,-0.0037352727272727273
Fear,hari,0.0037769090909090908,-0.0037769090909090908
Fear,minuman,0.003779636363636364,-0.003779636363636364
Fear,memiliki,0.0038290909090909083,-0.0038290909090909083
Fear,kira,0.003884,-0.003884
Fear,sini,0.0038966363636363634,-0.0038966363636363634
Fear,speed,0.003931818181818181,-0.003931818181818181
Fear,menyerupai,0.003985272727272727,-0.003985272727272727
Fear,retinal,0.003985272727272727,-0.003985272727272727
Fear,teori,0.004002181818181818,-0.004002181818181818
Fear,space,0.0040265454545454545,-0.0040265454545454545
Fear,kehamilan,0.004048090909090909,-0.004048090909090909
Fear,3,0.004082909090909091,-0.004082909090909091
Fear,airnya,0.004084090909090909,-0.004084090909090909
Fear,jika,0.004174909090909091,-0.004174909090909091
Fear,bagus,0.004184181818181818,-0.004184181818181818
Fear,laser,0.004241272727272727,-0.004241272727272727
Fear,kau,0.004276,-0.004276
Fear,s,0.0042794545454545455,-0.0042794545454545455
Fear,i,0.004364636363636363,-0.004364636363636363
Fear,semua,0.004387909090909092,-0.004387909090909092
Fear,rambut,0.004392818181818182,-0.004392818181818182
Fear,shower,0.004443727272727272,-0.004443727272727272
Fear,air,0.004495545454545454,-0.004495545454545454
Fear,kemampuan,0.004512,-0.004512
Fear,sebenarnya,0.004728545454545454,-0.004728545454545454
Fear,lihat,0.004802818181818182,-0.004802818181818182
Fear,donut,0.004808,-0.004808
Fear,jantung,0.004942909090909091,-0.004942909090909091
Fear,filter,0.004944636363636363,-0.004944636363636363
Fear,masalah,0.005,-0.005
Fear,n,0.005199909090909091,-0.005199909090909091
Fear,anak,0.005232909090909091,-0.005232909090909091
Fear,hamil,0.005254727272727273,-0.005254727272727273
Fear,jawa,0.005290909090909091,-0.005290909090909091
Fear,punya,0.005406545454545455,-0.005406545454545455
Fear,suka,0.005430272727272727,-0.005430272727272727
Fear,beban,0.005439909090909092,-0.005439909090909092
Fear,adalah,0.005480454545454546,-0.005480454545454546
Fear,kasih,0.005531090909090908,-0.005531090909090908
Fear,speedy,0.006216727272727273,-0.006216727272727273
Fear,mobil,0.006264909090909091,-0.006264909090909091
Fear,liposom,0.0063620000000000005,-0.0063620000000000005
Fear,mums,0.006362181818181819,-0.006362181818181819
Fear,satu,0.007086363636363637,-0.007086363636363637
Fear,bukan,0.007148818181818181,-0.007148818181818181
Fear,rasa,0.007208363636363637,-0.007208363636363637
Fear,gini,0.007226818181818181,-0.007226818181818181
Fear,indonesia,0.007296545454545455,-0.007296545454545455
Fear,kulit,0.007302545454545453,-0.007302545454545453
Fear,mungkin,0.007560636363636364,-0.007560636363636364
Fear,jakarta,0.007724454545454546,-0.007724454545454546
Fear,mual,0.007796363636363637,-0.007796363636363637
Fear,maksimum,0.008131181818181817,-0.008131181818181817
Fear,sekuriti,0.008131181818181817,-0.008131181818181817
Fear,penggantian,0.008131181818181817,-0.008131181818181817
Fear,interactif,0.008131181818181817,-0.008131181818181817
Fear,pengekatan,0.008131181818181817,-0.008131181818181817
Fear,bener,0.008557454545454547,-0.008557454545454547
Fear,tahu,0.008600727272727272,-0.008600727272727272
Fear,and,0.00861909090909091,-0.00861909090909091
Fear,agak,0.008647090909090908,-0.008647090909090908
Fear,menarik,0.008671181818181817,-0.008671181818181817
Fear,pertama,0.008837272727272728,-0.008837272727272728
Fear,banyak,0.008931272727272727,-0.008931272727272727
Fear,teman,0.008988363636363636,-0.008988363636363636
Fear,nah,0.00906318181818182,-0.00906318181818182
Fear,oke,0.009144363636363636,-0.009144363636363636
Fear,sekitar,0.009602636363636364,-0.009602636363636364
Fear,kamera,0.009961090909090909,-0.009961090909090909
Fear,selesai,0.009969636363636363,-0.009969636363636363
Fear,minggu,0.010494454545454545,-0.010494454545454545
Fear,langsung,0.011501545454545454,-0.011501545454545454
Fear,info,0.01155118181818182,-0.01155118181818182
Fear,pergi,0.011721545454545455,-0.011721545454545455
Fear,android,0.011730636363636365,-0.011730636363636365
Fear,cover,0.011730636363636365,-0.011730636363636365
Fear,lalu,0.011807454545454545,-0.011807454545454545
Fear,john,0.011884636363636365,-0.011884636363636365
Fear,misalnya,0.011922727272727272,-0.011922727272727272
Fear,update,0.011924454545454545,-0.011924454545454545
Fear,performa,0.011924454545454545,-0.011924454545454545
Fear,18,0.012246363636363637,-0.012246363636363637
Fear,dimensi,0.012620909090909092,-0.012620909090909092
Fear,lari,0.012668636363636365,-0.012668636363636365
Fear,long,0.012909454545454545,-0.012909454545454545
Fear,k,0.012909454545454545,-0.012909454545454545
Fear,run,0.013473454545454545,-0.013473454545454545
Fear,drag,0.014044000000000001,-0.014044000000000001
Fear,tahun,0.014201181818181818,-0.014201181818181818
Fear,eraser,0.014584272727272725,-0.014584272727272725
Fear,layar,0.014941636363636364,-0.014941636363636364
Fear,wa,0.015280727272727272,-0.015280727272727272
Fear,fold,0.015280727272727272,-0.015280727272727272
Fear,nemenin,0.015952545454545455,-0.015952545454545455
Fear,game,0.01621781818181818,-0.01621781818181818
Fear,drop,0.016262363636363634,-0.016262363636363634
Fear,kursakan,0.016262363636363634,-0.016262363636363634
Fear,kalian,0.01696663636363636,-0.01696663636363636
Fear,doppin,0.016977363636363638,-0.016977363636363638
Fear,finess,0.016977363636363638,-0.016977363636363638
Fear,النine,0.016977363636363638,-0.016977363636363638
Fear,wooo,0.016977363636363638,-0.016977363636363638
Fear,eroh,0.016977363636363638,-0.016977363636363638
Fear,yosua,0.016977363636363638,-0.016977363636363638
Fear,dzięki,0.016977363636363638,-0.016977363636363638
Fear,ai,0.01732681818181818,-0.01732681818181818
Fear,detail,0.017595909090909093,-0.017595909090909093
Fear,7,0.017899454545454548,-0.017899454545454548
Fear,terakhir,0.018939272727272725,-0.018939272727272725
Fear,you,0.019641,-0.019641
Fear,mantap,0.020798090909090912,-0.020798090909090912
Fear,kilo,0.02344309090909091,-0.02344309090909091
Fear,dikasih,0.023854272727272727,-0.023854272727272727
Fear,thank,0.02411809090909091,-0.02411809090909091
Fear,glory,0.029666,-0.029666
Fear,ujan,0.030450909090909088,-0.030450909090909088
Joy,jakarta,0.002721909090909091,0.05230609090909091
Joy,mobil,0.0034285454545454545,0.027771454545454544
Joy,bicara,0.0,0.027182
Joy,sekali,0.0,0.02479
Joy,menang,0.0,0.023105
Joy,teman,0.004755909090909091,0.020860090909090908
Joy,tim,0.0,0.018371
Joy,oxford,0.0,0.017976
Joy,indonesia,0.003298909090909091,0.017096090909090908
Joy,fit,0.0,0.016888
Joy,azik,0.0,0.015259
Joy,lux,0.0,0.015215
Joy,ayo,0.0,0.014532
Joy,kuyup,0.0,0.014248
Joy,selamat,0.0,0.014242
Joy,perunggu,0.0,0.014137
Joy,atlet,0.0011164545454545455,0.013684545454545454
Joy,kasih,0.003938909090909091,0.013575090909090908
Joy,nama,0.0,0.01317
Joy,olaraga,0.0,0.013164
Joy,3,0.0026568181818181816,0.013030181818181817
Joy,hari,0.002416090909090909,0.01255290909090909
Joy,enak,0.0009081818181818183,0.012530818181818181
Joy,kalian,0.012607181818181818,0.012379818181818181
Joy,semua,0.0015895454545454546,0.011707454545454545
Joy,terima,0.002378090909090909,0.01168590909090909
Joy,banyak,0.005665363636363637,0.011267636363636363
Joy,naik,0.004316363636363636,0.010157636363636365
Joy,nah,0.005777818181818182,0.007596181818181819
Joy,baru,0.0011115454545454545,-0.0011115454545454545
Joy,otot,0.0011137272727272727,-0.0011137272727272727
Joy,1,0.0011238181818181818,-0.0011238181818181818
Joy,coba,0.001161909090909091,-0.001161909090909091
Joy,sunscreen,0.0011667272727272726,-0.0011667272727272726
Joy,cuma,0.0011723636363636363,-0.0011723636363636363
Joy,warnanya,0.0011906363636363636,-0.0011906363636363636
Joy,waktu,0.0012502727272727273,-0.0012502727272727273
Joy,kaki,0.0013045454545454547,-0.0013045454545454547
Joy,olahraga,0.0013225454545454545,-0.0013225454545454545
Joy,allah,0.0013472727272727273,-0.0013472727272727273
Joy,bagian,0.0013950909090909092,-0.0013950909090909092
Joy,kali,0.0014117272727272726,-0.0014117272727272726
Joy,betul,0.0014899999999999998,-0.0014899999999999998
Joy,stress,0.0015164545454545457,-0.0015164545454545457
Joy,skin,0.0015699090909090908,-0.0015699090909090908
Joy,lawan,0.0015926363636363636,-0.0015926363636363636
Joy,kaya,0.0016090909090909092,-0.0016090909090909092
Joy,berapa,0.0016403636363636364,-0.0016403636363636364
Joy,gampang,0.001648090909090909,-0.001648090909090909
Joy,politik,0.0017587272727272727,-0.0017587272727272727
Joy,oh,0.0018297272727272726,-0.0018297272727272726
Joy,minggir,0.0018676363636363636,-0.0018676363636363636
Joy,anduk,0.0018876363636363637,-0.0018876363636363637
Joy,paddle,0.0018876363636363637,-0.0018876363636363637
Joy,kira,0.001942,-0.001942
Joy,beli,0.0019563636363636363,-0.0019563636363636363
Joy,speed,0.0019659090909090906,-0.0019659090909090906
Joy,mam,0.001978090909090909,-0.001978090909090909
Joy,kemaren,0.001979272727272727,-0.001979272727272727
Joy,muka,0.0019957272727272727,-0.0019957272727272727
Joy,teori,0.002001090909090909,-0.002001090909090909
Joy,asupan,0.002004181818181818,-0.002004181818181818
Joy,mangsa,0.0020087272727272727,-0.0020087272727272727
Joy,cakup,0.002084,-0.002084
Joy,bagus,0.002092090909090909,-0.002092090909090909
Joy,kau,0.0021379999999999997,-0.0021379999999999997
Joy,tulkit,0.0021603636363636365,-0.0021603636363636365
Joy,gua,0.002183,-0.002183
Joy,aliran,0.002234090909090909,-0.002234090909090909
Joy,up,0.002242181818181818,-0.002242181818181818
Joy,perut,0.0022475454545454543,-0.0022475454545454543
Joy,kemampuan,0.0022559999999999998,-0.0022559999999999998
Joy,gula,0.0022610909090909088,-0.0022610909090909088
Joy,shade,0.002374090909090909,-0.002374090909090909
Joy,gajah,0.0023776363636363635,-0.0023776363636363635
Joy,donut,0.0024040000000000003,-0.0024040000000000003
Joy,jantung,0.0024714545454545453,-0.0024714545454545453
Joy,masalah,0.0025,-0.0025
Joy,patuk,0.002516818181818182,-0.002516818181818182
Joy,2,0.002519272727272727,-0.002519272727272727
Joy,bersiap,0.0025362727272727273,-0.0025362727272727273
Joy,sampai,0.0026193636363636363,-0.0026193636363636363
Joy,jawa,0.0026454545454545455,-0.0026454545454545455
Joy,warda,0.0028634545454545453,-0.0028634545454545453
Joy,nutrisi,0.002868363636363636,-0.002868363636363636
Joy,bawa,0.0029936363636363637,-0.0029936363636363637
Joy,benar,0.0030268181818181817,-0.0030268181818181817
Joy,lihat,0.0030920909090909094,-0.0030920909090909094
Joy,warna,0.003155,-0.003155
Joy,hah,0.003312909090909091,-0.003312909090909091
Joy,ikan,0.003436090909090909,-0.003436090909090909
Joy,like,0.0034913636363636366,-0.0034913636363636366
Joy,workout,0.0035453636363636364,-0.0035453636363636364
Joy,headnya,0.003546909090909091,-0.003546909090909091
Joy,asbak,0.003579636363636364,-0.003579636363636364
Joy,minuman,0.003779636363636364,-0.003779636363636364
Joy,memiliki,0.0038290909090909087,-0.0038290909090909087
Joy,sini,0.0038966363636363634,-0.0038966363636363634
Joy,punya,0.003937818181818182,-0.003937818181818182
Joy,retinal,0.003985272727272727,-0.003985272727272727
Joy,menyerupai,0.003985272727272727,-0.003985272727272727
Joy,space,0.0040265454545454545,-0.0040265454545454545
Joy,kehamilan,0.004048090909090909,-0.004048090909090909
Joy,airnya,0.004084090909090909,-0.004084090909090909
Joy,bukan,0.004113909090909091,-0.004113909090909091
Joy,jika,0.004174909090909091,-0.004174909090909091
Joy,agresif,0.004210363636363636,-0.004210363636363636
Joy,keluar,0.004233272727272728,-0.004233272727272728
Joy,laser,0.004241272727272727,-0.004241272727272727
Joy,s,0.0042794545454545455,-0.0042794545454545455
Joy,atasnya,0.004281272727272727,-0.004281272727272727
Joy,olah,0.004349636363636364,-0.004349636363636364
Joy,i,0.004364636363636363,-0.004364636363636363
Joy,rambut,0.004392818181818182,-0.004392818181818182
Joy,pilih,0.004413090909090909,-0.004413090909090909
Joy,shower,0.004443727272727273,-0.004443727272727273
Joy,budiman,0.004466363636363636,-0.004466363636363636
Joy,air,0.004495545454545454,-0.004495545454545454
Joy,sebenarnya,0.004728545454545454,-0.004728545454545454
Joy,takut,0.004739272727272727,-0.004739272727272727
Joy,nyangkut,0.004840363636363637,-0.004840363636363637
Joy,susah,0.004889999999999999,-0.004889999999999999
Joy,satu,0.004902545454545455,-0.004902545454545455
Joy,filter,0.004944636363636365,-0.004944636363636365
Joy,bitcoin,0.004945272727272728,-0.004945272727272728
Joy,koroktor,0.005006727272727273,-0.005006727272727273
Joy,glory,0.027622,-0.005138
Joy,n,0.005199909090909091,-0.005199909090909091
Joy,anak,0.005232909090909091,-0.005232909090909091
Joy,hamil,0.005254727272727273,-0.005254727272727273
Joy,suka,0.005430272727272727,-0.005430272727272727
Joy,beban,0.005439909090909092,-0.005439909090909092
Joy,adalah,0.005480454545454546,-0.005480454545454546
Joy,pasar,0.005638181818181818,-0.005638181818181818
Joy,gini,0.005644818181818181,-0.005644818181818181
Joy,rian,0.0058463636363636365,-0.0058463636363636365
Joy,wanita,0.005891636363636364,-0.005891636363636364
Joy,jangan,0.005923090909090909,-0.005923090909090909
Joy,kb,0.006124727272727273,-0.006124727272727273
Joy,speedy,0.006216727272727273,-0.006216727272727273
Joy,hati,0.006229272727272727,-0.006229272727272727
Joy,cewek,0.006300545454545455,-0.006300545454545455
Joy,liposom,0.0063620000000000005,-0.0063620000000000005
Joy,mums,0.006362181818181819,-0.006362181818181819
Joy,terangkono,0.006699636363636363,-0.006699636363636363
Joy,safat,0.006889999999999999,-0.006889999999999999
Joy,rasa,0.007208363636363637,-0.007208363636363637
Joy,kulit,0.007302545454545454,-0.007302545454545454
Joy,mungkin,0.007560636363636364,-0.007560636363636364
Joy,mual,0.007796363636363637,-0.007796363636363637
Joy,triangle,0.007853090909090909,-0.007853090909090909
Joy,pengekatan,0.008131181818181817,-0.008131181818181817
Joy,interactif,0.008131181818181817,-0.008131181818181817
Joy,penggantian,0.008131181818181817,-0.008131181818181817
Joy,maksimum,0.008131181818181817,-0.008131181818181817
Joy,sekuriti,0.008131181818181817,-0.008131181818181817
Joy,jalan,0.008205272727272728,-0.008205272727272728
Joy,bener,0.008557454545454547,-0.008557454545454547
Joy,tahu,0.008600727272727272,-0.008600727272727272
Joy,and,0.00861909090909091,-0.00861909090909091
Joy,agak,0.008647090909090908,-0.008647090909090908
Joy,menarik,0.008671181818181817,-0.008671181818181817
Joy,otak,0.008758,-0.008758
Joy,pertama,0.008837272727272728,-0.008837272727272728
Joy,turun,0.008985090909090908,-0.008985090909090908
Joy,oke,0.009144363636363636,-0.009144363636363636
Joy,pusar,0.009320181818181818,-0.009320181818181818
Joy,sekitar,0.009602636363636364,-0.009602636363636364
Joy,kamera,0.009961090909090909,-0.009961090909090909
Joy,selesai,0.009969636363636363,-0.009969636363636363
Joy,minggu,0.010494454545454545,-0.010494454545454545
Joy,langsung,0.011501545454545454,-0.011501545454545454
Joy,info,0.01155118181818182,-0.01155118181818182
Joy,pergi,0.011721545454545455,-0.011721545454545455
Joy,cover,0.011730636363636365,-0.011730636363636365
Joy,android,0.011730636363636365,-0.011730636363636365
Joy,lalu,0.011807454545454545,-0.011807454545454545
Joy,john,0.011884636363636365,-0.011884636363636365
Joy,misalnya,0.011922727272727272,-0.011922727272727272
Joy,update,0.011924454545454545,-0.011924454545454545
Joy,performa,0.011924454545454545,-0.011924454545454545
Joy,18,0.012246363636363637,-0.012246363636363637
Joy,dimensi,0.012620909090909092,-0.012620909090909092
Joy,lari,0.012668636363636365,-0.012668636363636365
Joy,k,0.012909454545454545,-0.012909454545454545
Joy,long,0.012909454545454545,-0.012909454545454545
Joy,aktivitas,0.013007545454545454,-0.013007545454545454
Joy,kejutan,0.013396636363636362,-0.013396636363636362
Joy,run,0.013473454545454545,-0.013473454545454545
Joy,drag,0.014044000000000001,-0.014044000000000001
Joy,tahun,0.014201181818181818,-0.014201181818181818
Joy,eraser,0.014584272727272725,-0.014584272727272725
Joy,layar,0.014941636363636364,-0.014941636363636364
Joy,wa,0.015280727272727272,-0.015280727272727272
Joy,fold,0.015280727272727272,-0.015280727272727272
Joy,nemenin,0.015952545454545455,-0.015952545454545455
Joy,game,0.01621781818181818,-0.01621781818181818
Joy,drop,0.016262363636363634,-0.016262363636363634
Joy,kursakan,0.016262363636363634,-0.016262363636363634
Joy,saham,0.016974545454545454,-0.016974545454545454
Joy,eroh,0.016977363636363638,-0.016977363636363638
Joy,finess,0.016977363636363638,-0.016977363636363638
Joy,wooo,0.016977363636363638,-0.016977363636363638
Joy,dzięki,0.016977363636363638,-0.016977363636363638
Joy,النine,0.016977363636363638,-0.016977363636363638
Joy,yosua,0.016977363636363638,-0.016977363636363638
Joy,doppin,0.016977363636363638,-0.016977363636363638
Joy,ai,0.01732681818181818,-0.01732681818181818
Joy,detail,0.017595909090909093,-0.017595909090909093
Joy,7,0.017899454545454548,-0.017899454545454548
Joy,mindset,0.018105636363636362,-0.018105636363636362
Joy,terakhir,0.018939272727272725,-0.018939272727272725
Joy,you,0.019641,-0.019641
Joy,mantap,0.02079809090909091,-0.02079809090909091
Joy,dikasih,0.022326181818181818,-0.022326181818181818
Joy,kilo,0.02344309090909091,-0.02344309090909091
Joy,thank,0.02411809090909091,-0.02411809090909091
Joy,ujan,0.030450909090909088,-0.030450909090909088
Love,ujan,0.0,0.33496
Love,glory,0.004088,0.299754
Love,thank,0.0,0.265299
Love,kilo,0.0,0.257874
Love,mantap,0.0,0.228779
Love,dikasih,0.0015280909090909093,0.22725090909090911
Love,terakhir,0.0,0.208332
Love,dzięki,0.0,0.186751
Love,eroh,0.0,0.186751
Love,doppin,0.0,0.186751
Love,yosua,0.0,0.186751
Love,wooo,0.0,0.186751
Love,النine,0.0,0.186751
Love,finess,0.0,0.186751
Love,nemenin,0.0,0.175478
Love,you,0.003939545454545455,0.16877645454545456
Love,run,0.0,0.148208
Love,long,0.0,0.142004
Love,k,0.0,0.142004
Love,lari,0.0,0.139355
Love,18,0.0,0.13471
Love,john,0.0,0.130731
Love,pergi,0.0,0.128937
Love,minggu,0.0,0.115439
Love,selesai,0.0,0.109666
Love,sekitar,0.0,0.105629
Love,agak,0.0,0.095118
Love,tahu,0.0,0.094608
Love,mungkin,0.0,0.083167
Love,oke,0.0023184545454545454,0.07276654545454546
Love,baru,0.0011115454545454545,-0.0011115454545454545
Love,otot,0.0011137272727272727,-0.0011137272727272727
Love,1,0.0011238181818181818,-0.0011238181818181818
Love,coba,0.001161909090909091,-0.001161909090909091
Love,sunscreen,0.0011667272727272726,-0.0011667272727272726
Love,cuma,0.0011723636363636363,-0.0011723636363636363
Love,warnanya,0.0011906363636363636,-0.0011906363636363636
Love,waktu,0.0012502727272727273,-0.0012502727272727273
Love,kaki,0.0013045454545454547,-0.0013045454545454547
Love,olahraga,0.0013225454545454545,-0.0013225454545454545
Love,allah,0.0013472727272727273,-0.0013472727272727273
Love,bagian,0.0013950909090909092,-0.0013950909090909092
Love,kali,0.0014117272727272726,-0.0014117272727272726
Love,betul,0.0014899999999999998,-0.0014899999999999998
Love,stress,0.0015164545454545457,-0.0015164545454545457
Love,skin,0.0015699090909090908,-0.0015699090909090908
Love,lawan,0.0015926363636363636,-0.0015926363636363636
Love,kaya,0.0016090909090909092,-0.0016090909090909092
Love,berapa,0.0016403636363636364,-0.0016403636363636364
Love,gampang,0.001648090909090909,-0.001648090909090909
Love,politik,0.0017587272727272727,-0.0017587272727272727
Love,oh,0.0018297272727272726,-0.0018297272727272726
Love,minggir,0.0018676363636363636,-0.0018676363636363636
Love,anduk,0.0018876363636363637,-0.0018876363636363637
Love,paddle,0.0018876363636363637,-0.0018876363636363637
Love,kira,0.001942,-0.001942
Love,beli,0.0019563636363636363,-0.0019563636363636363
Love,speed,0.0019659090909090906,-0.0019659090909090906
Love,mam,0.001978090909090909,-0.001978090909090909
Love,kemaren,0.001979272727272727,-0.001979272727272727
Love,muka,0.0019957272727272727,-0.0019957272727272727
Love,teori,0.002001090909090909,-0.002001090909090909
Love,asupan,0.002004181818181818,-0.002004181818181818
Love,mangsa,0.0020087272727272727,-0.0020087272727272727
Love,cakup,0.002084,-0.002084
Love,bagus,0.002092090909090909,-0.002092090909090909
Love,agresif,0.002105181818181818,-0.002105181818181818
Love,keluar,0.002116636363636364,-0.002116636363636364
Love,kau,0.002138,-0.002138
Love,atasnya,0.0021406363636363637,-0.0021406363636363637
Love,tulkit,0.0021603636363636365,-0.0021603636363636365
Love,olah,0.002174818181818182,-0.002174818181818182
Love,gua,0.002183,-0.002183
Love,pilih,0.0022065454545454545,-0.0022065454545454545
Love,budiman,0.002233181818181818,-0.002233181818181818
Love,aliran,0.002234090909090909,-0.002234090909090909
Love,up,0.002242181818181818,-0.002242181818181818
Love,perut,0.0022475454545454543,-0.0022475454545454543
Love,kemampuan,0.002256,-0.002256
Love,gula,0.0022610909090909088,-0.0022610909090909088
Love,takut,0.0023696363636363637,-0.0023696363636363637
Love,shade,0.002374090909090909,-0.002374090909090909
Love,gajah,0.0023776363636363635,-0.0023776363636363635
Love,olaraga,0.0023934545454545454,-0.0023934545454545454
Love,nama,0.0023945454545454543,-0.0023945454545454543
Love,donut,0.002404,-0.002404
Love,nyangkut,0.0024201818181818183,-0.0024201818181818183
Love,susah,0.002445,-0.002445
Love,jantung,0.0024714545454545453,-0.0024714545454545453
Love,bitcoin,0.002472636363636364,-0.002472636363636364
Love,masalah,0.0025,-0.0025
Love,koroktor,0.0025033636363636365,-0.0025033636363636365
Love,patuk,0.002516818181818182,-0.002516818181818182
Love,2,0.002519272727272727,-0.002519272727272727
Love,bersiap,0.0025362727272727273,-0.0025362727272727273
Love,perunggu,0.0025703636363636363,-0.0025703636363636363
Love,selamat,0.0025894545454545454,-0.0025894545454545454
Love,kuyup,0.0025905454545454547,-0.0025905454545454547
Love,sampai,0.0026193636363636363,-0.0026193636363636363
Love,ayo,0.0026421818181818183,-0.0026421818181818183
Love,jawa,0.002645454545454546,-0.002645454545454546
Love,lux,0.0027663636363636362,-0.0027663636363636362
Love,azik,0.0027743636363636364,-0.0027743636363636364
Love,pasar,0.0028190909090909087,-0.0028190909090909087
Love,warda,0.0028634545454545453,-0.0028634545454545453
Love,nutrisi,0.002868363636363636,-0.002868363636363636
Love,rian,0.0029231818181818183,-0.0029231818181818183
Love,wanita,0.002945818181818182,-0.002945818181818182
Love,jangan,0.0029615454545454554,-0.0029615454545454554
Love,bawa,0.0029936363636363637,-0.0029936363636363637
Love,benar,0.0030268181818181817,-0.0030268181818181817
Love,kb,0.0030623636363636365,-0.0030623636363636365
Love,fit,0.0030705454545454547,-0.0030705454545454547
Love,lihat,0.0030920909090909094,-0.0030920909090909094
Love,hati,0.0031146363636363637,-0.0031146363636363637
Love,cewek,0.0031502727272727277,-0.0031502727272727277
Love,warna,0.003155,-0.003155
Love,oxford,0.003268363636363636,-0.003268363636363636
Love,hah,0.003312909090909091,-0.003312909090909091
Love,tim,0.003340181818181818,-0.003340181818181818
Love,terangkono,0.0033498181818181817,-0.0033498181818181817
Love,enak,0.0033516363636363635,-0.0033516363636363635
Love,ikan,0.003436090909090909,-0.003436090909090909
Love,safat,0.0034449999999999997,-0.0034449999999999997
Love,like,0.0034913636363636366,-0.0034913636363636366
Love,workout,0.0035453636363636364,-0.0035453636363636364
Love,headnya,0.003546909090909091,-0.003546909090909091
Love,asbak,0.003579636363636364,-0.003579636363636364
Love,minuman,0.003779636363636364,-0.003779636363636364
Love,atlet,0.003807545454545455,-0.003807545454545455
Love,memiliki,0.0038290909090909087,-0.0038290909090909087
Love,sini,0.0038966363636363634,-0.0038966363636363634
Love,triangle,0.003926545454545454,-0.003926545454545454
Love,punya,0.003937818181818182,-0.003937818181818182
Love,menyerupai,0.003985272727272727,-0.003985272727272727
Love,retinal,0.003985272727272727,-0.003985272727272727
Love,semua,0.004007181818181819,-0.004007181818181819
Love,space,0.0040265454545454545,-0.0040265454545454545
Love,kehamilan,0.004048090909090909,-0.004048090909090909
Love,airnya,0.004084090909090909,-0.004084090909090909
Love,bukan,0.004113909090909091,-0.004113909090909091
Love,jika,0.004174909090909091,-0.004174909090909091
Love,menang,0.004200909090909091,-0.004200909090909091
Love,laser,0.004241272727272727,-0.004241272727272727
Love,s,0.0042794545454545455,-0.0042794545454545455
Love,i,0.004364636363636363,-0.004364636363636363
Love,otak,0.004379,-0.004379
Love,rambut,0.004392818181818182,-0.004392818181818182
Love,shower,0.004443727272727273,-0.004443727272727273
Love,turun,0.004492545454545454,-0.004492545454545454
Love,air,0.004495545454545454,-0.004495545454545454
Love,sekali,0.004507272727272727,-0.004507272727272727
Love,pusar,0.004660090909090909,-0.004660090909090909
Love,jalan,0.0047061818181818186,-0.0047061818181818186
Love,sebenarnya,0.004728545454545454,-0.004728545454545454
Love,naik,0.0047898181818181815,-0.0047898181818181815
Love,satu,0.004902545454545455,-0.004902545454545455
Love,terima,0.004935181818181817,-0.004935181818181817
Love,bicara,0.004942181818181819,-0.004942181818181819
Love,filter,0.004944636363636364,-0.004944636363636364
Love,hari,0.005137727272727272,-0.005137727272727272
Love,n,0.005199909090909091,-0.005199909090909091
Love,anak,0.005232909090909091,-0.005232909090909091
Love,hamil,0.005254727272727273,-0.005254727272727273
Love,suka,0.005430272727272727,-0.005430272727272727
Love,beban,0.005439909090909092,-0.005439909090909092
Love,adalah,0.005480454545454546,-0.005480454545454546
Love,3,0.005509,-0.005509
Love,gini,0.005644818181818181,-0.005644818181818181
Love,speedy,0.006216727272727273,-0.006216727272727273
Love,liposom,0.0063620000000000005,-0.0063620000000000005
Love,mums,0.006362181818181819,-0.006362181818181819
Love,indonesia,0.007007090909090908,-0.007007090909090908
Love,kasih,0.007123272727272727,-0.007123272727272727
Love,rasa,0.007208363636363637,-0.007208363636363637
Love,kulit,0.007302545454545454,-0.007302545454545454
Love,mual,0.007796363636363637,-0.007796363636363637
Love,interactif,0.008131181818181817,-0.008131181818181817
Love,pengekatan,0.008131181818181817,-0.008131181818181817
Love,penggantian,0.008131181818181817,-0.008131181818181817
Love,maksimum,0.008131181818181817,-0.008131181818181817
Love,sekuriti,0.008131181818181817,-0.008131181818181817
Love,nah,0.008209454545454546,-0.008209454545454546
Love,saham,0.008487272727272727,-0.008487272727272727
Love,bener,0.008557454545454547,-0.008557454545454547
Love,and,0.00861909090909091,-0.00861909090909091
Love,menarik,0.008671181818181817,-0.008671181818181817
Love,banyak,0.00874409090909091,-0.00874409090909091
Love,pertama,0.008837272727272728,-0.008837272727272728
Love,mobil,0.009101272727272727,-0.009101272727272727
Love,teman,0.009413363636363636,-0.009413363636363636
Love,kamera,0.009961090909090909,-0.009961090909090909
Love,aktivitas,0.010839000000000001,-0.010839000000000001
Love,kejutan,0.011108363636363637,-0.011108363636363637
Love,langsung,0.011501545454545454,-0.011501545454545454
Love,info,0.01155118181818182,-0.01155118181818182
Love,android,0.011730636363636365,-0.011730636363636365
Love,cover,0.011730636363636365,-0.011730636363636365
Love,lalu,0.011807454545454545,-0.011807454545454545
Love,misalnya,0.011922727272727272,-0.011922727272727272
Love,update,0.011924454545454545,-0.011924454545454545
Love,performa,0.011924454545454545,-0.011924454545454545
Love,dimensi,0.012620909090909092,-0.012620909090909092
Love,jakarta,0.012727,-0.012727
Love,drag,0.014044000000000001,-0.014044000000000001
Love,tahun,0.014201181818181818,-0.014201181818181818
Love,eraser,0.014584272727272725,-0.014584272727272725
Love,layar,0.014941636363636364,-0.014941636363636364
Love,mindset,0.015017727272727271,-0.015017727272727271
Love,fold,0.015280727272727272,-0.015280727272727272
Love,wa,0.015280727272727272,-0.015280727272727272
Love,game,0.01621781818181818,-0.01621781818181818
Love,drop,0.016262363636363634,-0.016262363636363634
Love,kursakan,0.016262363636363634,-0.016262363636363634
Love,kalian,0.017150272727272726,-0.017150272727272726
Love,ai,0.01732681818181818,-0.01732681818181818
Love,detail,0.017595909090909093,-0.017595909090909093
Love,7,0.017899454545454548,-0.017899454545454548
Loyalty,7,0.0,0.196894
Loyalty,detail,0.0,0.193555
Loyalty,ai,0.0,0.190595
Loyalty,drop,0.0,0.178886
Loyalty,kursakan,0.0,0.178886
Loyalty,game,0.0,0.178396
Loyalty,wa,0.0,0.168088
Loyalty,fold,0.0,0.168088
Loyalty,layar,0.0,0.164358
Loyalty,eraser,0.0,0.160427
Loyalty,tahun,0.0,0.156213
Loyalty,drag,0.0,0.154484
Loyalty,dimensi,0.0,0.13883
Loyalty,update,0.0,0.131169
Loyalty,performa,0.0,0.131169
Loyalty,misalnya,0.0,0.13115
Loyalty,lalu,0.0,0.129882
Loyalty,android,0.0,0.129037
Loyalty,cover,0.0,0.129037
Loyalty,info,0.0,0.127063
Loyalty,kamera,0.0,0.109572
Loyalty,langsung,0.002323090909090909,0.09863990909090908
Loyalty,pertama,0.0,0.09721
Loyalty,menarik,0.0,0.095383
Loyalty,and,0.0,0.09481
Loyalty,interactif,0.0,0.089443
Loyalty,sekuriti,0.0,0.089443
Loyalty,maksimum,0.0,0.089443
Loyalty,pengekatan,0.0,0.089443
Loyalty,penggantian,0.0,0.089443
Loyalty,baru,0.0011115454545454545,-0.0011115454545454545
Loyalty,otot,0.0011137272727272727,-0.0011137272727272727
Loyalty,1,0.0011238181818181818,-0.0011238181818181818
Loyalty,coba,0.001161909090909091,-0.001161909090909091
Loyalty,sunscreen,0.0011667272727272726,-0.0011667272727272726
Loyalty,cuma,0.0011723636363636363,-0.0011723636363636363
Loyalty,warnanya,0.0011906363636363636,-0.0011906363636363636
Loyalty,olaraga,0.0011967272727272727,-0.0011967272727272727
Loyalty,nama,0.0011972727272727272,-0.0011972727272727272
Loyalty,waktu,0.0012502727272727273,-0.0012502727272727273
Loyalty,perunggu,0.0012851818181818183,-0.0012851818181818183
Loyalty,selamat,0.0012947272727272727,-0.0012947272727272727
Loyalty,kuyup,0.0012952727272727272,-0.0012952727272727272
Loyalty,kaki,0.0013045454545454547,-0.0013045454545454547
Loyalty,ayo,0.0013210909090909091,-0.0013210909090909091
Loyalty,olahraga,0.0013225454545454545,-0.0013225454545454545
Loyalty,allah,0.0013472727272727273,-0.0013472727272727273
Loyalty,lux,0.0013831818181818181,-0.0013831818181818181
Loyalty,azik,0.001387181818181818,-0.001387181818181818
Loyalty,bagian,0.0013950909090909092,-0.0013950909090909092
Loyalty,kali,0.0014117272727272726,-0.0014117272727272726
Loyalty,betul,0.0014899999999999998,-0.0014899999999999998
Loyalty,stress,0.0015164545454545457,-0.0015164545454545457
Loyalty,fit,0.0015352727272727274,-0.0015352727272727274
Loyalty,skin,0.0015699090909090908,-0.0015699090909090908
Loyalty,lawan,0.0015926363636363636,-0.0015926363636363636
Loyalty,kaya,0.0016090909090909092,-0.0016090909090909092
Loyalty,oxford,0.001634181818181818,-0.001634181818181818
Loyalty,berapa,0.0016403636363636364,-0.0016403636363636364
Loyalty,gampang,0.001648090909090909,-0.001648090909090909
Loyalty,tim,0.001670090909090909,-0.001670090909090909
Loyalty,politik,0.0017587272727272727,-0.0017587272727272727
Loyalty,oh,0.0018297272727272726,-0.0018297272727272726
Loyalty,minggir,0.0018676363636363636,-0.0018676363636363636
Loyalty,paddle,0.0018876363636363637,-0.0018876363636363637
Loyalty,anduk,0.0018876363636363637,-0.0018876363636363637
Loyalty,kira,0.001942,-0.001942
Loyalty,beli,0.0019563636363636363,-0.0019563636363636363
Loyalty,speed,0.0019659090909090906,-0.0019659090909090906
Loyalty,mam,0.001978090909090909,-0.001978090909090909
Loyalty,kemaren,0.001979272727272727,-0.001979272727272727
Loyalty,muka,0.0019957272727272727,-0.0019957272727272727
Loyalty,teori,0.002001090909090909,-0.002001090909090909
Loyalty,asupan,0.002004181818181818,-0.002004181818181818
Loyalty,mangsa,0.0020087272727272727,-0.0020087272727272727
Loyalty,cakup,0.002084,-0.002084
Loyalty,bagus,0.002092090909090909,-0.002092090909090909
Loyalty,menang,0.0021004545454545455,-0.0021004545454545455
Loyalty,agresif,0.002105181818181818,-0.002105181818181818
Loyalty,keluar,0.002116636363636364,-0.002116636363636364
Loyalty,enak,0.0021299090909090907,-0.0021299090909090907
Loyalty,kau,0.002138,-0.002138
Loyalty,atasnya,0.0021406363636363637,-0.0021406363636363637
Loyalty,tulkit,0.0021603636363636365,-0.0021603636363636365
Loyalty,olah,0.002174818181818182,-0.002174818181818182
Loyalty,gua,0.002183,-0.002183
Loyalty,pilih,0.0022065454545454545,-0.0022065454545454545
Loyalty,budiman,0.002233181818181818,-0.002233181818181818
Loyalty,aliran,0.002234090909090909,-0.002234090909090909
Loyalty,up,0.002242181818181818,-0.002242181818181818
Loyalty,perut,0.0022475454545454543,-0.0022475454545454543
Loyalty,sekali,0.0022536363636363635,-0.0022536363636363635
Loyalty,kemampuan,0.002256,-0.002256
Loyalty,gula,0.0022610909090909088,-0.0022610909090909088
Loyalty,takut,0.0023696363636363637,-0.0023696363636363637
Loyalty,shade,0.002374090909090909,-0.002374090909090909
Loyalty,gajah,0.0023776363636363635,-0.0023776363636363635
Loyalty,donut,0.002404,-0.002404
Loyalty,nyangkut,0.0024201818181818183,-0.0024201818181818183
Loyalty,susah,0.0024449999999999997,-0.0024449999999999997
Loyalty,atlet,0.002462,-0.002462
Loyalty,bicara,0.0024710909090909093,-0.0024710909090909093
Loyalty,jantung,0.0024714545454545453,-0.0024714545454545453
Loyalty,bitcoin,0.002472636363636364,-0.002472636363636364
Loyalty,masalah,0.0025,-0.0025
Loyalty,koroktor,0.0025033636363636365,-0.0025033636363636365
Loyalty,patuk,0.002516818181818182,-0.002516818181818182
Loyalty,2,0.002519272727272727,-0.002519272727272727
Loyalty,bersiap,0.0025362727272727273,-0.0025362727272727273
Loyalty,sampai,0.0026193636363636363,-0.0026193636363636363
Loyalty,jawa,0.002645454545454546,-0.002645454545454546
Loyalty,semua,0.002798363636363636,-0.002798363636363636
Loyalty,pasar,0.0028190909090909087,-0.0028190909090909087
Loyalty,warda,0.0028634545454545453,-0.0028634545454545453
Loyalty,nutrisi,0.002868363636363636,-0.002868363636363636
Loyalty,rian,0.0029231818181818183,-0.0029231818181818183
Loyalty,wanita,0.002945818181818182,-0.002945818181818182
Loyalty,jangan,0.0029615454545454546,-0.0029615454545454546
Loyalty,bawa,0.0029936363636363637,-0.0029936363636363637
Loyalty,benar,0.0030268181818181817,-0.0030268181818181817
Loyalty,kb,0.0030623636363636365,-0.0030623636363636365
Loyalty,lihat,0.0030920909090909094,-0.0030920909090909094
Loyalty,hati,0.0031146363636363637,-0.0031146363636363637
Loyalty,cewek,0.0031502727272727277,-0.0031502727272727277
Loyalty,warna,0.003155,-0.003155
Loyalty,hah,0.003312909090909091,-0.003312909090909091
Loyalty,terangkono,0.0033498181818181817,-0.0033498181818181817
Loyalty,ikan,0.003436090909090909,-0.003436090909090909
Loyalty,safat,0.0034449999999999997,-0.0034449999999999997
Loyalty,naik,0.0034739999999999997,-0.0034739999999999997
Loyalty,like,0.0034913636363636366,-0.0034913636363636366
Loyalty,workout,0.0035453636363636364,-0.0035453636363636364
Loyalty,headnya,0.003546909090909091,-0.003546909090909091
Loyalty,asbak,0.003579636363636364,-0.003579636363636364
Loyalty,terima,0.003656636363636363,-0.003656636363636363
Loyalty,hari,0.0037769090909090908,-0.0037769090909090908
Loyalty,minuman,0.003779636363636364,-0.003779636363636364
Loyalty,memiliki,0.0038290909090909087,-0.0038290909090909087
Loyalty,sini,0.0038966363636363634,-0.0038966363636363634
Loyalty,triangle,0.003926545454545454,-0.003926545454545454
Loyalty,punya,0.003937818181818182,-0.003937818181818182
Loyalty,menyerupai,0.003985272727272727,-0.003985272727272727
Loyalty,retinal,0.003985272727272727,-0.003985272727272727
Loyalty,space,0.0040265454545454545,-0.0040265454545454545
Loyalty,kehamilan,0.004048090909090909,-0.004048090909090909
Loyalty,3,0.004082909090909091,-0.004082909090909091
Loyalty,airnya,0.004084090909090909,-0.004084090909090909
Loyalty,bukan,0.004113909090909091,-0.004113909090909091
Loyalty,jika,0.004174909090909091,-0.004174909090909091
Loyalty,laser,0.004241272727272727,-0.004241272727272727
Loyalty,s,0.0042794545454545455,-0.0042794545454545455
Loyalty,i,0.004364636363636363,-0.004364636363636363
Loyalty,otak,0.004379,-0.004379
Loyalty,rambut,0.004392818181818182,-0.004392818181818182
Loyalty,shower,0.004443727272727273,-0.004443727272727273
Loyalty,turun,0.004492545454545454,-0.004492545454545454
Loyalty,air,0.004495545454545454,-0.004495545454545454
Loyalty,pusar,0.004660090909090909,-0.004660090909090909
Loyalty,jalan,0.0047061818181818186,-0.0047061818181818186
Loyalty,sebenarnya,0.004728545454545454,-0.004728545454545454
Loyalty,satu,0.004902545454545455,-0.004902545454545455
Loyalty,filter,0.004944636363636364,-0.004944636363636364
Loyalty,indonesia,0.005153,-0.005153
Loyalty,n,0.005199909090909091,-0.005199909090909091
Loyalty,anak,0.005232909090909091,-0.005232909090909091
Loyalty,hamil,0.005254727272727273,-0.005254727272727273
Loyalty,suka,0.005430272727272727,-0.005430272727272727
Loyalty,beban,0.005439909090909092,-0.005439909090909092
Loyalty,adalah,0.005480454545454546,-0.005480454545454546
Loyalty,kasih,0.005531090909090908,-0.005531090909090908
Loyalty,gini,0.005644818181818181,-0.005644818181818181
Loyalty,speedy,0.006216727272727273,-0.006216727272727273
Loyalty,mobil,0.006264909090909091,-0.006264909090909091
Loyalty,liposom,0.0063620000000000005,-0.0063620000000000005
Loyalty,mums,0.006362181818181819,-0.006362181818181819
Loyalty,nah,0.006993636363636363,-0.006993636363636363
Loyalty,teman,0.007084636363636363,-0.007084636363636363
Loyalty,banyak,0.007204727272727273,-0.007204727272727273
Loyalty,rasa,0.007208363636363637,-0.007208363636363637
Loyalty,kulit,0.007302545454545454,-0.007302545454545454
Loyalty,jakarta,0.007724454545454546,-0.007724454545454546
Loyalty,mual,0.007796363636363637,-0.007796363636363637
Loyalty,saham,0.008487272727272727,-0.008487272727272727
Loyalty,bener,0.008557454545454547,-0.008557454545454547
Loyalty,aktivitas,0.010839000000000001,-0.010839000000000001
Loyalty,kejutan,0.011108363636363637,-0.011108363636363637
Loyalty,kalian,0.014878727272727271,-0.014878727272727271
Loyalty,mindset,0.015017727272727271,-0.015017727272727271
Loyalty,mungkin,0.015121272727272728,-0.015121272727272728
Loyalty,oke,0.015970272727272725,-0.015970272727272725
Loyalty,tahu,0.017201454545454544,-0.017201454545454544
Loyalty,agak,0.017294181818181816,-0.017294181818181816
Loyalty,sekitar,0.019205272727272727,-0.019205272727272727
Loyalty,selesai,0.019939272727272726,-0.019939272727272726
Loyalty,minggu,0.02098890909090909,-0.02098890909090909
Loyalty,pergi,0.02344309090909091,-0.02344309090909091
Loyalty,john,0.02376927272727273,-0.02376927272727273
Loyalty,18,0.024492727272727274,-0.024492727272727274
Loyalty,lari,0.02533727272727273,-0.02533727272727273
Loyalty,long,0.02581890909090909,-0.02581890909090909
Loyalty,k,0.02581890909090909,-0.02581890909090909
Loyalty,run,0.02694690909090909,-0.02694690909090909
Loyalty,nemenin,0.03190509090909091,-0.03190509090909091
Loyalty,wooo,0.033954727272727275,-0.033954727272727275
Loyalty,النine,0.033954727272727275,-0.033954727272727275
Loyalty,dzięki,0.033954727272727275,-0.033954727272727275
Loyalty,eroh,0.033954727272727275,-0.033954727272727275
Loyalty,doppin,0.033954727272727275,-0.033954727272727275
Loyalty,finess,0.033954727272727275,-0.033954727272727275
Loyalty,yosua,0.033954727272727275,-0.033954727272727275
Loyalty,you,0.035342454545454545,-0.035342454545454545
Loyalty,terakhir,0.03787854545454545,-0.03787854545454545
Loyalty,mantap,0.04159618181818182,-0.04159618181818182
Loyalty,dikasih,0.043124272727272726,-0.043124272727272726
Loyalty,kilo,0.04688618181818182,-0.04688618181818182
Loyalty,thank,0.04823618181818182,-0.04823618181818182
Loyalty,glory,0.057288000000000006,-0.057288000000000006
Loyalty,ujan,0.060901818181818175,-0.060901818181818175
Neutral,mual,0.0,0.08576
Neutral,mindset,0.007297818181818182,0.07762118181818181
Neutral,mums,0.0,0.069984
Neutral,liposom,0.0,0.069982
Neutral,speedy,0.0,0.068384
Neutral,bener,0.002381818181818182,0.06555018181818183
Neutral,beban,0.0,0.059839
Neutral,hamil,0.0,0.057802
Neutral,kejutan,0.005387727272727272,0.057539272727272724
Neutral,n,0.0,0.057199
Neutral,filter,0.0,0.054391
Neutral,aktivitas,0.005417636363636363,0.05421736363636364
Neutral,air,0.0,0.049451
Neutral,shower,0.0,0.048881
Neutral,s,0.0,0.047074
Neutral,laser,0.0,0.046654
Neutral,jika,0.0,0.045924
Neutral,airnya,0.0,0.044925
Neutral,kehamilan,0.0,0.044529
Neutral,space,0.0,0.044292
Neutral,retinal,0.0,0.043838
Neutral,menyerupai,0.0,0.043838
Neutral,memiliki,0.0,0.04212
Neutral,rasa,0.003102090909090909,0.04206690909090909
Neutral,headnya,0.0,0.039016
Neutral,workout,0.0,0.038999
Neutral,like,0.0,0.038405
Neutral,sebenarnya,0.0012764545454545457,0.036696545454545454
Neutral,i,0.0009750000000000002,0.036310999999999996
Neutral,you,0.015701454545454546,0.027633545454545452
Neutral,baru,0.0011115454545454545,-0.0011115454545454545
Neutral,otot,0.0011137272727272727,-0.0011137272727272727
Neutral,1,0.0011238181818181818,-0.0011238181818181818
Neutral,coba,0.001161909090909091,-0.001161909090909091
Neutral,sunscreen,0.0011667272727272726,-0.0011667272727272726
Neutral,cuma,0.0011723636363636363,-0.0011723636363636363
Neutral,warnanya,0.0011906363636363636,-0.0011906363636363636
Neutral,olaraga,0.0011967272727272727,-0.0011967272727272727
Neutral,nama,0.0011972727272727272,-0.0011972727272727272
Neutral,waktu,0.0012502727272727273,-0.0012502727272727273
Neutral,perunggu,0.0012851818181818181,-0.0012851818181818181
Neutral,selamat,0.0012947272727272727,-0.0012947272727272727
Neutral,kuyup,0.0012952727272727274,-0.0012952727272727274
Neutral,kaki,0.0013045454545454547,-0.0013045454545454547
Neutral,ayo,0.0013210909090909091,-0.0013210909090909091
Neutral,olahraga,0.0013225454545454545,-0.0013225454545454545
Neutral,allah,0.0013472727272727273,-0.0013472727272727273
Neutral,lux,0.0013831818181818181,-0.0013831818181818181
Neutral,azik,0.001387181818181818,-0.001387181818181818
Neutral,bagian,0.0013950909090909092,-0.0013950909090909092
Neutral,kali,0.0014117272727272726,-0.0014117272727272726
Neutral,betul,0.0014899999999999998,-0.0014899999999999998
Neutral,stress,0.0015164545454545457,-0.0015164545454545457
Neutral,fit,0.0015352727272727274,-0.0015352727272727274
Neutral,skin,0.0015699090909090908,-0.0015699090909090908
Neutral,lawan,0.0015926363636363636,-0.0015926363636363636
Neutral,kaya,0.0016090909090909092,-0.0016090909090909092
Neutral,oxford,0.001634181818181818,-0.001634181818181818
Neutral,berapa,0.0016403636363636364,-0.0016403636363636364
Neutral,gampang,0.001648090909090909,-0.001648090909090909
Neutral,tim,0.001670090909090909,-0.001670090909090909
Neutral,politik,0.0017587272727272727,-0.0017587272727272727
Neutral,oh,0.0018297272727272726,-0.0018297272727272726
Neutral,minggir,0.0018676363636363636,-0.0018676363636363636
Neutral,anduk,0.0018876363636363637,-0.0018876363636363637
Neutral,paddle,0.0018876363636363637,-0.0018876363636363637
Neutral,kira,0.001942,-0.001942
Neutral,beli,0.0019563636363636363,-0.0019563636363636363
Neutral,speed,0.0019659090909090906,-0.0019659090909090906
Neutral,mam,0.001978090909090909,-0.001978090909090909
Neutral,kemaren,0.001979272727272727,-0.001979272727272727
Neutral,muka,0.0019957272727272727,-0.0019957272727272727
Neutral,teori,0.002001090909090909,-0.002001090909090909
Neutral,asupan,0.002004181818181818,-0.002004181818181818
Neutral,mangsa,0.0020087272727272727,-0.0020087272727272727
Neutral,cakup,0.002084,-0.002084
Neutral,bagus,0.002092090909090909,-0.002092090909090909
Neutral,menang,0.0021004545454545455,-0.0021004545454545455
Neutral,agresif,0.002105181818181818,-0.002105181818181818
Neutral,keluar,0.002116636363636364,-0.002116636363636364
Neutral,enak,0.0021299090909090907,-0.0021299090909090907
Neutral,kau,0.002138,-0.002138
Neutral,atasnya,0.0021406363636363637,-0.0021406363636363637
Neutral,tulkit,0.0021603636363636365,-0.0021603636363636365
Neutral,olah,0.002174818181818182,-0.002174818181818182
Neutral,gua,0.002183,-0.002183
Neutral,pilih,0.0022065454545454545,-0.0022065454545454545
Neutral,budiman,0.002233181818181818,-0.002233181818181818
Neutral,aliran,0.002234090909090909,-0.002234090909090909
Neutral,up,0.002242181818181818,-0.002242181818181818
Neutral,perut,0.0022475454545454543,-0.0022475454545454543
Neutral,sekali,0.0022536363636363635,-0.0022536363636363635
Neutral,kemampuan,0.002256,-0.002256
Neutral,gula,0.0022610909090909088,-0.0022610909090909088
Neutral,takut,0.0023696363636363637,-0.0023696363636363637
Neutral,shade,0.002374090909090909,-0.002374090909090909
Neutral,gajah,0.0023776363636363635,-0.0023776363636363635
Neutral,donut,0.002404,-0.002404
Neutral,nyangkut,0.0024201818181818183,-0.0024201818181818183
Neutral,susah,0.0024449999999999997,-0.0024449999999999997
Neutral,atlet,0.002462,-0.002462
Neutral,bicara,0.0024710909090909093,-0.0024710909090909093
Neutral,jantung,0.0024714545454545453,-0.0024714545454545453
Neutral,bitcoin,0.002472636363636364,-0.002472636363636364
Neutral,masalah,0.0025,-0.0025
Neutral,koroktor,0.0025033636363636365,-0.0025033636363636365
Neutral,patuk,0.002516818181818182,-0.002516818181818182
Neutral,2,0.002519272727272727,-0.002519272727272727
Neutral,bersiap,0.0025362727272727273,-0.0025362727272727273
Neutral,sampai,0.0026193636363636363,-0.0026193636363636363
Neutral,jawa,0.002645454545454546,-0.002645454545454546
Neutral,semua,0.0027983636363636366,-0.0027983636363636366
Neutral,pasar,0.0028190909090909087,-0.0028190909090909087
Neutral,warda,0.0028634545454545453,-0.0028634545454545453
Neutral,nutrisi,0.002868363636363636,-0.002868363636363636
Neutral,rian,0.0029231818181818183,-0.0029231818181818183
Neutral,wanita,0.002945818181818182,-0.002945818181818182
Neutral,jangan,0.0029615454545454546,-0.0029615454545454546
Neutral,bawa,0.0029936363636363637,-0.0029936363636363637
Neutral,benar,0.0030268181818181817,-0.0030268181818181817
Neutral,kb,0.0030623636363636365,-0.0030623636363636365
Neutral,lihat,0.0030920909090909094,-0.0030920909090909094
Neutral,hati,0.0031146363636363637,-0.0031146363636363637
Neutral,cewek,0.0031502727272727277,-0.0031502727272727277
Neutral,warna,0.003155,-0.003155
Neutral,hah,0.003312909090909091,-0.003312909090909091
Neutral,terangkono,0.0033498181818181817,-0.0033498181818181817
Neutral,ikan,0.003436090909090909,-0.003436090909090909
Neutral,safat,0.0034449999999999997,-0.0034449999999999997
Neutral,naik,0.0034739999999999997,-0.0034739999999999997
Neutral,asbak,0.003579636363636364,-0.003579636363636364
Neutral,terima,0.003656636363636363,-0.003656636363636363
Neutral,hari,0.0037769090909090908,-0.0037769090909090908
Neutral,minuman,0.003779636363636364,-0.003779636363636364
Neutral,sini,0.0038966363636363634,-0.0038966363636363634
Neutral,triangle,0.003926545454545454,-0.003926545454545454
Neutral,punya,0.003937818181818182,-0.003937818181818182
Neutral,3,0.004082909090909091,-0.004082909090909091
Neutral,bukan,0.004113909090909091,-0.004113909090909091
Neutral,otak,0.004379,-0.004379
Neutral,rambut,0.004392818181818182,-0.004392818181818182
Neutral,turun,0.004492545454545454,-0.004492545454545454
Neutral,pusar,0.004660090909090909,-0.004660090909090909
Neutral,jalan,0.0047061818181818186,-0.0047061818181818186
Neutral,satu,0.004902545454545455,-0.004902545454545455
Neutral,indonesia,0.005153,-0.005153
Neutral,anak,0.005232909090909091,-0.005232909090909091
Neutral,suka,0.005430272727272727,-0.005430272727272727
Neutral,adalah,0.005480454545454546,-0.005480454545454546
Neutral,kasih,0.005531090909090908,-0.005531090909090908
Neutral,gini,0.005644818181818181,-0.005644818181818181
Neutral,mobil,0.006264909090909091,-0.006264909090909091
Neutral,nah,0.006993636363636363,-0.006993636363636363
Neutral,teman,0.007084636363636363,-0.007084636363636363
Neutral,banyak,0.007204727272727273,-0.007204727272727273
Neutral,kulit,0.007302545454545454,-0.007302545454545454
Neutral,mungkin,0.007560636363636364,-0.007560636363636364
Neutral,jakarta,0.007724454545454546,-0.007724454545454546
Neutral,saham,0.008487272727272727,-0.008487272727272727
Neutral,tahu,0.008600727272727272,-0.008600727272727272
Neutral,agak,0.008647090909090908,-0.008647090909090908
Neutral,oke,0.009144363636363636,-0.009144363636363636
Neutral,sekitar,0.009602636363636364,-0.009602636363636364
Neutral,selesai,0.009969636363636365,-0.009969636363636365
Neutral,minggu,0.010494454545454546,-0.010494454545454546
Neutral,pergi,0.011721545454545455,-0.011721545454545455
Neutral,john,0.011884636363636365,-0.011884636363636365
Neutral,18,0.012246363636363637,-0.012246363636363637
Neutral,lari,0.012668636363636365,-0.012668636363636365
Neutral,long,0.012909454545454545,-0.012909454545454545
Neutral,k,0.012909454545454545,-0.012909454545454545
Neutral,run,0.013473454545454545,-0.013473454545454545
Neutral,kalian,0.014878727272727271,-0.014878727272727271
Neutral,nemenin,0.015952545454545455,-0.015952545454545455
Neutral,interactif,0.016262363636363634,-0.016262363636363634
Neutral,penggantian,0.016262363636363634,-0.016262363636363634
Neutral,pengekatan,0.016262363636363634,-0.016262363636363634
Neutral,maksimum,0.016262363636363634,-0.016262363636363634
Neutral,sekuriti,0.016262363636363634,-0.016262363636363634
Neutral,eroh,0.016977363636363638,-0.016977363636363638
Neutral,dzięki,0.016977363636363638,-0.016977363636363638
Neutral,doppin,0.016977363636363638,-0.016977363636363638
Neutral,finess,0.016977363636363638,-0.016977363636363638
Neutral,wooo,0.016977363636363638,-0.016977363636363638
Neutral,النine,0.016977363636363638,-0.016977363636363638
Neutral,yosua,0.016977363636363638,-0.016977363636363638
Neutral,and,0.01723818181818182,-0.01723818181818182
Neutral,menarik,0.017342363636363635,-0.017342363636363635
Neutral,pertama,0.017674545454545457,-0.017674545454545457
Neutral,terakhir,0.018939272727272725,-0.018939272727272725
Neutral,kamera,0.019922181818181818,-0.019922181818181818
Neutral,langsung,0.02068,-0.02068
Neutral,mantap,0.02079809090909091,-0.02079809090909091
Neutral,dikasih,0.022326181818181818,-0.022326181818181818
Neutral,info,0.02310236363636364,-0.02310236363636364
Neutral,kilo,0.02344309090909091,-0.02344309090909091
Neutral,cover,0.02346127272727273,-0.02346127272727273
Neutral,android,0.02346127272727273,-0.02346127272727273
Neutral,lalu,0.02361490909090909,-0.02361490909090909
Neutral,misalnya,0.023845454545454545,-0.023845454545454545
Neutral,performa,0.02384890909090909,-0.02384890909090909
Neutral,update,0.02384890909090909,-0.02384890909090909
Neutral,thank,0.024118090909090915,-0.024118090909090915
Neutral,dimensi,0.025241818181818185,-0.025241818181818185
Neutral,drag,0.028088000000000002,-0.028088000000000002
Neutral,tahun,0.028402363636363635,-0.028402363636363635
Neutral,eraser,0.02916854545454545,-0.02916854545454545
Neutral,glory,0.029666,-0.029666
Neutral,layar,0.029883272727272727,-0.029883272727272727
Neutral,ujan,0.030450909090909088,-0.030450909090909088
Neutral,wa,0.030561454545454544,-0.030561454545454544
Neutral,fold,0.030561454545454544,-0.030561454545454544
Neutral,game,0.03243563636363636,-0.03243563636363636
Neutral,drop,0.03252472727272727,-0.03252472727272727
Neutral,kursakan,0.03252472727272727,-0.03252472727272727
Neutral,ai,0.03465363636363636,-0.03465363636363636
Neutral,detail,0.035191818181818185,-0.035191818181818185
Neutral,7,0.035798909090909097,-0.035798909090909097
Proud,kalian,0.01164490909090909,0.023927090909090912
Proud,warna,0.0010374545454545454,0.022255545454545455
Proud,adalah,0.003698090909090909,0.01590790909090909
Proud,suka,0.003655909090909091,0.01586209090909091
Proud,bagian,0.0,0.015346
Proud,sampai,0.0012035454545454545,0.014370454545454544
Proud,kaki,0.0,0.01435
Proud,lihat,0.0017107272727272728,0.013484272727272727
Proud,warnanya,0.0,0.013097
Proud,sunscreen,0.0,0.012834
Proud,otot,0.0,0.012251
Proud,gua,0.0010025454545454545,0.011982454545454546
Proud,benar,0.0017913636363636363,0.011798636363636364
Proud,kulit,0.005781727272727273,0.010947272727272729
Proud,atlet,0.0013455454545454545,0.010935454545454545
Proud,teman,0.005596454545454546,0.010773545454545452
Proud,kasih,0.004175636363636364,0.010734363636363636
Proud,punya,0.0027252727272727272,0.010612727272727272
Proud,terima,0.002481,0.010451
Proud,hari,0.0026014545454545453,0.010328545454545455
Proud,jakarta,0.006255545454545455,0.009902454545454544
Proud,jalan,0.0034990909090909096,0.00977890909090909
Proud,gini,0.004377272727272727,0.009565727272727274
Proud,banyak,0.005935272727272727,0.008028727272727274
Proud,nah,0.005832909090909091,0.006935090909090909
Proud,rasa,0.010045909090909093,0.0039100909090909065
Proud,bener,0.013351363636363639,0.001847636363636362
Proud,aktivitas,0.014982909090909092,-0.0009309090909090916
Proud,baru,0.0011115454545454545,-0.0011115454545454545
Proud,1,0.0011238181818181818,-0.0011238181818181818
Proud,coba,0.001161909090909091,-0.001161909090909091
Proud,cuma,0.0011723636363636363,-0.0011723636363636363
Proud,olaraga,0.0011967272727272727,-0.0011967272727272727
Proud,nama,0.0011972727272727272,-0.0011972727272727272
Proud,waktu,0.0012502727272727273,-0.0012502727272727273
Proud,perunggu,0.0012851818181818181,-0.0012851818181818181
Proud,selamat,0.0012947272727272727,-0.0012947272727272727
Proud,kuyup,0.0012952727272727274,-0.0012952727272727274
Proud,ayo,0.0013210909090909091,-0.0013210909090909091
Proud,olahraga,0.0013225454545454545,-0.0013225454545454545
Proud,allah,0.0013472727272727273,-0.0013472727272727273
Proud,lux,0.0013831818181818181,-0.0013831818181818181
Proud,azik,0.001387181818181818,-0.001387181818181818
Proud,kali,0.0014117272727272726,-0.0014117272727272726
Proud,betul,0.0014899999999999998,-0.0014899999999999998
Proud,stress,0.0015164545454545457,-0.0015164545454545457
Proud,fit,0.0015352727272727274,-0.0015352727272727274
Proud,skin,0.0015699090909090908,-0.0015699090909090908
Proud,lawan,0.0015926363636363636,-0.0015926363636363636
Proud,kaya,0.0016090909090909092,-0.0016090909090909092
Proud,oxford,0.001634181818181818,-0.001634181818181818
Proud,berapa,0.0016403636363636364,-0.0016403636363636364
Proud,gampang,0.001648090909090909,-0.001648090909090909
Proud,tim,0.001670090909090909,-0.001670090909090909
Proud,politik,0.0017587272727272727,-0.0017587272727272727
Proud,oh,0.0018297272727272726,-0.0018297272727272726
Proud,minggir,0.0018676363636363636,-0.0018676363636363636
Proud,anduk,0.0018876363636363637,-0.0018876363636363637
Proud,paddle,0.0018876363636363637,-0.0018876363636363637
Proud,kira,0.001942,-0.001942
Proud,beli,0.0019563636363636363,-0.0019563636363636363
Proud,speed,0.0019659090909090906,-0.0019659090909090906
Proud,mam,0.001978090909090909,-0.001978090909090909
Proud,kemaren,0.001979272727272727,-0.001979272727272727
Proud,kejutan,0.015592090909090906,-0.001986090909090906
Proud,muka,0.0019957272727272727,-0.0019957272727272727
Proud,teori,0.002001090909090909,-0.002001090909090909
Proud,asupan,0.002004181818181818,-0.002004181818181818
Proud,mangsa,0.0020087272727272727,-0.0020087272727272727
Proud,cakup,0.002084,-0.002084
Proud,bagus,0.002092090909090909,-0.002092090909090909
Proud,menang,0.0021004545454545455,-0.0021004545454545455
Proud,agresif,0.002105181818181818,-0.002105181818181818
Proud,keluar,0.002116636363636364,-0.002116636363636364
Proud,enak,0.0021299090909090907,-0.0021299090909090907
Proud,kau,0.002138,-0.002138
Proud,atasnya,0.0021406363636363637,-0.0021406363636363637
Proud,tulkit,0.0021603636363636365,-0.0021603636363636365
Proud,olah,0.002174818181818182,-0.002174818181818182
Proud,pilih,0.0022065454545454545,-0.0022065454545454545
Proud,budiman,0.002233181818181818,-0.002233181818181818
Proud,aliran,0.002234090909090909,-0.002234090909090909
Proud,up,0.002242181818181818,-0.002242181818181818
Proud,perut,0.0022475454545454543,-0.0022475454545454543
Proud,sekali,0.0022536363636363635,-0.0022536363636363635
Proud,kemampuan,0.002256,-0.002256
Proud,gula,0.0022610909090909088,-0.0022610909090909088
Proud,takut,0.0023696363636363637,-0.0023696363636363637
Proud,shade,0.002374090909090909,-0.002374090909090909
Proud,gajah,0.0023776363636363635,-0.0023776363636363635
Proud,donut,0.002404,-0.002404
Proud,nyangkut,0.0024201818181818183,-0.0024201818181818183
Proud,susah,0.0024449999999999997,-0.0024449999999999997
Proud,bicara,0.0024710909090909093,-0.0024710909090909093
Proud,jantung,0.0024714545454545453,-0.0024714545454545453
Proud,bitcoin,0.002472636363636364,-0.002472636363636364
Proud,masalah,0.0025,-0.0025
Proud,koroktor,0.0025033636363636365,-0.0025033636363636365
Proud,patuk,0.002516818181818182,-0.002516818181818182
Proud,2,0.002519272727272727,-0.002519272727272727
Proud,bersiap,0.0025362727272727273,-0.0025362727272727273
Proud,jawa,0.002645454545454546,-0.002645454545454546
Proud,mindset,0.021068454545454543,-0.002707454545454544
Proud,semua,0.0027983636363636366,-0.0027983636363636366
Proud,pasar,0.0028190909090909087,-0.0028190909090909087
Proud,warda,0.0028634545454545453,-0.0028634545454545453
Proud,nutrisi,0.002868363636363636,-0.002868363636363636
Proud,rian,0.0029231818181818183,-0.0029231818181818183
Proud,wanita,0.002945818181818182,-0.002945818181818182
Proud,jangan,0.0029615454545454546,-0.0029615454545454546
Proud,bawa,0.0029936363636363637,-0.0029936363636363637
Proud,kb,0.0030623636363636365,-0.0030623636363636365
Proud,hati,0.0031146363636363637,-0.0031146363636363637
Proud,cewek,0.0031502727272727277,-0.0031502727272727277
Proud,hah,0.003312909090909091,-0.003312909090909091
Proud,terangkono,0.0033498181818181817,-0.0033498181818181817
Proud,ikan,0.003436090909090909,-0.003436090909090909
Proud,safat,0.0034449999999999997,-0.0034449999999999997
Proud,naik,0.0034739999999999997,-0.0034739999999999997
Proud,asbak,0.003579636363636364,-0.003579636363636364
Proud,minuman,0.003779636363636364,-0.003779636363636364
Proud,sini,0.0038966363636363634,-0.0038966363636363634
Proud,triangle,0.003926545454545454,-0.003926545454545454
Proud,3,0.004082909090909091,-0.004082909090909091
Proud,bukan,0.004113909090909091,-0.004113909090909091
Proud,otak,0.004379,-0.004379
Proud,rambut,0.004392818181818182,-0.004392818181818182
Proud,turun,0.004492545454545454,-0.004492545454545454
Proud,pusar,0.004660090909090909,-0.004660090909090909
Proud,satu,0.004902545454545455,-0.004902545454545455
Proud,indonesia,0.005153,-0.005153
Proud,anak,0.005232909090909091,-0.005232909090909091
Proud,mobil,0.006264909090909091,-0.006264909090909091
Proud,like,0.006982727272727273,-0.006982727272727273
Proud,workout,0.007090727272727273,-0.007090727272727273
Proud,headnya,0.007093818181818182,-0.007093818181818182
Proud,mungkin,0.007560636363636364,-0.007560636363636364
Proud,memiliki,0.0076581818181818175,-0.0076581818181818175
Proud,i,0.007754272727272727,-0.007754272727272727
Proud,menyerupai,0.007970545454545454,-0.007970545454545454
Proud,retinal,0.007970545454545454,-0.007970545454545454
Proud,space,0.008053090909090909,-0.008053090909090909
Proud,kehamilan,0.008096181818181818,-0.008096181818181818
Proud,maksimum,0.008131181818181817,-0.008131181818181817
Proud,penggantian,0.008131181818181817,-0.008131181818181817
Proud,sekuriti,0.008131181818181817,-0.008131181818181817
Proud,interactif,0.008131181818181817,-0.008131181818181817
Proud,pengekatan,0.008131181818181817,-0.008131181818181817
Proud,airnya,0.008168181818181817,-0.008168181818181817
Proud,sebenarnya,0.008180636363636364,-0.008180636363636364
Proud,jika,0.008349818181818182,-0.008349818181818182
Proud,laser,0.008482545454545454,-0.008482545454545454
Proud,saham,0.008487272727272727,-0.008487272727272727
Proud,s,0.008558909090909091,-0.008558909090909091
Proud,tahu,0.008600727272727272,-0.008600727272727272
Proud,and,0.00861909090909091,-0.00861909090909091
Proud,agak,0.008647090909090908,-0.008647090909090908
Proud,menarik,0.008671181818181817,-0.008671181818181817
Proud,pertama,0.008837272727272728,-0.008837272727272728
Proud,shower,0.008887454545454546,-0.008887454545454546
Proud,air,0.008991090909090909,-0.008991090909090909
Proud,oke,0.009144363636363636,-0.009144363636363636
Proud,sekitar,0.009602636363636364,-0.009602636363636364
Proud,filter,0.009889272727272727,-0.009889272727272727
Proud,kamera,0.009961090909090909,-0.009961090909090909
Proud,selesai,0.009969636363636363,-0.009969636363636363
Proud,n,0.010399818181818182,-0.010399818181818182
Proud,minggu,0.010494454545454545,-0.010494454545454545
Proud,hamil,0.010509454545454546,-0.010509454545454546
Proud,beban,0.010879818181818183,-0.010879818181818183
Proud,langsung,0.011501545454545454,-0.011501545454545454
Proud,info,0.01155118181818182,-0.01155118181818182
Proud,pergi,0.011721545454545455,-0.011721545454545455
Proud,cover,0.011730636363636365,-0.011730636363636365
Proud,android,0.011730636363636365,-0.011730636363636365
Proud,lalu,0.011807454545454545,-0.011807454545454545
Proud,john,0.011884636363636365,-0.011884636363636365
Proud,misalnya,0.011922727272727272,-0.011922727272727272
Proud,update,0.011924454545454545,-0.011924454545454545
Proud,performa,0.011924454545454545,-0.011924454545454545
Proud,18,0.012246363636363637,-0.012246363636363637
Proud,speedy,0.012433454545454546,-0.012433454545454546
Proud,dimensi,0.012620909090909092,-0.012620909090909092
Proud,lari,0.012668636363636365,-0.012668636363636365
Proud,liposom,0.012724000000000001,-0.012724000000000001
Proud,mums,0.012724363636363638,-0.012724363636363638
Proud,k,0.012909454545454545,-0.012909454545454545
Proud,long,0.012909454545454545,-0.012909454545454545
Proud,run,0.013473454545454545,-0.013473454545454545
Proud,drag,0.014044000000000001,-0.014044000000000001
Proud,tahun,0.014201181818181818,-0.014201181818181818
Proud,eraser,0.014584272727272725,-0.014584272727272725
Proud,layar,0.014941636363636364,-0.014941636363636364
Proud,wa,0.015280727272727269,-0.015280727272727269
Proud,fold,0.015280727272727269,-0.015280727272727269
Proud,mual,0.015592727272727274,-0.015592727272727274
Proud,nemenin,0.015952545454545455,-0.015952545454545455
Proud,game,0.01621781818181818,-0.01621781818181818
Proud,kursakan,0.016262363636363634,-0.016262363636363634
Proud,drop,0.016262363636363634,-0.016262363636363634
Proud,doppin,0.016977363636363638,-0.016977363636363638
Proud,finess,0.016977363636363638,-0.016977363636363638
Proud,النine,0.016977363636363638,-0.016977363636363638
Proud,wooo,0.016977363636363638,-0.016977363636363638
Proud,eroh,0.016977363636363638,-0.016977363636363638
Proud,yosua,0.016977363636363638,-0.016977363636363638
Proud,dzięki,0.016977363636363638,-0.016977363636363638
Proud,ai,0.01732681818181818,-0.01732681818181818
Proud,detail,0.017595909090909093,-0.017595909090909093
Proud,7,0.017899454545454548,-0.017899454545454548
Proud,terakhir,0.018939272727272725,-0.018939272727272725
Proud,mantap,0.02079809090909091,-0.02079809090909091
Proud,dikasih,0.022326181818181818,-0.022326181818181818
Proud,kilo,0.02344309090909091,-0.02344309090909091
Proud,you,0.023580545454545455,-0.023580545454545455
Proud,thank,0.02411809090909091,-0.02411809090909091
Proud,glory,0.029666,-0.029666
Proud,ujan,0.030450909090909088,-0.030450909090909088
Sad,anak,0.0,0.057562
Sad,rambut,0.0,0.048321
Sad,minuman,0.0,0.041576
Sad,asbak,0.0,0.039376
Sad,hah,0.0,0.036442
Sad,bawa,0.0,0.03293
Sad,nutrisi,0.0,0.031552
Sad,warda,0.0,0.031498
Sad,sini,0.0011752727272727275,0.028759727272727274
Sad,bersiap,0.0,0.027899
Sad,patuk,0.0,0.027685
Sad,gajah,0.0,0.026154
Sad,shade,0.0,0.026115
Sad,gula,0.0,0.024872
Sad,perut,0.0,0.024723
Sad,aliran,0.0,0.024575
Sad,ikan,0.0011492727272727273,0.024005727272727272
Sad,tulkit,0.0,0.023764
Sad,cakup,0.0,0.022924
Sad,suka,0.004697272727272727,0.022883727272727274
Sad,mangsa,0.0,0.022096
Sad,asupan,0.0,0.022046
Sad,muka,0.0,0.021953
Sad,kemaren,0.0,0.021772
Sad,mam,0.0,0.021759
Sad,beli,0.0,0.02152
Sad,anduk,0.0,0.020764
Sad,paddle,0.0,0.020764
Sad,kulit,0.006553999999999999,0.018409000000000002
Sad,kalian,0.016208636363636363,0.004734363636363637
Sad,baru,0.0011115454545454545,-0.0011115454545454545
Sad,1,0.0011238181818181818,-0.0011238181818181818
Sad,coba,0.001161909090909091,-0.001161909090909091
Sad,cuma,0.0011723636363636363,-0.0011723636363636363
Sad,olaraga,0.0011967272727272727,-0.0011967272727272727
Sad,nama,0.0011972727272727272,-0.0011972727272727272
Sad,waktu,0.0012502727272727273,-0.0012502727272727273
Sad,perunggu,0.0012851818181818181,-0.0012851818181818181
Sad,selamat,0.0012947272727272727,-0.0012947272727272727
Sad,kuyup,0.0012952727272727274,-0.0012952727272727274
Sad,ayo,0.0013210909090909091,-0.0013210909090909091
Sad,olahraga,0.0013225454545454545,-0.0013225454545454545
Sad,allah,0.0013472727272727273,-0.0013472727272727273
Sad,lux,0.0013831818181818181,-0.0013831818181818181
Sad,azik,0.001387181818181818,-0.001387181818181818
Sad,kali,0.0014117272727272726,-0.0014117272727272726
Sad,betul,0.0014899999999999998,-0.0014899999999999998
Sad,stress,0.0015164545454545457,-0.0015164545454545457
Sad,fit,0.0015352727272727274,-0.0015352727272727274
Sad,skin,0.0015699090909090908,-0.0015699090909090908
Sad,lawan,0.0015926363636363636,-0.0015926363636363636
Sad,kaya,0.0016090909090909092,-0.0016090909090909092
Sad,oxford,0.001634181818181818,-0.001634181818181818
Sad,berapa,0.0016403636363636364,-0.0016403636363636364
Sad,gampang,0.001648090909090909,-0.001648090909090909
Sad,tim,0.001670090909090909,-0.001670090909090909
Sad,politik,0.0017587272727272727,-0.0017587272727272727
Sad,oh,0.0018297272727272726,-0.0018297272727272726
Sad,minggir,0.0018676363636363636,-0.0018676363636363636
Sad,kira,0.001942,-0.001942
Sad,speed,0.0019659090909090906,-0.0019659090909090906
Sad,teori,0.002001090909090909,-0.002001090909090909
Sad,bagus,0.002092090909090909,-0.002092090909090909
Sad,menang,0.0021004545454545455,-0.0021004545454545455
Sad,agresif,0.002105181818181818,-0.002105181818181818
Sad,keluar,0.002116636363636364,-0.002116636363636364
Sad,enak,0.0021299090909090907,-0.0021299090909090907
Sad,kau,0.002138,-0.002138
Sad,atasnya,0.0021406363636363637,-0.0021406363636363637
Sad,olah,0.002174818181818182,-0.002174818181818182
Sad,pilih,0.0022065454545454545,-0.0022065454545454545
Sad,otot,0.0022274545454545455,-0.0022274545454545455
Sad,budiman,0.002233181818181818,-0.002233181818181818
Sad,up,0.002242181818181818,-0.002242181818181818
Sad,sekali,0.0022536363636363635,-0.0022536363636363635
Sad,kemampuan,0.002256,-0.002256
Sad,sunscreen,0.0023334545454545452,-0.0023334545454545452
Sad,takut,0.0023696363636363637,-0.0023696363636363637
Sad,warnanya,0.002381272727272727,-0.002381272727272727
Sad,donut,0.002404,-0.002404
Sad,nyangkut,0.0024201818181818183,-0.0024201818181818183
Sad,susah,0.0024449999999999997,-0.0024449999999999997
Sad,bicara,0.0024710909090909093,-0.0024710909090909093
Sad,jantung,0.0024714545454545453,-0.0024714545454545453
Sad,bitcoin,0.002472636363636364,-0.002472636363636364
Sad,masalah,0.0025,-0.0025
Sad,koroktor,0.0025033636363636365,-0.0025033636363636365
Sad,2,0.002519272727272727,-0.002519272727272727
Sad,kaki,0.002609090909090909,-0.002609090909090909
Sad,jawa,0.002645454545454546,-0.002645454545454546
Sad,bagian,0.0027901818181818184,-0.0027901818181818184
Sad,semua,0.0027983636363636366,-0.0027983636363636366
Sad,pasar,0.0028190909090909087,-0.0028190909090909087
Sad,rian,0.0029231818181818183,-0.0029231818181818183
Sad,wanita,0.002945818181818182,-0.002945818181818182
Sad,jangan,0.0029615454545454546,-0.0029615454545454546
Sad,kb,0.0030623636363636365,-0.0030623636363636365
Sad,hati,0.0031146363636363637,-0.0031146363636363637
Sad,cewek,0.0031502727272727277,-0.0031502727272727277
Sad,terangkono,0.0033498181818181817,-0.0033498181818181817
Sad,gua,0.0033634545454545458,-0.0033634545454545458
Sad,safat,0.0034449999999999997,-0.0034449999999999997
Sad,naik,0.0034739999999999997,-0.0034739999999999997
Sad,like,0.0034913636363636366,-0.0034913636363636366
Sad,workout,0.0035453636363636356,-0.0035453636363636356
Sad,headnya,0.003546909090909091,-0.003546909090909091
Sad,atlet,0.0035784545454545457,-0.0035784545454545457
Sad,memiliki,0.0038290909090909096,-0.0038290909090909096
Sad,triangle,0.003926545454545454,-0.003926545454545454
Sad,retinal,0.003985272727272727,-0.003985272727272727
Sad,menyerupai,0.003985272727272727,-0.003985272727272727
Sad,space,0.0040265454545454545,-0.0040265454545454545
Sad,sampai,0.004035181818181818,-0.004035181818181818
Sad,kehamilan,0.004048090909090909,-0.004048090909090909
Sad,3,0.004082909090909091,-0.004082909090909091
Sad,airnya,0.004084090909090909,-0.004084090909090909
Sad,bukan,0.004113909090909091,-0.004113909090909091
Sad,jika,0.004174909090909091,-0.004174909090909091
Sad,laser,0.004241272727272727,-0.004241272727272727
Sad,benar,0.004262272727272727,-0.004262272727272727
Sad,s,0.0042794545454545455,-0.0042794545454545455
Sad,i,0.004364636363636363,-0.004364636363636363
Sad,otak,0.004379,-0.004379
Sad,shower,0.004443727272727273,-0.004443727272727273
Sad,lihat,0.004473454545454545,-0.004473454545454545
Sad,turun,0.004492545454545454,-0.004492545454545454
Sad,air,0.004495545454545454,-0.004495545454545454
Sad,pusar,0.004660090909090909,-0.004660090909090909
Sad,sebenarnya,0.004728545454545454,-0.004728545454545454
Sad,terima,0.004832272727272727,-0.004832272727272727
Sad,satu,0.004902545454545455,-0.004902545454545455
Sad,filter,0.004944636363636364,-0.004944636363636364
Sad,hari,0.004952363636363636,-0.004952363636363636
Sad,punya,0.005150363636363637,-0.005150363636363637
Sad,indonesia,0.005153,-0.005153
Sad,n,0.00519990909090909,-0.00519990909090909
Sad,hamil,0.005254727272727273,-0.005254727272727273
Sad,warna,0.005272545454545454,-0.005272545454545454
Sad,beban,0.005439909090909092,-0.005439909090909092
Sad,jalan,0.005913272727272728,-0.005913272727272728
Sad,speedy,0.006216727272727273,-0.006216727272727273
Sad,mobil,0.006264909090909091,-0.006264909090909091
Sad,liposom,0.0063620000000000005,-0.0063620000000000005
Sad,mums,0.006362181818181817,-0.006362181818181817
Sad,kasih,0.006886545454545454,-0.006886545454545454
Sad,gini,0.006912363636363636,-0.006912363636363636
Sad,adalah,0.007262818181818184,-0.007262818181818184
Sad,mungkin,0.007560636363636364,-0.007560636363636364
Sad,mual,0.007796363636363637,-0.007796363636363637
Sad,pengekatan,0.008131181818181817,-0.008131181818181817
Sad,interactif,0.008131181818181817,-0.008131181818181817
Sad,penggantian,0.008131181818181817,-0.008131181818181817
Sad,maksimum,0.008131181818181817,-0.008131181818181817
Sad,sekuriti,0.008131181818181817,-0.008131181818181817
Sad,nah,0.008154363636363637,-0.008154363636363637
Sad,banyak,0.008474181818181818,-0.008474181818181818
Sad,rasa,0.008477090909090908,-0.008477090909090908
Sad,saham,0.008487272727272727,-0.008487272727272727
Sad,teman,0.008572818181818181,-0.008572818181818181
Sad,tahu,0.008600727272727272,-0.008600727272727272
Sad,and,0.00861909090909091,-0.00861909090909091
Sad,agak,0.008647090909090908,-0.008647090909090908
Sad,menarik,0.008671181818181817,-0.008671181818181817
Sad,pertama,0.008837272727272728,-0.008837272727272728
Sad,oke,0.009144363636363636,-0.009144363636363636
Sad,jakarta,0.009193363636363637,-0.009193363636363637
Sad,sekitar,0.009602636363636364,-0.009602636363636364
Sad,bener,0.009939181818181817,-0.009939181818181817
Sad,kamera,0.009961090909090909,-0.009961090909090909
Sad,selesai,0.009969636363636363,-0.009969636363636363
Sad,minggu,0.010494454545454545,-0.010494454545454545
Sad,langsung,0.011501545454545454,-0.011501545454545454
Sad,info,0.01155118181818182,-0.01155118181818182
Sad,pergi,0.011721545454545455,-0.011721545454545455
Sad,cover,0.011730636363636365,-0.011730636363636365
Sad,android,0.011730636363636365,-0.011730636363636365
Sad,lalu,0.011807454545454545,-0.011807454545454545
Sad,john,0.011884636363636365,-0.011884636363636365
Sad,misalnya,0.011922727272727272,-0.011922727272727272
Sad,update,0.011924454545454545,-0.011924454545454545
Sad,performa,0.011924454545454545,-0.011924454545454545
Sad,aktivitas,0.012116454545454547,-0.012116454545454547
Sad,18,0.012246363636363637,-0.012246363636363637
Sad,kejutan,0.012345272727272727,-0.012345272727272727
Sad,dimensi,0.012620909090909092,-0.012620909090909092
Sad,lari,0.012668636363636365,-0.012668636363636365
Sad,k,0.012909454545454545,-0.012909454545454545
Sad,long,0.012909454545454545,-0.012909454545454545
Sad,run,0.013473454545454545,-0.013473454545454545
Sad,drag,0.014044000000000001,-0.014044000000000001
Sad,tahun,0.014201181818181818,-0.014201181818181818
Sad,eraser,0.014584272727272725,-0.014584272727272725
Sad,layar,0.014941636363636364,-0.014941636363636364
Sad,wa,0.015280727272727272,-0.015280727272727272
Sad,fold,0.015280727272727272,-0.015280727272727272
Sad,nemenin,0.015952545454545455,-0.015952545454545455
Sad,game,0.01621781818181818,-0.01621781818181818
Sad,drop,0.016262363636363634,-0.016262363636363634
Sad,kursakan,0.016262363636363634,-0.016262363636363634
Sad,mindset,0.01668690909090909,-0.01668690909090909
Sad,doppin,0.016977363636363638,-0.016977363636363638
Sad,finess,0.016977363636363638,-0.016977363636363638
Sad,النine,0.016977363636363638,-0.016977363636363638
Sad,wooo,0.016977363636363638,-0.016977363636363638
Sad,eroh,0.016977363636363638,-0.016977363636363638
Sad,yosua,0.016977363636363638,-0.016977363636363638
Sad,dzięki,0.016977363636363638,-0.016977363636363638
Sad,ai,0.01732681818181818,-0.01732681818181818
Sad,detail,0.017595909090909093,-0.017595909090909093
Sad,7,0.017899454545454548,-0.017899454545454548
Sad,terakhir,0.018939272727272725,-0.018939272727272725
Sad,you,0.019641,-0.019641
Sad,mantap,0.02079809090909091,-0.02079809090909091
Sad,dikasih,0.022326181818181818,-0.022326181818181818
Sad,kilo,0.02344309090909091,-0.02344309090909091
Sad,thank,0.02411809090909091,-0.02411809090909091
Sad,glory,0.029666,-0.029666
Sad,ujan,0.030450909090909088,-0.030450909090909088
Surprise,mobil,0.003975727272727273,0.021205272727272725
Surprise,oh,0.0,0.020127
Surprise,adalah,0.003497,0.018321
Surprise,cuma,0.0,0.012896
Surprise,coba,0.0,0.012781
Surprise,2,0.001252090909090909,0.01268690909090909
Surprise,1,0.0,0.012362
Surprise,baru,0.0,0.012227
Surprise,sampai,0.0014158181818181817,0.01182318181818182
Surprise,punya,0.0026812727272727275,0.011140727272727271
Surprise,satu,0.003668909090909091,0.00990109090909091
Surprise,gua,0.0011804545454545453,0.009847545454545454
Surprise,warna,0.002117545454545455,0.009294454545454545
Surprise,up,0.0012943636363636362,0.009131636363636363
Surprise,3,0.0029827272727272727,0.009119272727272728
Surprise,gini,0.004418545454545454,0.009070454545454545
Surprise,bukan,0.0030349090909090907,0.00883409090909091
Surprise,kulit,0.008039000000000001,0.008822999999999998
Surprise,enak,0.0012217272727272728,0.008768272727272729
Surprise,kasih,0.0043469090909090905,0.008679090909090909
Surprise,nah,0.005722090909090909,0.00826490909090909
Surprise,ikan,0.004573636363636364,0.008068363636363637
Surprise,banyak,0.005961181818181818,0.0077178181818181825
Surprise,sini,0.005442727272727273,0.0074852727272727276
Surprise,i,0.0033896363636363638,0.007335363636363636
Surprise,suka,0.00678909090909091,0.005844909090909089
Surprise,oke,0.008070727272727273,0.0037392727272727265
Surprise,bener,0.007557363636363637,0.003443636363636363
Surprise,langsung,0.010392,0.0018130000000000004
Surprise,kalian,0.015289363636363636,0.001136636363636364
Surprise,otot,0.0011137272727272725,-0.0011137272727272725
Surprise,sunscreen,0.0011667272727272726,-0.0011667272727272726
Surprise,warnanya,0.0011906363636363636,-0.0011906363636363636
Surprise,olaraga,0.0011967272727272727,-0.0011967272727272727
Surprise,nama,0.0011972727272727272,-0.0011972727272727272
Surprise,waktu,0.0012502727272727273,-0.0012502727272727273
Surprise,perunggu,0.0012851818181818181,-0.0012851818181818181
Surprise,selamat,0.0012947272727272727,-0.0012947272727272727
Surprise,kuyup,0.0012952727272727274,-0.0012952727272727274
Surprise,kaki,0.0013045454545454547,-0.0013045454545454547
Surprise,ayo,0.0013210909090909091,-0.0013210909090909091
Surprise,olahraga,0.0013225454545454545,-0.0013225454545454545
Surprise,allah,0.0013472727272727273,-0.0013472727272727273
Surprise,lux,0.0013831818181818181,-0.0013831818181818181
Surprise,azik,0.001387181818181818,-0.001387181818181818
Surprise,bagian,0.0013950909090909092,-0.0013950909090909092
Surprise,kali,0.0014117272727272726,-0.0014117272727272726
Surprise,betul,0.0014899999999999998,-0.0014899999999999998
Surprise,stress,0.0015164545454545457,-0.0015164545454545457
Surprise,fit,0.0015352727272727274,-0.0015352727272727274
Surprise,skin,0.0015699090909090908,-0.0015699090909090908
Surprise,lawan,0.0015926363636363636,-0.0015926363636363636
Surprise,kaya,0.0016090909090909092,-0.0016090909090909092
Surprise,oxford,0.001634181818181818,-0.001634181818181818
Surprise,berapa,0.0016403636363636364,-0.0016403636363636364
Surprise,gampang,0.001648090909090909,-0.001648090909090909
Surprise,tim,0.001670090909090909,-0.001670090909090909
Surprise,politik,0.0017587272727272727,-0.0017587272727272727
Surprise,minggir,0.0018676363636363636,-0.0018676363636363636
Surprise,kira,0.001942,-0.001942
Surprise,speed,0.0019659090909090906,-0.0019659090909090906
Surprise,teori,0.002001090909090909,-0.002001090909090909
Surprise,bagus,0.002092090909090909,-0.002092090909090909
Surprise,menang,0.0021004545454545455,-0.0021004545454545455
Surprise,agresif,0.002105181818181818,-0.002105181818181818
Surprise,keluar,0.002116636363636364,-0.002116636363636364
Surprise,kau,0.002138,-0.002138
Surprise,atasnya,0.0021406363636363637,-0.0021406363636363637
Surprise,olah,0.002174818181818182,-0.002174818181818182
Surprise,pilih,0.0022065454545454545,-0.0022065454545454545
Surprise,budiman,0.002233181818181818,-0.002233181818181818
Surprise,sekali,0.0022536363636363635,-0.0022536363636363635
Surprise,kemampuan,0.002256,-0.002256
Surprise,takut,0.0023696363636363637,-0.0023696363636363637
Surprise,donut,0.002404,-0.002404
Surprise,nyangkut,0.0024201818181818183,-0.0024201818181818183
Surprise,susah,0.0024449999999999997,-0.0024449999999999997
Surprise,atlet,0.002462,-0.002462
Surprise,bicara,0.0024710909090909093,-0.0024710909090909093
Surprise,jantung,0.0024714545454545453,-0.0024714545454545453
Surprise,bitcoin,0.002472636363636364,-0.002472636363636364
Surprise,masalah,0.0025,-0.0025
Surprise,koroktor,0.0025033636363636365,-0.0025033636363636365
Surprise,jawa,0.002645454545454546,-0.002645454545454546
Surprise,semua,0.0027983636363636366,-0.0027983636363636366
Surprise,pasar,0.0028190909090909087,-0.0028190909090909087
Surprise,rian,0.0029231818181818183,-0.0029231818181818183
Surprise,wanita,0.002945818181818182,-0.002945818181818182
Surprise,jangan,0.0029615454545454546,-0.0029615454545454546
Surprise,benar,0.0030268181818181817,-0.0030268181818181817
Surprise,kb,0.0030623636363636365,-0.0030623636363636365
Surprise,lihat,0.0030920909090909094,-0.0030920909090909094
Surprise,hati,0.0031146363636363637,-0.0031146363636363637
Surprise,cewek,0.0031502727272727277,-0.0031502727272727277
Surprise,terangkono,0.0033498181818181817,-0.0033498181818181817
Surprise,safat,0.0034449999999999997,-0.0034449999999999997
Surprise,naik,0.0034739999999999997,-0.0034739999999999997
Surprise,like,0.0034913636363636366,-0.0034913636363636366
Surprise,workout,0.0035453636363636364,-0.0035453636363636364
Surprise,headnya,0.003546909090909091,-0.003546909090909091
Surprise,terima,0.003656636363636363,-0.003656636363636363
Surprise,paddle,0.0037752727272727274,-0.0037752727272727274
Surprise,anduk,0.0037752727272727274,-0.0037752727272727274
Surprise,hari,0.0037769090909090908,-0.0037769090909090908
Surprise,memiliki,0.0038290909090909087,-0.0038290909090909087
Surprise,beli,0.003912727272727273,-0.003912727272727273
Surprise,triangle,0.003926545454545454,-0.003926545454545454
Surprise,mam,0.003956181818181818,-0.003956181818181818
Surprise,kemaren,0.003958545454545454,-0.003958545454545454
Surprise,retinal,0.003985272727272727,-0.003985272727272727
Surprise,menyerupai,0.003985272727272727,-0.003985272727272727
Surprise,muka,0.003991454545454545,-0.003991454545454545
Surprise,asupan,0.004008363636363636,-0.004008363636363636
Surprise,mangsa,0.004017454545454545,-0.004017454545454545
Surprise,space,0.0040265454545454545,-0.0040265454545454545
Surprise,kehamilan,0.004048090909090909,-0.004048090909090909
Surprise,airnya,0.004084090909090909,-0.004084090909090909
Surprise,cakup,0.004168,-0.004168
Surprise,jika,0.004174909090909091,-0.004174909090909091
Surprise,laser,0.004241272727272727,-0.004241272727272727
Surprise,s,0.0042794545454545455,-0.0042794545454545455
Surprise,tulkit,0.004320727272727273,-0.004320727272727273
Surprise,otak,0.004379,-0.004379
Surprise,shower,0.004443727272727273,-0.004443727272727273
Surprise,aliran,0.004468181818181818,-0.004468181818181818
Surprise,turun,0.004492545454545454,-0.004492545454545454
Surprise,perut,0.004495090909090909,-0.004495090909090909
Surprise,air,0.004495545454545454,-0.004495545454545454
Surprise,gula,0.0045221818181818176,-0.0045221818181818176
Surprise,pusar,0.004660090909090909,-0.004660090909090909
Surprise,jalan,0.0047061818181818186,-0.0047061818181818186
Surprise,sebenarnya,0.004728545454545454,-0.004728545454545454
Surprise,shade,0.004748181818181818,-0.004748181818181818
Surprise,gajah,0.004755272727272727,-0.004755272727272727
Surprise,filter,0.004944636363636364,-0.004944636363636364
Surprise,patuk,0.005033636363636364,-0.005033636363636364
Surprise,bersiap,0.005072545454545455,-0.005072545454545455
Surprise,indonesia,0.005153,-0.005153
Surprise,n,0.005199909090909091,-0.005199909090909091
Surprise,hamil,0.005254727272727273,-0.005254727272727273
Surprise,beban,0.005439909090909092,-0.005439909090909092
Surprise,warda,0.005726909090909091,-0.005726909090909091
Surprise,nutrisi,0.005736727272727272,-0.005736727272727272
Surprise,bawa,0.005987272727272727,-0.005987272727272727
Surprise,speedy,0.006216727272727273,-0.006216727272727273
Surprise,liposom,0.0063620000000000005,-0.0063620000000000005
Surprise,mums,0.006362181818181819,-0.006362181818181819
Surprise,hah,0.006625818181818182,-0.006625818181818182
Surprise,teman,0.007084636363636363,-0.007084636363636363
Surprise,asbak,0.007159272727272728,-0.007159272727272728
Surprise,rasa,0.007208363636363637,-0.007208363636363637
Surprise,minuman,0.007559272727272728,-0.007559272727272728
Surprise,mungkin,0.007560636363636364,-0.007560636363636364
Surprise,jakarta,0.007724454545454546,-0.007724454545454546
Surprise,mual,0.007796363636363637,-0.007796363636363637
Surprise,sekuriti,0.008131181818181817,-0.008131181818181817
Surprise,interactif,0.008131181818181817,-0.008131181818181817
Surprise,penggantian,0.008131181818181817,-0.008131181818181817
Surprise,pengekatan,0.008131181818181817,-0.008131181818181817
Surprise,maksimum,0.008131181818181817,-0.008131181818181817
Surprise,saham,0.008487272727272727,-0.008487272727272727
Surprise,tahu,0.008600727272727272,-0.008600727272727272
Surprise,and,0.00861909090909091,-0.00861909090909091
Surprise,agak,0.008647090909090908,-0.008647090909090908
Surprise,menarik,0.008671181818181817,-0.008671181818181817
Surprise,rambut,0.008785636363636364,-0.008785636363636364
Surprise,pertama,0.008837272727272728,-0.008837272727272728
Surprise,sekitar,0.009602636363636364,-0.009602636363636364
Surprise,kamera,0.009961090909090909,-0.009961090909090909
Surprise,selesai,0.009969636363636363,-0.009969636363636363
Surprise,anak,0.010465818181818182,-0.010465818181818182
Surprise,minggu,0.010494454545454545,-0.010494454545454545
Surprise,aktivitas,0.010839,-0.010839
Surprise,kejutan,0.011108363636363637,-0.011108363636363637
Surprise,info,0.01155118181818182,-0.01155118181818182
Surprise,pergi,0.011721545454545455,-0.011721545454545455
Surprise,android,0.011730636363636365,-0.011730636363636365
Surprise,cover,0.011730636363636365,-0.011730636363636365
Surprise,lalu,0.011807454545454545,-0.011807454545454545
Surprise,john,0.011884636363636365,-0.011884636363636365
Surprise,misalnya,0.011922727272727272,-0.011922727272727272
Surprise,update,0.011924454545454545,-0.011924454545454545
Surprise,performa,0.011924454545454545,-0.011924454545454545
Surprise,18,0.012246363636363637,-0.012246363636363637
Surprise,dimensi,0.012620909090909092,-0.012620909090909092
Surprise,lari,0.012668636363636365,-0.012668636363636365
Surprise,k,0.012909454545454545,-0.012909454545454545
Surprise,long,0.012909454545454545,-0.012909454545454545
Surprise,run,0.013473454545454545,-0.013473454545454545
Surprise,drag,0.014044000000000001,-0.014044000000000001
Surprise,tahun,0.014201181818181818,-0.014201181818181818
Surprise,eraser,0.014584272727272725,-0.014584272727272725
Surprise,layar,0.014941636363636364,-0.014941636363636364
Surprise,mindset,0.015017727272727271,-0.015017727272727271
Surprise,wa,0.015280727272727272,-0.015280727272727272
Surprise,fold,0.015280727272727272,-0.015280727272727272
Surprise,nemenin,0.015952545454545455,-0.015952545454545455
Surprise,game,0.01621781818181818,-0.01621781818181818
Surprise,kursakan,0.016262363636363634,-0.016262363636363634
Surprise,drop,0.016262363636363634,-0.016262363636363634
Surprise,doppin,0.016977363636363638,-0.016977363636363638
Surprise,finess,0.016977363636363638,-0.016977363636363638
Surprise,النine,0.016977363636363638,-0.016977363636363638
Surprise,wooo,0.016977363636363638,-0.016977363636363638
Surprise,eroh,0.016977363636363638,-0.016977363636363638
Surprise,yosua,0.016977363636363638,-0.016977363636363638
Surprise,dzięki,0.016977363636363638,-0.016977363636363638
Surprise,ai,0.01732681818181818,-0.01732681818181818
Surprise,detail,0.017595909090909093,-0.017595909090909093
Surprise,7,0.017899454545454548,-0.017899454545454548
Surprise,terakhir,0.018939272727272725,-0.018939272727272725
Surprise,you,0.019641,-0.019641
Surprise,mantap,0.02079809090909091,-0.02079809090909091
Surprise,dikasih,0.022326181818181818,-0.022326181818181818
Surprise,kilo,0.02344309090909091,-0.02344309090909091
Surprise,thank,0.02411809090909091,-0.02411809090909091
Surprise,glory,0.029666,-0.029666
Surprise,ujan,0.030450909090909088,-0.030450909090909088
Trust,kalian,0.012483727272727273,0.030287272727272732
Trust,benar,0.0012354545454545452,0.018469545454545454
Trust,skin,0.0,0.017269
Trust,kali,0.0,0.015529
Trust,mindset,0.012476999999999999,0.015471000000000002
Trust,kulit,0.006856,0.014918
Trust,allah,0.0,0.01482
Trust,rasa,0.005375,0.014792000000000001
Trust,olahraga,0.0,0.014548
Trust,waktu,0.0,0.013753
Trust,3,0.0036264545454545456,0.013496545454545454
Trust,adalah,0.005749272727272728,0.013111727272727271
Trust,aktivitas,0.008867363636363637,0.012820636363636362
Trust,up,0.0018956363636363634,0.012342363636363637
Trust,gini,0.005302090909090909,0.011956909090909091
Trust,satu,0.004651090909090909,0.01168490909090909
Trust,kejutan,0.009245818181818181,0.011242181818181818
Trust,2,0.0025343636363636362,0.011238636363636364
Trust,hari,0.002536272727272727,0.011110727272727272
Trust,terima,0.002454181818181818,0.010772818181818182
Trust,sebenarnya,0.0034520909090909086,0.010588909090909092
Trust,kasih,0.005315999999999999,0.010076000000000002
Trust,teman,0.0057206363636363635,0.009283363636363636
Trust,indonesia,0.003997636363636364,0.008711363636363635
Trust,banyak,0.007022454545454546,0.008661545454545453
Trust,jakarta,0.006471454545454545,0.007311545454545455
Trust,nah,0.006989181818181819,0.007046818181818181
Trust,mobil,0.0074147272727272725,0.005118272727272728
Trust,oke,0.008973181818181818,0.004719818181818183
Trust,langsung,0.011397545454545454,0.0019514545454545461
Trust,otot,0.0011137272727272727,-0.0011137272727272727
Trust,sunscreen,0.0011667272727272726,-0.0011667272727272726
Trust,warnanya,0.0011906363636363636,-0.0011906363636363636
Trust,olaraga,0.0011967272727272727,-0.0011967272727272727
Trust,nama,0.0011972727272727272,-0.0011972727272727272
Trust,perunggu,0.0012851818181818181,-0.0012851818181818181
Trust,selamat,0.0012947272727272727,-0.0012947272727272727
Trust,kuyup,0.0012952727272727274,-0.0012952727272727274
Trust,kaki,0.0013045454545454547,-0.0013045454545454547
Trust,ayo,0.0013210909090909091,-0.0013210909090909091
Trust,lux,0.0013831818181818181,-0.0013831818181818181
Trust,azik,0.001387181818181818,-0.001387181818181818
Trust,bagian,0.0013950909090909092,-0.0013950909090909092
Trust,betul,0.0014899999999999998,-0.0014899999999999998
Trust,stress,0.0015164545454545457,-0.0015164545454545457
Trust,fit,0.0015352727272727274,-0.0015352727272727274
Trust,lawan,0.0015926363636363636,-0.0015926363636363636
Trust,kaya,0.0016090909090909092,-0.0016090909090909092
Trust,oxford,0.001634181818181818,-0.001634181818181818
Trust,berapa,0.0016403636363636364,-0.0016403636363636364
Trust,gampang,0.001648090909090909,-0.001648090909090909
Trust,tim,0.001670090909090909,-0.001670090909090909
Trust,politik,0.0017587272727272727,-0.0017587272727272727
Trust,minggir,0.0018676363636363636,-0.0018676363636363636
Trust,anduk,0.0018876363636363637,-0.0018876363636363637
Trust,paddle,0.0018876363636363637,-0.0018876363636363637
Trust,kira,0.001942,-0.001942
Trust,beli,0.0019563636363636363,-0.0019563636363636363
Trust,speed,0.0019659090909090906,-0.0019659090909090906
Trust,mam,0.001978090909090909,-0.001978090909090909
Trust,kemaren,0.001979272727272727,-0.001979272727272727
Trust,muka,0.0019957272727272727,-0.0019957272727272727
Trust,teori,0.002001090909090909,-0.002001090909090909
Trust,asupan,0.002004181818181818,-0.002004181818181818
Trust,mangsa,0.0020087272727272727,-0.0020087272727272727
Trust,cakup,0.002084,-0.002084
Trust,bagus,0.002092090909090909,-0.002092090909090909
Trust,menang,0.0021004545454545455,-0.0021004545454545455
Trust,agresif,0.002105181818181818,-0.002105181818181818
Trust,keluar,0.002116636363636364,-0.002116636363636364
Trust,kau,0.002138,-0.002138
Trust,atasnya,0.0021406363636363637,-0.0021406363636363637
Trust,tulkit,0.0021603636363636365,-0.0021603636363636365
Trust,olah,0.002174818181818182,-0.002174818181818182
Trust,pilih,0.0022065454545454545,-0.0022065454545454545
Trust,baru,0.002223090909090909,-0.002223090909090909
Trust,budiman,0.002233181818181818,-0.002233181818181818
Trust,aliran,0.002234090909090909,-0.002234090909090909
Trust,perut,0.0022475454545454548,-0.0022475454545454548
Trust,1,0.0022476363636363635,-0.0022476363636363635
Trust,sekali,0.0022536363636363635,-0.0022536363636363635
Trust,kemampuan,0.002256,-0.002256
Trust,gula,0.0022610909090909088,-0.0022610909090909088
Trust,coba,0.002323818181818182,-0.002323818181818182
Trust,cuma,0.0023447272727272726,-0.0023447272727272726
Trust,takut,0.0023696363636363637,-0.0023696363636363637
Trust,shade,0.002374090909090909,-0.002374090909090909
Trust,gajah,0.0023776363636363635,-0.0023776363636363635
Trust,donut,0.002404,-0.002404
Trust,nyangkut,0.0024201818181818183,-0.0024201818181818183
Trust,susah,0.0024449999999999997,-0.0024449999999999997
Trust,atlet,0.002462,-0.002462
Trust,bicara,0.0024710909090909093,-0.0024710909090909093
Trust,jantung,0.0024714545454545453,-0.0024714545454545453
Trust,bitcoin,0.002472636363636364,-0.002472636363636364
Trust,masalah,0.0025,-0.0025
Trust,koroktor,0.0025033636363636365,-0.0025033636363636365
Trust,patuk,0.002516818181818182,-0.002516818181818182
Trust,bersiap,0.0025362727272727273,-0.0025362727272727273
Trust,jawa,0.002645454545454546,-0.002645454545454546
Trust,semua,0.0027983636363636366,-0.0027983636363636366
Trust,pasar,0.0028190909090909087,-0.0028190909090909087
Trust,warda,0.0028634545454545453,-0.0028634545454545453
Trust,nutrisi,0.002868363636363636,-0.002868363636363636
Trust,rian,0.0029231818181818183,-0.0029231818181818183
Trust,wanita,0.002945818181818182,-0.002945818181818182
Trust,jangan,0.0029615454545454546,-0.0029615454545454546
Trust,bawa,0.0029936363636363637,-0.0029936363636363637
Trust,enak,0.0030380909090909096,-0.0030380909090909096
Trust,kb,0.0030623636363636365,-0.0030623636363636365
Trust,lihat,0.0030920909090909094,-0.0030920909090909094
Trust,hati,0.0031146363636363637,-0.0031146363636363637
Trust,cewek,0.0031502727272727277,-0.0031502727272727277
Trust,gua,0.003185545454545455,-0.003185545454545455
Trust,hah,0.003312909090909091,-0.003312909090909091
Trust,terangkono,0.0033498181818181817,-0.0033498181818181817
Trust,safat,0.0034449999999999997,-0.0034449999999999997
Trust,naik,0.0034739999999999997,-0.0034739999999999997
Trust,like,0.0034913636363636366,-0.0034913636363636366
Trust,workout,0.0035453636363636364,-0.0035453636363636364
Trust,headnya,0.003546909090909091,-0.003546909090909091
Trust,asbak,0.003579636363636364,-0.003579636363636364
Trust,oh,0.003659454545454545,-0.003659454545454545
Trust,minuman,0.003779636363636364,-0.003779636363636364
Trust,sampai,0.003822909090909091,-0.003822909090909091
Trust,memiliki,0.0038290909090909087,-0.0038290909090909087
Trust,triangle,0.003926545454545454,-0.003926545454545454
Trust,menyerupai,0.003985272727272727,-0.003985272727272727
Trust,retinal,0.003985272727272727,-0.003985272727272727
Trust,space,0.0040265454545454545,-0.0040265454545454545
Trust,kehamilan,0.004048090909090909,-0.004048090909090909
Trust,airnya,0.004084090909090909,-0.004084090909090909
Trust,jika,0.004174909090909091,-0.004174909090909091
Trust,warna,0.004192454545454545,-0.004192454545454545
Trust,laser,0.004241272727272727,-0.004241272727272727
Trust,s,0.0042794545454545455,-0.0042794545454545455
Trust,otak,0.004379,-0.004379
Trust,rambut,0.004392818181818182,-0.004392818181818182
Trust,shower,0.004443727272727273,-0.004443727272727273
Trust,turun,0.004492545454545454,-0.004492545454545454
Trust,air,0.004495545454545454,-0.004495545454545454
Trust,ikan,0.0045853636363636366,-0.0045853636363636366
Trust,pusar,0.004660090909090909,-0.004660090909090909
Trust,jalan,0.0047061818181818186,-0.0047061818181818186
Trust,filter,0.004944636363636364,-0.004944636363636364
Trust,sini,0.005071909090909091,-0.005071909090909091
Trust,bukan,0.00519290909090909,-0.00519290909090909
Trust,punya,0.005194363636363636,-0.005194363636363636
Trust,n,0.005199909090909091,-0.005199909090909091
Trust,anak,0.005232909090909092,-0.005232909090909092
Trust,hamil,0.005254727272727273,-0.005254727272727273
Trust,i,0.005339636363636363,-0.005339636363636363
Trust,beban,0.005439909090909092,-0.005439909090909092
Trust,speedy,0.006216727272727273,-0.006216727272727273
Trust,liposom,0.0063620000000000005,-0.0063620000000000005
Trust,mums,0.006362181818181819,-0.006362181818181819
Trust,suka,0.006578818181818182,-0.006578818181818182
Trust,mungkin,0.007560636363636364,-0.007560636363636364
Trust,mual,0.007796363636363637,-0.007796363636363637
Trust,sekuriti,0.008131181818181817,-0.008131181818181817
Trust,pengekatan,0.008131181818181817,-0.008131181818181817
Trust,penggantian,0.008131181818181817,-0.008131181818181817
Trust,maksimum,0.008131181818181817,-0.008131181818181817
Trust,interactif,0.008131181818181817,-0.008131181818181817
Trust,saham,0.008487272727272727,-0.008487272727272727
Trust,tahu,0.008600727272727272,-0.008600727272727272
Trust,and,0.00861909090909091,-0.00861909090909091
Trust,agak,0.008647090909090908,-0.008647090909090908
Trust,menarik,0.008671181818181817,-0.008671181818181817
Trust,pertama,0.008837272727272728,-0.008837272727272728
Trust,bener,0.009557545454545456,-0.009557545454545456
Trust,sekitar,0.009602636363636364,-0.009602636363636364
Trust,kamera,0.009961090909090909,-0.009961090909090909
Trust,selesai,0.009969636363636363,-0.009969636363636363
Trust,minggu,0.010494454545454545,-0.010494454545454545
Trust,info,0.01155118181818182,-0.01155118181818182
Trust,pergi,0.011721545454545455,-0.011721545454545455
Trust,cover,0.011730636363636365,-0.011730636363636365
Trust,android,0.011730636363636365,-0.011730636363636365
Trust,lalu,0.011807454545454545,-0.011807454545454545
Trust,john,0.011884636363636365,-0.011884636363636365
Trust,misalnya,0.011922727272727272,-0.011922727272727272
Trust,performa,0.011924454545454545,-0.011924454545454545
Trust,update,0.011924454545454545,-0.011924454545454545
Trust,18,0.012246363636363637,-0.012246363636363637
Trust,dimensi,0.012620909090909092,-0.012620909090909092
Trust,lari,0.012668636363636365,-0.012668636363636365
Trust,long,0.012909454545454545,-0.012909454545454545
Trust,k,0.012909454545454545,-0.012909454545454545
Trust,run,0.013473454545454545,-0.013473454545454545
Trust,drag,0.014044000000000001,-0.014044000000000001
Trust,tahun,0.014201181818181818,-0.014201181818181818
Trust,eraser,0.014584272727272725,-0.014584272727272725
Trust,layar,0.014941636363636364,-0.014941636363636364
Trust,wa,0.015280727272727272,-0.015280727272727272
Trust,fold,0.015280727272727272,-0.015280727272727272
Trust,nemenin,0.015952545454545455,-0.015952545454545455
Trust,game,0.01621781818181818,-0.01621781818181818
Trust,kursakan,0.016262363636363634,-0.016262363636363634
Trust,drop,0.016262363636363634,-0.016262363636363634
Trust,doppin,0.016977363636363638,-0.016977363636363638
Trust,finess,0.016977363636363638,-0.016977363636363638
Trust,النine,0.016977363636363638,-0.016977363636363638
Trust,wooo,0.016977363636363638,-0.016977363636363638
Trust,eroh,0.016977363636363638,-0.016977363636363638
Trust,yosua,0.016977363636363638,-0.016977363636363638
Trust,dzięki,0.016977363636363638,-0.016977363636363638
Trust,ai,0.01732681818181818,-0.01732681818181818
Trust,detail,0.017595909090909093,-0.017595909090909093
Trust,7,0.017899454545454548,-0.017899454545454548
Trust,terakhir,0.018939272727272725,-0.018939272727272725
Trust,you,0.019641,-0.019641
Trust,mantap,0.02079809090909091,-0.02079809090909091
Trust,dikasih,0.022326181818181818,-0.022326181818181818
Trust,kilo,0.02344309090909091,-0.02344309090909091
Trust,thank,0.02411809090909091,-0.02411809090909091
Trust,glory,0.029666,-0.029666
Trust,ujan,0.030450909090909088,-0.030450909090909088
